Name,Status,HierarchyPath
L05_Vertebra_male,Inactive,Skeleton_system/Back/MalORZe/L05_Vertebra_male
Promontory_lymph_node_male,Inactive,Lymphatic_system/Pelvis_and_Hip/OPQRSTMale/Promontory_lymph_node_male
Posterior_parietal_L,Inactive,Artery_system/Head_and_Neck/Posterior_parietal_L
Superficial_parotid_lymph_nodes_L,Inactive,Lymphatic_system/Head_and_Neck/Superficial_parotid_lymph_nodes_L
Anal_sphincter_internal_L,Active,Muscle_system/Pelvis_and_Hip/Common/Anal_sphincter_internal_L
Posterior_femoral_cutaneous_female_L,Inactive,Nervous_system/Pelvis_and_Hip/FemaUVWXYZle/Posterior_femoral_cutaneous_female_L
Postcentral_gyrus_R,Inactive,Nervous_system/Head_and_Neck/Common/brain/Cerebral_cortex/Right_cerebral_cortex/Right_parietal_lobe/Postcentral_gyrus_R
MHIJKale,Inactive,Nervous_system/Pelvis_and_Hip/Repetition_with_LLL/MHIJKale
Semimembranosus_male_R,Inactive,Muscle_system/Lower_Limb_R/Male/Semimembranosus_male_R
White_rami_communicantes_thoracic_region_R,Inactive,Nervous_system/Thorax/Common/White_rami_communicantes_thoracic_region_R
ABCDEFG2nd_Proximal_phalanx_hand_L,Inactive,Skeleton_system/Arm_L/ABCDEFG2nd_Proximal_phalanx_hand_L
Lumbrical_4th_L,Inactive,Muscle_system/Arm_L/Lumbrical_4th_L
Opponens_digiti_minimi_456foot789_R,Inactive,Muscle_system/Lower_Limb_R/Common/Opponens_digiti_minimi_456foot789_R
Cisterna_chyli_female,Inactive,Lymphatic_system/Abdomen/FemHIJKale/Cisterna_chyli_female
Posterior_hypothalamic_area_R,Inactive,Nervous_system/Head_and_Neck/Common/brain/Posterior_hypothalamic_area_R
T07_Dorsal_ramus_L,Inactive,Nervous_system/Back/Common/T07_Dorsal_ramus_L
MaABCDEFGle,Inactive,Nervous_system/Head_and_Neck/Repetition_with_Thorax/MaABCDEFGle
Body_of_sternum,Inactive,Skeleton_system/Thorax/Body_of_sternum
Interphalangeal_456proximal789_articular_capsules_of_the_hand_456PIP_joints789_L,Inactive,Ligament_system/Arm_L/Interphalangeal_456proximal789_articular_capsules_of_the_hand_456PIP_joints789_L
Female,Inactive,Artery_system/Lower_Limb_R/Female
C05_Ventral_root_L,Inactive,Nervous_system/Head_and_Neck/Common/C05_Ventral_root_L
Retromandibular_anterior_division_L,Inactive,Vein_system/Head_and_Neck/Retromandibular_anterior_division_L
ABCDEFG3rd_Middle_phalanx_hand_R,Inactive,Skeleton_system/Arm_R/ABCDEFG3rd_Middle_phalanx_hand_R
Superior_thyroid_L_A,Inactive,Artery_system/Head_and_Neck/Superior_thyroid_L_A
Lateral_cord_456C05246C07789_L,Inactive,Nervous_system/Thorax/Common/Lateral_cord_456C05246C07789_L
Levator_veli_palatini_R,Inactive,Muscle_system/Head_and_Neck/Levator_veli_palatini_R
Molar_first_14_L,Inactive,Skeleton_system/Head_and_Neck/Molar_first_14_L
Primary_capillary_plexus_R,Inactive,Vein_system/Head_and_Neck/Primary_capillary_plexus_R
Superior_transverse_scapular_ligament_456forms_suprascapular_foramen789_R,Inactive,Ligament_system/Arm_R/Superior_transverse_scapular_ligament_456forms_suprascapular_foramen789_R
Common,Inactive,Vein_system/Lower_Limb_L/Common
T11246T12_Intervertebral_discABCDEFG,Inactive,Skeleton_system/Back/Common/T11246T12_Intervertebral_discABCDEFG
Ethmoid,Inactive,Skeleton_system/Head_and_Neck/Ethmoid
T09_Dorsal_ramus_medial_branch_L,Inactive,Nervous_system/Back/Common/T09_Dorsal_ramus_medial_branch_L
Opponens_pollicis_L,Inactive,Muscle_system/Arm_L/Opponens_pollicis_L
Posterior_communicating_L,Inactive,Artery_system/Head_and_Neck/Posterior_communicating_L
C08_Dorsal_ramus_medial_branch_L,Inactive,Nervous_system/Head_and_Neck/Common/C08_Dorsal_ramus_medial_branch_L
Internal_carotid_plexus_R,Inactive,Nervous_system/Head_and_Neck/Common/Internal_carotid_plexus_R
Obturator_lymph_nodes_female_L,Inactive,Lymphatic_system/Pelvis_and_Hip/OPQRSTFemale/Obturator_lymph_nodes_female_L
Palmar_radiocarpal_ligament_radiotriquetral_part_R,Inactive,Ligament_system/Arm_R/Palmar_radiocarpal_ligament_radiotriquetral_part_R
Stylopharyngeus_R,Inactive,Muscle_system/Head_and_Neck/Stylopharyngeus_R
CN_05_456V789_Lingual_R,Inactive,Nervous_system/Head_and_Neck/Common/CN_05_456V789_Lingual_R
Adductor_brevis_female_L,Inactive,Muscle_system/Lower_Limb_L/Female/Adductor_brevis_female_L
Left_atrium,Inactive,Artery_system/Thorax/heart/Left_atrium
Thyrocervical_trunk_R,Inactive,Artery_system/Thorax/Thyrocervical_trunk_R
Zygomatic_L,Inactive,Nervous_system/Head_and_Neck/Common/Zygomatic_L
Right_gastric_A,Inactive,Artery_system/Abdomen/Common/Right_gastric_A
Superior_gluteal_female_L_A,Active,Artery_system/Pelvis_and_Hip/Female/Superior_gluteal_female_L_A
T06_Dorsal_root_L,Inactive,Nervous_system/Back/Common/T06_Dorsal_root_L
T03_Ventral_root_L,Inactive,Nervous_system/Back/Common/T03_Ventral_root_L
Conus_medullaris,Inactive,Nervous_system/Back/Common/Conus_medullaris
T06_Vertebra,Inactive,Skeleton_system/Thorax/Repetition_with_Back/T06_Vertebra
Lesser_palatine_R,Inactive,Nervous_system/Head_and_Neck/Common/Lesser_palatine_R
S05_Dorsal_root_female_R,Inactive,Nervous_system/Pelvis_and_Hip/FemaUVWXYZle/S05_Dorsal_root_female_R
Palatine_L,Inactive,Skeleton_system/Head_and_Neck/Palatine_L
Male,Inactive,Muscle_system/Lower_Limb_L/Male
Ulnar_L_V,Inactive,Vein_system/Arm_L/Ulnar_L_V
Iliacus_female_R,Active,Muscle_system/Abdomen/Female/Iliacus_female_R
Circumflex_humeral_anterior_R_V,Inactive,Vein_system/Arm_R/Circumflex_humeral_anterior_R_V
Tendinous_arch_female_L,Inactive,Ligament_system/Pelvis_and_Hip/Female/Tendinous_arch_female_L
Gonadal_456testicular_internal_spermatic789_female_L_AABCDEFG,Active,Artery_system/Pelvis_and_Hip/Female/Gonadal_456testicular_internal_spermatic789_female_L_AABCDEFG
Subacromial_bursa_L,Inactive,Muscle_system/Arm_L/Subacromial_bursa_L
External_auditory_acoustic_meatus_L,Inactive,Skeleton_system/Head_and_Neck/External_auditory_acoustic_meatus_L
Inferior_hypogastric_plexus_R,Inactive,Nervous_system/Abdomen/Repetition_with_PelvisHip/Common/Inferior_hypogastric_plexus_R
Flexor_digiti_minimi_brevis_456hand789_R,Inactive,Muscle_system/Arm_R/Flexor_digiti_minimi_brevis_456hand789_R
Back,Inactive,Muscle_system/Back
Superior_gemellus_male_L,Inactive,Muscle_system/Pelvis_and_Hip/Male/Superior_gemellus_male_L
Stylomastoid_foramen_R,Inactive,Skeleton_system/Head_and_Neck/Stylomastoid_foramen_R
Ischium_female_L,Active,Skeleton_system/Pelvis_and_Hip/Female/Ischium_female_L
Sacral_ganglion_female_R,Inactive,Nervous_system/Pelvis_and_Hip/FemaUVWXYZle/Sacral_ganglion_female_R
Coracohumeral_ligament_R,Inactive,Ligament_system/Arm_R/Coracohumeral_ligament_R
Brachial_R_A,Inactive,Artery_system/Arm_R/Brachial_R_A
S03_Dorsal_root_male_R,Inactive,Nervous_system/Pelvis_and_Hip/MaleUVWXYZ/S03_Dorsal_root_male_R
Medial_pectoral_456C08357T01789_L,Inactive,Nervous_system/Thorax/Common/Medial_pectoral_456C08357T01789_L
Repetition_with_Thorax,Inactive,Nervous_system/Head_and_Neck/Repetition_with_Thorax
Cephalic_R,Inactive,Vein_system/Arm_R/Cephalic_R
Anteromedial_frontal_branch_L,Inactive,Artery_system/Head_and_Neck/Anteromedial_frontal_branch_L
Middle_temporal_gyrus_L,Inactive,Nervous_system/Head_and_Neck/Common/brain/Cerebral_cortex/Left_cerebral_cortex/Left_temporal_lobe/Middle_temporal_gyrus_L
Tertiary_456segmental789_bronchus_456III789_L,Inactive,Respiratory_system/TABCDEFGhorax/Tertiary_456segmental789_bronchus_456III789_L
Parotid246auricular_lymph_vessel_R,Inactive,Lymphatic_system/Head_and_Neck/Parotid246auricular_lymph_vessel_R
Internal_pudendal_female_L_V,Inactive,Vein_system/Pelvis_and_Hip/Female/Internal_pudendal_female_L_V
Superior_orbital_fissure_R,Inactive,Skeleton_system/Head_and_Neck/Superior_orbital_fissure_R
Intercapitular_R,Inactive,Vein_system/Arm_R/Intercapitular_R
T05_Ventral_root_L,Inactive,Nervous_system/Back/Common/T05_Ventral_root_L
Prerectal_fibers_456part_of_levator_ani789_male_R,Inactive,Muscle_system/Pelvis_and_Hip/Male/Prerectal_fibers_456part_of_levator_ani789_male_R
Premolar_bicuspid_first_28_R,Inactive,Skeleton_system/Head_and_Neck/Premolar_bicuspid_first_28_R
Virchow2689s_node,Inactive,Lymphatic_system/Head_and_Neck/Virchow2689s_node
Superior_palpebral_venous_arch_L,Inactive,Vein_system/Head_and_Neck/Superior_palpebral_venous_arch_L
External_jugular_L,Inactive,Vein_system/Head_and_Neck/External_jugular_L
Dorsal_nasal_L,Inactive,Artery_system/Head_and_Neck/Dorsal_nasal_L
Dorsal_digital_hand_L_A,Inactive,Artery_system/Arm_L/Dorsal_digital_hand_L_A
Flexor_digitorum_longus_L,Inactive,Muscle_system/Lower_Limb_L/Common/Flexor_digitorum_longus_L
L04_Spinal_nerve_male_L,Inactive,Nervous_system/Pelvis_and_Hip/MaleUVWXYZ/L04_Spinal_nerve_male_L
T12_456subcostal789_Cutaneous_branches_anterior_male_LABCDEFG,Inactive,Nervous_system/Pelvis_and_Hip/MaleUVWXYZ/T12_456subcostal789_Cutaneous_branches_anterior_male_LABCDEFG
T01_Ventral_root_R,Inactive,Nervous_system/Back/Common/T01_Ventral_root_R
T09_Spinal_nerve_456ventral_ramus789_R,Inactive,Nervous_system/Thorax/Repetition_with_Abdomen/Common/T09_Spinal_nerve_456ventral_ramus789_R
Fibulopopliteal_bursa_L,Inactive,Muscle_system/Lower_Limb_L/Common/Fibulopopliteal_bursa_L
C03_Vertebra,Inactive,Skeleton_system/Head_and_Neck/C03_Vertebra
C07_Dorsal_ramus_medial_branch_R,Inactive,Nervous_system/Head_and_Neck/Common/C07_Dorsal_ramus_medial_branch_R
Posterior_scrotal_male_R,Inactive,Nervous_system/Pelvis_and_Hip/MaleUVWXYZ/Posterior_scrotal_male_R
Ethmoid_perpendicular_plate,Inactive,Skeleton_system/Head_and_Neck/Ethmoid_perpendicular_plate
Azygos_456vena_azygos789,Inactive,Vein_system/Thorax/Azygos_456vena_azygos789
External_carotid_L,Inactive,Artery_system/Head_and_Neck/External_carotid_L
Subdeltoid_bursa_R,Inactive,Muscle_system/Arm_R/Subdeltoid_bursa_R
External_oblique_female_R,Active,Muscle_system/Abdomen/Female/External_oblique_female_R
Psoas_minor_male_LABCDEFG,Inactive,Muscle_system/Pelvis_and_Hip/Male/Psoas_minor_male_LABCDEFG
Flexor_hallucis_longus_L,Inactive,Muscle_system/Lower_Limb_L/Common/Flexor_hallucis_longus_L
Sigmoid_sinus_R,Inactive,Vein_system/Head_and_Neck/Sigmoid_sinus_R
S01_Ventral_root_male_R,Inactive,Nervous_system/Pelvis_and_Hip/MaleUVWXYZ/S01_Ventral_root_male_R
L03_Ventral_root_L,Active,Nervous_system/Pelvis_and_Hip/Common/L03_Ventral_root_L
Ulnar_superficial_branch_L_A,Inactive,Artery_system/Arm_L/Ulnar_superficial_branch_L_A
Inferior_pharyngeal_constrictor_456thyropharyngeal_part789_R,Inactive,Muscle_system/Head_and_Neck/Inferior_pharyngeal_constrictor_456thyropharyngeal_part789_R
S02_Spinal_nerve_male_R,Inactive,Nervous_system/Pelvis_and_Hip/MaleUVWXYZ/S02_Spinal_nerve_male_R
FeSKRmale,Inactive,Ligament_system/Head_and_Neck/Repetition_with_Back/FeSKRmale
Procerus_L,Inactive,Muscle_system/Head_and_Neck/Procerus_L
Superior_cerebral_R,Inactive,Vein_system/Head_and_Neck/Superior_cerebral_R
L05_Spinal_nerve_female_L,Inactive,Nervous_system/Pelvis_and_Hip/FemaUVWXYZle/L05_Spinal_nerve_female_L
Superior_lateral_palpebral_R_V,Inactive,Vein_system/Head_and_Neck/Superior_lateral_palpebral_R_V
Branches_to_the_extrinsic_muscles_of_the_tongue_R,Inactive,Nervous_system/Head_and_Neck/Common/Branches_to_the_extrinsic_muscles_of_the_tongue_R
Tertiary_456segmental789_bronchus_456I789_R,Inactive,Respiratory_system/TABCDEFGhorax/Tertiary_456segmental789_bronchus_456I789_R
Gluteus_minimus_female_R,Active,Muscle_system/Pelvis_and_Hip/Female/Gluteus_minimus_female_R
Internal_iliac_anterior_trunk_male_L_V,Inactive,Vein_system/Pelvis_and_Hip/Male/Internal_iliac_anterior_trunk_male_L_V
Left_gastric_plexus,Inactive,Nervous_system/Thorax/Repetition_with_Abdomen/Common/Left_gastric_plexus
Papillary_muscle_anterior_R,Inactive,Artery_system/Thorax/heart/group10/Papillary_muscle_anterior_R
Primary_cartilaginous_rings_R,Inactive,Respiratory_system/TABCDEFGhorax/Primary_cartilaginous_rings_R
Coracohumeral_ligament_L,Inactive,Ligament_system/Arm_L/Coracohumeral_ligament_L
Testicular_plexus_R,Inactive,Nervous_system/Abdomen/Repetition_with_PelvisHip/MUVWXYZale/Testicular_plexus_R
FemHIJKale,Inactive,Lymphatic_system/Abdomen/FemHIJKale
Parietal_R,Inactive,Skeleton_system/Head_and_Neck/Parietal_R
Flexor_digiti_minimi_brevis_456foot789_L,Inactive,Muscle_system/Lower_Limb_L/Common/Flexor_digiti_minimi_brevis_456foot789_L
Superficial_inguinal_lymph_nodes_456horizontal_tract789_female_R,Inactive,Lymphatic_system/Pelvis_and_Hip/OPQRSTFemale/Superficial_inguinal_lymph_nodes_456horizontal_tract789_female_R
Lateral_cuneiform_R,Inactive,Skeleton_system/Lower_Limb_R/Common/Lateral_cuneiform_R
Circumflex_branch_of_left_coronary_artery,Inactive,Artery_system/Thorax/heart/Circumflex_branch_of_left_coronary_artery
T09246T10_Intervertebral_discABCDEFG,Inactive,Skeleton_system/Back/Common/T09246T10_Intervertebral_discABCDEFG
Internal_carotid_cavernous_part_R,Inactive,Artery_system/Head_and_Neck/Internal_carotid_cavernous_part_R
Tertiary_456segmental789_bronchus_456VIII789_R,Inactive,Respiratory_system/TABCDEFGhorax/Tertiary_456segmental789_bronchus_456VIII789_R
Rhomboideus_minor_L,Inactive,Muscle_system/Back/Common/Rhomboideus_minor_L
Scalene_middle_456scalenus_medius789_L,Inactive,Muscle_system/Head_and_Neck/Scalene_middle_456scalenus_medius789_L
Hypogastric_female_RABCDEFG,Inactive,Nervous_system/Pelvis_and_Hip/FemaUVWXYZle/Hypogastric_female_RABCDEFG
CN_05_456V789_Trigeminal_R,Inactive,Nervous_system/Head_and_Neck/Common/CN_05_456V789_Trigeminal_R
Eighth_rib_R,Inactive,Skeleton_system/Thorax/Eighth_rib_R
Rotatores_thoracis_breves_L,Inactive,Muscle_system/Back/Common/Rotatores_thoracis_breves_L
Frontal,Inactive,Skeleton_system/Head_and_Neck/Frontal
Superior_gluteal_male_R_V,Inactive,Vein_system/Pelvis_and_Hip/Male/Superior_gluteal_male_R_V
Styloglossus_L,Inactive,Muscle_system/Head_and_Neck/Styloglossus_L
Superficial_epigastric_male_R_A,Inactive,Artery_system/Abdomen/Repetition_with_PelvisHip/Male/Superficial_epigastric_male_R_A
Obliquus_capitis_superior_R,Inactive,Muscle_system/Head_and_Neck/Obliquus_capitis_superior_R
Gonadal_456testicular_internal_spermatic789_female_R_A,Inactive,Artery_system/Abdomen/Repetition_with_PelvisHip/Female/Gonadal_456testicular_internal_spermatic789_female_R_A
T04_Dorsal_ramus_R,Inactive,Nervous_system/Back/Common/T04_Dorsal_ramus_R
Inferior_labial_L_A,Inactive,Artery_system/Head_and_Neck/Inferior_labial_L_A
Triceps_456brachii789_medial_head_L,Inactive,Muscle_system/Arm_L/Triceps_456brachii789_medial_head_L
ABCDEFG3rd_Distal_phalanx_hand_L,Inactive,Skeleton_system/Arm_L/ABCDEFG3rd_Distal_phalanx_hand_L
Male,Inactive,Ligament_system/Pelvis_and_Hip/Male
Male,Inactive,Vein_system/Pelvis_and_Hip/Male
Supreme_intercostal_456highest789_R,Inactive,Artery_system/Thorax/Supreme_intercostal_456highest789_R
Superficial_circumflex_iliac_female_R_V,Inactive,Vein_system/Pelvis_and_Hip/Female/Superficial_circumflex_iliac_female_R_V
L04_Dorsal_ramus_lateral_branch_female_R,Inactive,Nervous_system/Pelvis_and_Hip/FemaUVWXYZle/L04_Dorsal_ramus_lateral_branch_female_R
Psoas_major_male_L,Inactive,Muscle_system/Abdomen/Repetition_with_Pelvis_and_Hip/MalZYXQPOe/Psoas_major_male_L
Globus_pallidus_lateralis_R,Inactive,Nervous_system/Head_and_Neck/Common/brain/Globus_pallidus_lateralis_R
Superficial_middle_cerebral_L,Inactive,Vein_system/Head_and_Neck/Superficial_middle_cerebral_L
Angular_gyrus_L,Inactive,Nervous_system/Head_and_Neck/Common/brain/Cerebral_cortex/Left_cerebral_cortex/Left_parietal_lobe/Angular_gyrus_L
Posterior_communicating_R,Inactive,Artery_system/Head_and_Neck/Posterior_communicating_R
C01_Spinal_nerve_456ventral_ramus789_L,Inactive,Nervous_system/Head_and_Neck/Common/C01_Spinal_nerve_456ventral_ramus789_L
Third_rib_L,Inactive,Skeleton_system/Thorax/Third_rib_L
Sartorius_male_L,Inactive,Muscle_system/Lower_Limb_L/Male/Sartorius_male_L
Anterior_vagal_trunkABCDEFG,Inactive,Nervous_system/Abdomen/Common/Anterior_vagal_trunkABCDEFG
Pelvis_and_Hip,Active,Reproductive_system/Pelvis_and_Hip
Male,Inactive,Skin_system/Abdomen/Male
Accessory_cephalic_R,Inactive,Vein_system/Arm_R/Accessory_cephalic_R
Triceps_456triceps_brachii789_long_head_L,Inactive,Muscle_system/Arm_L/Triceps_456triceps_brachii789_long_head_L
C05246C06_Intervertebral_disc,Inactive,Skeleton_system/Head_and_Neck/C05246C06_Intervertebral_disc
Inferior_cervical_456sympathetic789_cardiac_nerve_R,Inactive,Nervous_system/Thorax/Common/Inferior_cervical_456sympathetic789_cardiac_nerve_R
Stylomandibular_ligament_R,Inactive,Ligament_system/Head_and_Neck/Common/Stylomandibular_ligament_R
Mastoid_foramen_L,Inactive,Skeleton_system/Head_and_Neck/Mastoid_foramen_L
Epididymis_R,Inactive,Reproductive_system/Pelvis_and_Hip/Male/Epididymis_R
Superficial_fibular_456peroneal789_medial_dorsal_cutaneous_branch_L,Inactive,Nervous_system/Lower_Limb_L/Common/Superficial_fibular_456peroneal789_medial_dorsal_cutaneous_branch_L
L01_Dorsal_ramus_R,Active,Nervous_system/Pelvis_and_Hip/Common/L01_Dorsal_ramus_R
T04_Dorsal_ramus_medial_branch_L,Inactive,Nervous_system/Back/Common/T04_Dorsal_ramus_medial_branch_L
Back,Inactive,Vein_system/Back
group8,Inactive,Artery_system/Thorax/heart/group8
Lateral_sacral_female_R_A,Active,Artery_system/Pelvis_and_Hip/Female/Lateral_sacral_female_R_A
Female_skin_leg_upper_L,Active,Skin_system/Lower_Limb_L/Female/Female_skin_leg_upper_L
S01_Dorsal_root_ganglion_female_L,Inactive,Nervous_system/Pelvis_and_Hip/FemaUVWXYZle/S01_Dorsal_root_ganglion_female_L
Mitral_456bicuspid789_valve_posterolateral_456mural789_leaflet,Inactive,Artery_system/Thorax/heart/group5/Mitral_456bicuspid789_valve_posterolateral_456mural789_leaflet
Adductor_hallucis_456transverse_head789_L,Inactive,Muscle_system/Lower_Limb_L/Common/Adductor_hallucis_456transverse_head789_L
Common,Inactive,Ligament_system/Back/Common
Radiate_carpal_ligament_lunotriquetral_L,Inactive,Ligament_system/Arm_L/Radiate_carpal_ligament_lunotriquetral_L
Quadratus_femoris_female_L,Active,Muscle_system/Pelvis_and_Hip/Female/Quadratus_femoris_female_L
Suprahyoid_lymph_node_R,Inactive,Lymphatic_system/Head_and_Neck/Suprahyoid_lymph_node_R
Suprapatellar_bursa_R,Inactive,Muscle_system/Lower_Limb_R/Common/Suprapatellar_bursa_R
Larynx,Inactive,Respiratory_system/HABCDEFGead_and_Neck/Repetition_with_Thorax/Larynx
Inferior_hypogastric_plexus_L,Inactive,Nervous_system/Abdomen/Repetition_with_PelvisHip/Common/Inferior_hypogastric_plexus_L
T04_Spinal_nerve_456ventral_ramus789_R,Inactive,Nervous_system/Thorax/Common/T04_Spinal_nerve_456ventral_ramus789_R
Posterior_longitudinal_ligament_thoracic_region_maleABCDEFG,Inactive,Ligament_system/Back/Male/Posterior_longitudinal_ligament_thoracic_region_maleABCDEFG
C07_Dorsal_root_R,Inactive,Nervous_system/Head_and_Neck/Common/C07_Dorsal_root_R
Plantar_calcaneocuboid_456short_plantar789_ligament_L,Inactive,Ligament_system/Lower_Limb_L/Common/Plantar_calcaneocuboid_456short_plantar789_ligament_L
Mentalis_L,Inactive,Muscle_system/Head_and_Neck/Mentalis_L
ABCDEFG2nd_Proximal_phalanx_hand_R,Inactive,Skeleton_system/Arm_R/ABCDEFG2nd_Proximal_phalanx_hand_R
CN_07_456VII789_Zygomatic_R,Inactive,Nervous_system/Head_and_Neck/Common/CN_07_456VII789_Zygomatic_R
CN_10_456X789_Pharyngeal_branch_R,Inactive,Nervous_system/Head_and_Neck/Common/CN_10_456X789_Pharyngeal_branch_R
Abdomen,Inactive,Digestive_system/Abdomen
Lateral_456collateral789_ligament_456calcaneofibular_part789_R,Inactive,Ligament_system/Lower_Limb_R/Common/Lateral_456collateral789_ligament_456calcaneofibular_part789_R
Infraorbital_L_V,Inactive,Vein_system/Head_and_Neck/Infraorbital_L_V
Atlanto246occipital_capsule_L,Inactive,Ligament_system/Head_and_Neck/Common/Atlanto246occipital_capsule_L
Interthalamic_adhesion_R,Inactive,Nervous_system/Head_and_Neck/Common/brain/Interthalamic_adhesion_R
Hiatus_semilunaris,Inactive,Respiratory_system/HABCDEFGead_and_Neck/Hiatus_semilunaris
Branches_of_parasternal_lymph_vessels_male_R,Inactive,Lymphatic_system/Thorax/MaHIJKle/Branches_of_parasternal_lymph_vessels_male_R
Radial_L_A,Inactive,Artery_system/Arm_L/Radial_L_A
T03_Dorsal_root_ganglion_R,Inactive,Nervous_system/Back/Common/T03_Dorsal_root_ganglion_R
Head_and_Neck,Inactive,Nervous_system/Head_and_Neck
Ulnar_recurrent_R,Inactive,Artery_system/Arm_R/Ulnar_recurrent_R
Tibial_R,Inactive,Nervous_system/Lower_Limb_R/Common/Tibial_R
Puborectalis_456part_of_levator_ani789_male_R,Inactive,Muscle_system/Pelvis_and_Hip/Male/Puborectalis_456part_of_levator_ani789_male_R
Gray_rami_communicantes_cervical_region_male_RABCDEFG,Inactive,Nervous_system/Thorax/MalABCDEFGe/Gray_rami_communicantes_cervical_region_male_RABCDEFG
Lateral_456collateral789_ligament_456posterior_talofibular_part789_R,Inactive,Ligament_system/Lower_Limb_R/Common/Lateral_456collateral789_ligament_456posterior_talofibular_part789_R
Articular_capsule_456elbow789_R,Inactive,Ligament_system/Arm_R/Articular_capsule_456elbow789_R
Anococcygeal_ligament_male,Inactive,Muscle_system/Pelvis_and_Hip/Male/Anococcygeal_ligament_male
Hepatic_vein_R,Inactive,Vein_system/Abdomen/Common/Hepatic_vein_R
CN_07_456VII789_Cervical_R,Inactive,Nervous_system/Head_and_Neck/Common/CN_07_456VII789_Cervical_R
L05_Dorsal_ramus_medial_branch_L,Active,Nervous_system/Pelvis_and_Hip/Common/L05_Dorsal_ramus_medial_branch_L
T02_Vertebra,Inactive,Skeleton_system/Thorax/Repetition_with_Back/T02_Vertebra
T06_Spinal_nerve_456ventral_ramus789_L,Inactive,Nervous_system/Thorax/Repetition_with_Abdomen/Common/T06_Spinal_nerve_456ventral_ramus789_L
CN_05_456V789_Ophthalmic_branch_L,Inactive,Nervous_system/Head_and_Neck/Common/CN_05_456V789_Ophthalmic_branch_L
Pubocervical_fascia_female_L,Inactive,Ligament_system/Pelvis_and_Hip/Female/Pubocervical_fascia_female_L
Parathyroid_gland_inferior_R,Inactive,Endocrine_system/Head_and_Neck/Parathyroid_gland_inferior_R
Submental_L_A,Inactive,Artery_system/Head_and_Neck/Submental_L_A
Lateral_456upper_lateral_nasal789_cartilage_L,Inactive,Skeleton_system/Head_and_Neck/Lateral_456upper_lateral_nasal789_cartilage_L
Ganglion_impar_male,Inactive,Nervous_system/Abdomen/Repetition_with_PelvisHip/MUVWXYZale/Ganglion_impar_male
Common_palmar_digital_R_A,Inactive,Artery_system/Arm_R/Common_palmar_digital_R_A
Deep_infrapatellar_bursa_L,Inactive,Muscle_system/Lower_Limb_L/Common/Deep_infrapatellar_bursa_L
Common,Inactive,Lymphatic_system/Lower_Limb_L/Common
Ascending_cervical_R,Inactive,Artery_system/Head_and_Neck/Ascending_cervical_R
Head_and_Neck,Inactive,Vein_system/Head_and_Neck
Gonadal_456testicular_internal_spermatic789_female_L_VABCDEFG,Inactive,Vein_system/Pelvis_and_Hip/Female/Gonadal_456testicular_internal_spermatic789_female_L_VABCDEFG
Prostate_median_lobe,Inactive,Reproductive_system/Pelvis_and_Hip/Male/Prostate_median_lobe
Prefrontal_456pre246Rolandic789_L,Inactive,Artery_system/Head_and_Neck/Prefrontal_456pre246Rolandic789_L
Stylomandibular_ligament_L,Inactive,Ligament_system/Head_and_Neck/Common/Stylomandibular_ligament_L
Lateral_plantar_R_V,Inactive,Vein_system/Lower_Limb_R/Common/Lateral_plantar_R_V
Lateral_circumflex_femoral_descending_branch_L,Inactive,Artery_system/Lower_Limb_L/Common/Lateral_circumflex_femoral_descending_branch_L
T11_Dorsal_ramus_medial_branch_L,Inactive,Nervous_system/Back/Common/T11_Dorsal_ramus_medial_branch_L
Superficial_palmar_arch_R,Inactive,Artery_system/Arm_R/Superficial_palmar_arch_R
Prostatic_venous_plexus_R,Inactive,Vein_system/Pelvis_and_Hip/Male/Prostatic_venous_plexus_R
Radial_recurrent_R,Inactive,Artery_system/Arm_R/Radial_recurrent_R
Small_saphenous_L,Inactive,Vein_system/Lower_Limb_L/Common/Small_saphenous_L
Ulnar_collateral_ligament_R,Inactive,Ligament_system/Arm_R/Ulnar_collateral_ligament_R
Inferior_extensor_retinaculum_L,Inactive,Ligament_system/Lower_Limb_L/Common/Inferior_extensor_retinaculum_L
Inferior_vesical_female_L_V,Inactive,Vein_system/Pelvis_and_Hip/Female/Inferior_vesical_female_L_V
Inferior_petrosal_sinus_R,Inactive,Vein_system/Head_and_Neck/Inferior_petrosal_sinus_R
Gonadal_456testicular_internal_spermatic789_female_L_V,Inactive,Vein_system/Abdomen/Repetition_with_PelvisHip/FemaleDCBA/Gonadal_456testicular_internal_spermatic789_female_L_V
Sphenopalatine_R,Inactive,Artery_system/Head_and_Neck/Sphenopalatine_R
T11_Spinal_nerve_456ventral_ramus789_male_LABCDEFG,Inactive,Nervous_system/Abdomen/UVWXYZMale/T11_Spinal_nerve_456ventral_ramus789_male_LABCDEFG
Sympathetic_ganglion_thoracic_region_female_R,Inactive,Nervous_system/Thorax/FemABCDEFGale/Sympathetic_ganglion_thoracic_region_female_R
Salivary_456submandibular_submaxillary789_duct_L,Inactive,Digestive_system/Head_and_Neck/Salivary_456submandibular_submaxillary789_duct_L
Corpus_cavernosum_R,Inactive,Reproductive_system/Pelvis_and_Hip/Male/Corpus_cavernosum_R
Ethmoid_sinuses_middle_group456membranes789,Inactive,Respiratory_system/HABCDEFGead_and_Neck/Ethmoid_sinuses_middle_group456membranes789
Inferior_lobar_bronchus_R,Inactive,Respiratory_system/TABCDEFGhorax/Inferior_lobar_bronchus_R
Internal_oblique_female_L,Active,Muscle_system/Abdomen/Female/Internal_oblique_female_L
Deep_external_pudendal_456pudic789_male_R_V,Inactive,Vein_system/Pelvis_and_Hip/Male/Deep_external_pudendal_456pudic789_male_R_V
CN_05_456V789_Inferior_alveolar_R,Inactive,Nervous_system/Head_and_Neck/Common/CN_05_456V789_Inferior_alveolar_R
Subclavian_trunk_R,Inactive,Lymphatic_system/Arm_R/Subclavian_trunk_R
Nasalis_transverse_portion_L,Inactive,Muscle_system/Head_and_Neck/Nasalis_transverse_portion_L
Masseteric_L,Inactive,Artery_system/Head_and_Neck/Masseteric_L
Dorsal_metacarpal_ligaments_L,Inactive,Ligament_system/Arm_L/Dorsal_metacarpal_ligaments_L
Semitendinosus_male_L,Inactive,Muscle_system/Lower_Limb_L/Male/Semitendinosus_male_L
Thoracoacromial_acromial_branch_R,Inactive,Artery_system/Arm_R/Thoracoacromial_acromial_branch_R
Descending_genicular_L,Inactive,Artery_system/Lower_Limb_L/Common/Descending_genicular_L
Salivary_456parotid789_gland_L,Inactive,Digestive_system/Head_and_Neck/Salivary_456parotid789_gland_L
Adductor_magnus_female_L,Inactive,Muscle_system/Lower_Limb_L/Female/Adductor_magnus_female_L
Pectineus_R,Inactive,Muscle_system/Lower_Limb_R/Common/Pectineus_R
Deep_fibular_456peroneal789_L,Inactive,Nervous_system/Lower_Limb_L/Common/Deep_fibular_456peroneal789_L
Repetition_with_Back,Inactive,Ligament_system/Head_and_Neck/Repetition_with_Back
Superficial_inguinal_lymph_vessels_female_L,Inactive,Lymphatic_system/Pelvis_and_Hip/OPQRSTFemale/Superficial_inguinal_lymph_vessels_female_L
Vocalis_L,Inactive,Muscle_system/Head_and_Neck/Vocalis_L
Subcostal_456innermost_intercostal789_R,Active,Muscle_system/Thorax/Subcostal_456innermost_intercostal789_R
L01_Dorsal_ramus_L,Active,Nervous_system/Pelvis_and_Hip/Common/L01_Dorsal_ramus_L
Palmar_metacarpal_R_A,Inactive,Artery_system/Arm_R/Palmar_metacarpal_R_A
Median_lateral_root_R,Inactive,Nervous_system/Thorax/Common/Median_lateral_root_R
Mandibular_lymph_nodes_R,Inactive,Lymphatic_system/Head_and_Neck/Mandibular_lymph_nodes_R
Superior_clunial_456cluneal789_female_R,Inactive,Nervous_system/Pelvis_and_Hip/FemaUVWXYZle/Superior_clunial_456cluneal789_female_R
Pelvic_splanchnic_nerves_female_R,Inactive,Nervous_system/Abdomen/Repetition_with_PelvisHip/FUVWXYZemale/Pelvic_splanchnic_nerves_female_R
C06_Spinal_nerve_456ventral_ramus789_R,Inactive,Nervous_system/Head_and_Neck/Common/C06_Spinal_nerve_456ventral_ramus789_R
Inferior_anastomotic_vein_456of_Labbe789_L,Inactive,Vein_system/Head_and_Neck/Inferior_anastomotic_vein_456of_Labbe789_L
Median_cubital_L,Inactive,Vein_system/Arm_L/Median_cubital_L
Intermediate_lacunar_lymph_node_R,Inactive,Lymphatic_system/Pelvis_and_Hip/Common/Intermediate_lacunar_lymph_node_R
Right_lymphatic_456thoracic789_duct,Inactive,Lymphatic_system/Head_and_Neck/Right_lymphatic_456thoracic789_duct
Skeleton_system,Active,Skeleton_system
Premolar_bicuspid_first_21_L,Inactive,Skeleton_system/Head_and_Neck/Premolar_bicuspid_first_21_L
Ethmoid_cribriform_plate_L,Inactive,Skeleton_system/Head_and_Neck/Ethmoid_cribriform_plate_L
Depressor_anguli_oris_R,Inactive,Muscle_system/Head_and_Neck/Depressor_anguli_oris_R
T10_Spinal_nerve_456ventral_ramus789_female_L,Inactive,Nervous_system/Thorax/Repetition_with_Abdomen/FemaABCDEFGle/T10_Spinal_nerve_456ventral_ramus789_female_L
Retrocalcaneal_bursa_R,Inactive,Muscle_system/Lower_Limb_R/Common/Retrocalcaneal_bursa_R
Profunda_femoris_456deep_femoral_deep_artery_of_the_thigh789_female_R,Inactive,Artery_system/Lower_Limb_R/Female/Profunda_femoris_456deep_femoral_deep_artery_of_the_thigh789_female_R
Deep_circumflex_iliac_male_L,Inactive,Vein_system/Pelvis_and_Hip/Male/Deep_circumflex_iliac_male_L
Anterior_tibial_R_A,Inactive,Artery_system/Lower_Limb_R/Common/Anterior_tibial_R_A
Extensor_carpi_radialis_longus_L,Inactive,Muscle_system/Arm_L/Extensor_carpi_radialis_longus_L
Lung_L,Inactive,Respiratory_system/TABCDEFGhorax/Lung_L
Branches_to_the_intrinsic_muscles_of_the_tongue_L,Inactive,Nervous_system/Head_and_Neck/Common/Branches_to_the_intrinsic_muscles_of_the_tongue_L
Bladder_body_L_half,Active,Reproductive_system/Pelvis_and_Hip/Female/Bladder_body_L_half
L01_Ventral_root_R,Inactive,Nervous_system/Back/Common/L01_Ventral_root_R
Internal_carotid_plexus_L,Inactive,Nervous_system/Head_and_Neck/Common/Internal_carotid_plexus_L
Obliquus_capitis_inferior_L,Inactive,Muscle_system/Head_and_Neck/Obliquus_capitis_inferior_L
Anterior_cruciate_ligament_456ACL789_L,Inactive,Ligament_system/Lower_Limb_L/Common/Anterior_cruciate_ligament_456ACL789_L
T05_VertebraABCDEFG,Inactive,Skeleton_system/Back/Common/T05_VertebraABCDEFG
Adductor_pollicis_L,Inactive,Muscle_system/Arm_L/Adductor_pollicis_L
Articular_cartilage_acetabulum_female_L,Active,Skeleton_system/Pelvis_and_Hip/Female/Articular_cartilage_acetabulum_female_L
Buccinator_L,Inactive,Muscle_system/Head_and_Neck/Buccinator_L
FemZYXQPOale,Inactive,Muscle_system/Abdomen/Repetition_with_Pelvis_and_Hip/FemZYXQPOale
Lateral_talocalcaneal_ligament_R,Inactive,Ligament_system/Lower_Limb_R/Common/Lateral_talocalcaneal_ligament_R
Thoracodorsal_R_V,Inactive,Vein_system/Back/Thoracodorsal_R_V
T10_Dorsal_ramus_lateral_branch_R,Inactive,Nervous_system/Back/Common/T10_Dorsal_ramus_lateral_branch_R
Postcentral_gyrus_L,Inactive,Nervous_system/Head_and_Neck/Common/brain/Cerebral_cortex/Left_cerebral_cortex/Left_parietal_lobe/Postcentral_gyrus_L
Cardiac_456gastroesophageal_lower_esophageal789_sphincter_front_portion,Inactive,Digestive_system/Abdomen/Cardiac_456gastroesophageal_lower_esophageal789_sphincter_front_portion
Ilium_female_R,Active,Skeleton_system/Pelvis_and_Hip/Female/Ilium_female_R
Inferior_rectus_L,Inactive,Muscle_system/Head_and_Neck/Inferior_rectus_L
Palatopharyngeus_R,Inactive,Muscle_system/Head_and_Neck/Palatopharyngeus_R
Lateral_ligament_456mandible789_L,Inactive,Ligament_system/Head_and_Neck/Common/Lateral_ligament_456mandible789_L
ABCDEFG4th_Proximal_phalanx_foot_L,Inactive,Skeleton_system/Lower_Limb_L/Common/ABCDEFG4th_Proximal_phalanx_foot_L
Common,Inactive,Ligament_system/Head_and_Neck/Common
Scalene_anterior_456scalenus_anterior789_R,Inactive,Muscle_system/Head_and_Neck/Scalene_anterior_456scalenus_anterior789_R
Biceps_femoris_long_head_female_R,Inactive,Muscle_system/Lower_Limb_R/Female/Biceps_femoris_long_head_female_R
Great_pancreatic_456pancreatica_magna789,Inactive,Artery_system/Abdomen/Common/Great_pancreatic_456pancreatica_magna789
Salivary_duct_L,Inactive,Digestive_system/Head_and_Neck/Salivary_duct_L
Thorax,Inactive,Digestive_system/Thorax
Bridging_veins_L,Inactive,Vein_system/Head_and_Neck/Bridging_veins_L
Anococcygeal_ligament_female,Active,Muscle_system/Pelvis_and_Hip/Female/Anococcygeal_ligament_female
CN_06_456VI789_Abducens_456abducent789_R,Inactive,Nervous_system/Head_and_Neck/Common/CN_06_456VI789_Abducens_456abducent789_R
C01_Dorsal_root_L,Inactive,Nervous_system/Head_and_Neck/Common/C01_Dorsal_root_L
Pancreatic_branches_superior,Inactive,Artery_system/Abdomen/Common/Pancreatic_branches_superior
CN_07_456VII789_Buccal_branches_L,Inactive,Nervous_system/Head_and_Neck/Common/CN_07_456VII789_Buccal_branches_L
Inferior_mesenteric_ganglion,Inactive,Nervous_system/Abdomen/Common/Inferior_mesenteric_ganglion
Inferior_frontal_gyrus_L,Inactive,Nervous_system/Head_and_Neck/Common/brain/Cerebral_cortex/Left_cerebral_cortex/Left_frontal_lobe/Inferior_frontal_gyrus_L
Anterior_deep_cervical_456pretracheal_and_thyroid789_lymph_nodes_L,Inactive,Lymphatic_system/Head_and_Neck/Anterior_deep_cervical_456pretracheal_and_thyroid789_lymph_nodes_L
Internal_iliac_anterior_trunk_male_R_A,Inactive,Artery_system/Pelvis_and_Hip/Male/Internal_iliac_anterior_trunk_male_R_A
Gonadal_456testicular_internal_spermatic789_male_L_AABCDEFG,Inactive,Artery_system/Pelvis_and_Hip/Male/Gonadal_456testicular_internal_spermatic789_male_L_AABCDEFG
Medial_cuneiform_L,Inactive,Skeleton_system/Lower_Limb_L/Common/Medial_cuneiform_L
Longitudinal_fascicles_456part_of_the_cruciform_ligament_of_the_atlas789,Inactive,Ligament_system/Head_and_Neck/Common/Longitudinal_fascicles_456part_of_the_cruciform_ligament_of_the_atlas789
Distal_intercarpal_ligaments_L,Inactive,Ligament_system/Arm_L/Distal_intercarpal_ligaments_L
Suprachiasmatic_nucleus_R,Inactive,Nervous_system/Head_and_Neck/Common/brain/Suprachiasmatic_nucleus_R
Angular_L_A,Inactive,Artery_system/Head_and_Neck/Angular_L_A
CN_09_456IX789_Superior_ganglion_L,Inactive,Nervous_system/Head_and_Neck/Common/CN_09_456IX789_Superior_ganglion_L
Obturator_female_R,Inactive,Nervous_system/Pelvis_and_Hip/Repetition_with_LLR/HIJKFemale/Obturator_female_R
Dorsal_radioulnar_ligament_R,Inactive,Ligament_system/Arm_R/Dorsal_radioulnar_ligament_R
Internal_iliac_plexus_male_R,Inactive,Nervous_system/Pelvis_and_Hip/MaleUVWXYZ/Internal_iliac_plexus_male_R
Internal_iliac_female_L_V,Inactive,Vein_system/Pelvis_and_Hip/Female/Internal_iliac_female_L_V
L05_Dorsal_ramus_lateral_branch_female_L,Inactive,Nervous_system/Pelvis_and_Hip/FemaUVWXYZle/L05_Dorsal_ramus_lateral_branch_female_L
Artery_of_central_sulcus_L,Inactive,Artery_system/Head_and_Neck/Artery_of_central_sulcus_L
Thorax,Inactive,Vein_system/Thorax
Ilioinguinal_male_L,Inactive,Nervous_system/Pelvis_and_Hip/MaleUVWXYZ/Ilioinguinal_male_L
Upper_trunk_456C05357C06789_L,Inactive,Nervous_system/Head_and_Neck/Common/Upper_trunk_456C05357C06789_L
ABCDEFG2nd_Middle_phalanx_hand_L,Inactive,Skeleton_system/Arm_L/ABCDEFG2nd_Middle_phalanx_hand_L
Sacral_splanchnic_nerves_female_RABCDEFG,Inactive,Nervous_system/Pelvis_and_Hip/FemaUVWXYZle/Sacral_splanchnic_nerves_female_RABCDEFG
ABCDEFG1st_Metacarpal_pollex_L,Inactive,Skeleton_system/Arm_L/ABCDEFG1st_Metacarpal_pollex_L
Retrocalcaneal_bursa_L,Inactive,Muscle_system/Lower_Limb_L/Common/Retrocalcaneal_bursa_L
Ethmoid_sinuses_L,Inactive,Skeleton_system/Head_and_Neck/Ethmoid_sinuses_L
Inferior_sagittal_sinus,Inactive,Vein_system/Head_and_Neck/Inferior_sagittal_sinus
Coccygeal_male_R,Inactive,Nervous_system/Pelvis_and_Hip/MaleUVWXYZ/Coccygeal_male_R
Median_antebrachial_L,Inactive,Vein_system/Arm_L/Median_antebrachial_L
T09_Cutaneous_branches_lateral_RABCDEFG,Inactive,Nervous_system/Abdomen/Common/T09_Cutaneous_branches_lateral_RABCDEFG
S0124605_Sacrum_female,Active,Skeleton_system/Pelvis_and_Hip/Female/S0124605_Sacrum_female
Preaortic_456inferior_mesenteric789_lymph_nodes,Inactive,Lymphatic_system/Abdomen/Common/Preaortic_456inferior_mesenteric789_lymph_nodes
Superficial_temporal_parietal_branch_R_A,Inactive,Artery_system/Head_and_Neck/Superficial_temporal_parietal_branch_R_A
Splenius_cervicis_L,Inactive,Muscle_system/Back/Common/Splenius_cervicis_L
Femur_thigh_female_R,Inactive,Skeleton_system/Lower_Limb_R/SKRFemale/Femur_thigh_female_R
Ilioinguinal_male_R,Inactive,Nervous_system/Pelvis_and_Hip/MaleUVWXYZ/Ilioinguinal_male_R
Deep_transverse_perineal_female_R,Active,Muscle_system/Pelvis_and_Hip/Female/Deep_transverse_perineal_female_R
Left_frontal_lobe,Inactive,Nervous_system/Head_and_Neck/Common/brain/Cerebral_cortex/Left_cerebral_cortex/Left_frontal_lobe
Internal_iliac_posterior_trunk_male_R_V,Inactive,Vein_system/Pelvis_and_Hip/Male/Internal_iliac_posterior_trunk_male_R_V
Pelvis_and_Hip,Active,Artery_system/Pelvis_and_Hip
Obturator_lymph_nodes_male_L,Inactive,Lymphatic_system/Pelvis_and_Hip/OPQRSTMale/Obturator_lymph_nodes_male_L
Ulnar_superficial_branch_L,Inactive,Nervous_system/Arm_L/Ulnar_superficial_branch_L
Internal_iliac_posterior_trunk_male_R_A,Inactive,Artery_system/Pelvis_and_Hip/Male/Internal_iliac_posterior_trunk_male_R_A
Occipital_lymph_vessel_L,Inactive,Lymphatic_system/Head_and_Neck/Occipital_lymph_vessel_L
Anterior_sacroiliac_ligament_male_R,Inactive,Ligament_system/Pelvis_and_Hip/Male/Anterior_sacroiliac_ligament_male_R
Inferior_rectal_female_L_V,Inactive,Vein_system/Pelvis_and_Hip/Female/Inferior_rectal_female_L_V
Tricuspid_valve_chordae_tendineae,Inactive,Artery_system/Thorax/heart/group8/Tricuspid_valve_chordae_tendineae
Palmar_456volar789_carpal_ligament_L,Inactive,Ligament_system/Arm_L/Palmar_456volar789_carpal_ligament_L
Glenoid_labrum_R,Inactive,Skeleton_system/Arm_R/Glenoid_labrum_R
Adductor_longus_male_L,Inactive,Muscle_system/Lower_Limb_L/Male/Adductor_longus_male_L
Medial_antebrachial_cutaneous_456C08357T01789_R,Inactive,Nervous_system/Arm_R/Medial_antebrachial_cutaneous_456C08357T01789_R
Ulna_forearm_antebrachium_L,Inactive,Skeleton_system/Arm_L/Ulna_forearm_antebrachium_L
L04_Dorsal_ramus_medial_branch_L,Active,Nervous_system/Pelvis_and_Hip/Common/L04_Dorsal_ramus_medial_branch_L
L05_Dorsal_root_male_L,Inactive,Nervous_system/Pelvis_and_Hip/MaleUVWXYZ/L05_Dorsal_root_male_L
S03_Dorsal_root_female_R,Inactive,Nervous_system/Pelvis_and_Hip/FemaUVWXYZle/S03_Dorsal_root_female_R
Arcuate_L,Inactive,Artery_system/Lower_Limb_L/Common/Arcuate_L
Sacral_splanchnic_nerves_male_RABCDEFG,Inactive,Nervous_system/Pelvis_and_Hip/MaleUVWXYZ/Sacral_splanchnic_nerves_male_RABCDEFG
Vertebral_L_A,Inactive,Artery_system/Head_and_Neck/Vertebral_L_A
S05_Spinal_nerve_contribution_to_coccygeal_plexus_male_R,Inactive,Nervous_system/Pelvis_and_Hip/MaleUVWXYZ/S05_Spinal_nerve_contribution_to_coccygeal_plexus_male_R
Lesser_palatine_L_A,Inactive,Artery_system/Head_and_Neck/Lesser_palatine_L_A
CN_08_456VIII789_Vestibulocochlear_456statoacoustic789_R,Inactive,Nervous_system/Head_and_Neck/Common/CN_08_456VIII789_Vestibulocochlear_456statoacoustic789_R
Pulmonary_valve_anterior_cusp,Inactive,Artery_system/Thorax/heart/group6/Pulmonary_valve_anterior_cusp
Superficial_circumflex_iliac_male_L_A,Inactive,Artery_system/Pelvis_and_Hip/Male/Superficial_circumflex_iliac_male_L_A
Popliteus_L,Inactive,Muscle_system/Lower_Limb_L/Common/Popliteus_L
Ulnar_group_of_lymph_vessels_L,Inactive,Lymphatic_system/Arm_L/Ulnar_group_of_lymph_vessels_L
Hyoepiglottic_ligament,Inactive,Ligament_system/Head_and_Neck/Common/Hyoepiglottic_ligament
Dorsal_common_digital_R,Inactive,Artery_system/Lower_Limb_R/Common/Dorsal_common_digital_R
Common,Inactive,Vein_system/Abdomen/Common
Superficial_dorsal_vein_456of_the_penis789,Inactive,Vein_system/Pelvis_and_Hip/Male/Superficial_dorsal_vein_456of_the_penis789
T06_Dorsal_ramus_lateral_branch_R,Inactive,Nervous_system/Back/Common/T06_Dorsal_ramus_lateral_branch_R
Teres_minor_L,Inactive,Muscle_system/Arm_L/Teres_minor_L
S04_Dorsal_root_ganglion_female_L,Inactive,Nervous_system/Pelvis_and_Hip/FemaUVWXYZle/S04_Dorsal_root_ganglion_female_L
Auricularis_superior_L,Inactive,Muscle_system/Head_and_Neck/Auricularis_superior_L
Ethmoid_crista_galli,Inactive,Skeleton_system/Head_and_Neck/Ethmoid_crista_galli
Suprascapular_R_V,Inactive,Vein_system/Back/Suprascapular_R_V
2_20_mAnatomy,Active,
Duodenum_sectioned_456front789,Inactive,Digestive_system/Abdomen/Duodenum_sectioned_456front789
C05_Dorsal_ramus_lateral_branch_R,Inactive,Nervous_system/Head_and_Neck/Common/C05_Dorsal_ramus_lateral_branch_R
Vidian_456artery_of_pterygoid_canal789_L,Inactive,Artery_system/Head_and_Neck/Vidian_456artery_of_pterygoid_canal789_L
C02_Axis,Inactive,Skeleton_system/Head_and_Neck/C02_Axis
Rectus_abdominis_female_L,Active,Muscle_system/Abdomen/Female/Rectus_abdominis_female_L
Femoral_female_L_V,Inactive,Vein_system/Lower_Limb_L/Female/Femoral_female_L_V
Trapezius_L,Inactive,Muscle_system/Back/Common/Trapezius_L
Intertubercular_tendon_sheath_R,Inactive,Muscle_system/Arm_R/Intertubercular_tendon_sheath_R
Ischium_female_R,Active,Skeleton_system/Pelvis_and_Hip/Female/Ischium_female_R
Inferior_vesical_female_R_V,Inactive,Vein_system/Pelvis_and_Hip/Female/Inferior_vesical_female_R_V
Superficial_inguinal_lymph_nodes_456vertical_tract789_R,Inactive,Lymphatic_system/Pelvis_and_Hip/Common/Superficial_inguinal_lymph_nodes_456vertical_tract789_R
Cricothyroid_456oblique_part789_L,Inactive,Muscle_system/Head_and_Neck/Cricothyroid_456oblique_part789_L
Aryepiglottic_R,Inactive,Muscle_system/Head_and_Neck/Aryepiglottic_R
Intertransversarii_posteriores_cervicis_L,Inactive,Muscle_system/Back/Common/Intertransversarii_posteriores_cervicis_L
Medial_superior_genicular_R_A,Inactive,Artery_system/Lower_Limb_R/Common/Medial_superior_genicular_R_A
Superficial_inguinal_lymph_vessels_male_R,Inactive,Lymphatic_system/Pelvis_and_Hip/OPQRSTMale/Superficial_inguinal_lymph_vessels_male_R
Urinary_system,Inactive,Urinary_system
Trapezoid_L,Inactive,Skeleton_system/Arm_L/Trapezoid_L
Prostatic_venous_plexus_L,Inactive,Vein_system/Pelvis_and_Hip/Male/Prostatic_venous_plexus_L
Inframammary_lymph_nodes_L,Inactive,Lymphatic_system/Thorax/Common/Inframammary_lymph_nodes_L
Cecal,Inactive,Vein_system/Abdomen/Common/Cecal
Anterior_auricular_L_V,Inactive,Vein_system/Head_and_Neck/Anterior_auricular_L_V
Clitoris,Active,Reproductive_system/Pelvis_and_Hip/Female/Clitoris
Vagal_branch_to_fundus_and_body_of_stomach,Inactive,Nervous_system/Thorax/Repetition_with_Abdomen/Common/Vagal_branch_to_fundus_and_body_of_stomach
Extensor_digitorum_brevis_L,Inactive,Muscle_system/Lower_Limb_L/Common/Extensor_digitorum_brevis_L
T11_Ventral_root_L,Inactive,Nervous_system/Back/Common/T11_Ventral_root_L
CN_10_456X789_Inferior_cervical_456vagal789_cardiac_branch_R,Inactive,Nervous_system/Head_and_Neck/Repetition_with_Thorax/Common/CN_10_456X789_Inferior_cervical_456vagal789_cardiac_branch_R
Pancreaticoduodenal_posterior_inferior_A,Inactive,Artery_system/Abdomen/Common/Pancreaticoduodenal_posterior_inferior_A
Common,Inactive,Skeleton_system/Lower_Limb_R/Common
Ovarian_plexus_female_R,Inactive,Nervous_system/Abdomen/Repetition_with_PelvisHip/FUVWXYZemale/Ovarian_plexus_female_R
Deep_external_pudendal_456pudic789_female_R_V,Inactive,Vein_system/Pelvis_and_Hip/Female/Deep_external_pudendal_456pudic789_female_R_V
Salivary_duct_R,Inactive,Digestive_system/Head_and_Neck/Salivary_duct_R
Vestibule_of_larynx,Inactive,Digestive_system/Head_and_Neck/Vestibule_of_larynx
Nerve_to_quadratus_femoris_L,Active,Nervous_system/Pelvis_and_Hip/Common/Nerve_to_quadratus_femoris_L
Greater_splanchnic_nerves_LABCDEFG,Inactive,Nervous_system/Abdomen/Common/Greater_splanchnic_nerves_LABCDEFG
ABCDEFG1st_Metatarsal_hallux_R,Inactive,Skeleton_system/Lower_Limb_R/Common/ABCDEFG1st_Metatarsal_hallux_R
Anterior_medial_nucleus_of_the_optic_lobe_L,Inactive,Nervous_system/Head_and_Neck/Common/brain/Anterior_medial_nucleus_of_the_optic_lobe_L
Glans_penis,Inactive,Reproductive_system/Pelvis_and_Hip/Male/Glans_penis
Brachiocephalic_456innominate789_R,Inactive,Vein_system/Thorax/Brachiocephalic_456innominate789_R
Subcutaneous_calcaneal_456of_lateral_malleolus789_bursa_L,Inactive,Muscle_system/Lower_Limb_L/Common/Subcutaneous_calcaneal_456of_lateral_malleolus789_bursa_L
Iliohypogastric_female_L,Inactive,Nervous_system/Pelvis_and_Hip/FemaUVWXYZle/Iliohypogastric_female_L
Deep_dorsal_vein_456of_the_penis789,Inactive,Vein_system/Pelvis_and_Hip/Male/Deep_dorsal_vein_456of_the_penis789
Common_palmar_digital_L,Inactive,Nervous_system/Arm_L/Common_palmar_digital_L
Extensor_digitorum_longus_L,Inactive,Muscle_system/Lower_Limb_L/Common/Extensor_digitorum_longus_L
Carpometacarpal_articular_capsule_of_pollex_R,Inactive,Ligament_system/Arm_R/Carpometacarpal_articular_capsule_of_pollex_R
Aryepiglottic_fold_L,Inactive,Muscle_system/Head_and_Neck/Aryepiglottic_fold_L
Salivary_456sublingual789_gland_R,Inactive,Digestive_system/Head_and_Neck/Salivary_456sublingual789_gland_R
Inferior_hypophyseal_R,Inactive,Artery_system/Head_and_Neck/Inferior_hypophyseal_R
Sympathetic_trunk_thoracic_region_female_R,Inactive,Nervous_system/Thorax/FemABCDEFGale/Sympathetic_trunk_thoracic_region_female_R
Superficial_temporal_frontal_branch_R_A,Inactive,Artery_system/Head_and_Neck/Superficial_temporal_frontal_branch_R_A
Pelvic_splanchnic_nerves_female_RABCDEFG,Inactive,Nervous_system/Pelvis_and_Hip/FemaUVWXYZle/Pelvic_splanchnic_nerves_female_RABCDEFG
Flexor_carpi_ulnaris_R,Inactive,Muscle_system/Arm_R/Flexor_carpi_ulnaris_R
Subclavian_R_A,Inactive,Artery_system/Thorax/Subclavian_R_A
Female,Active,Muscle_system/Pelvis_and_Hip/Female
Dorsalis_pedis_R_A,Inactive,Artery_system/Lower_Limb_R/Common/Dorsalis_pedis_R_A
Coronary_trunk_R,Inactive,Lymphatic_system/Thorax/Common/Coronary_trunk_R
Infraorbital_canal_and_foramen_L,Inactive,Skeleton_system/Head_and_Neck/Infraorbital_canal_and_foramen_L
Intertransversarii_laterales_lumborum_female_R,Inactive,Muscle_system/Back/Female/Intertransversarii_laterales_lumborum_female_R
Dorsal_cuboideonavicular_ligament_L,Inactive,Ligament_system/Lower_Limb_L/Common/Dorsal_cuboideonavicular_ligament_L
Female,Active,Ligament_system/Pelvis_and_Hip/Female
T10_Spinal_nerve_456ventral_ramus789_female_RABCDEFG,Inactive,Nervous_system/Abdomen/UVWXYZFemale/T10_Spinal_nerve_456ventral_ramus789_female_RABCDEFG
Interphalangeal_articular_capsule_of_pollex_L,Inactive,Ligament_system/Arm_L/Interphalangeal_articular_capsule_of_pollex_L
T01_Dorsal_ramus_lateral_branch_L,Inactive,Nervous_system/Back/Common/T01_Dorsal_ramus_lateral_branch_L
Dura_mater_lumbar_region_femaleABCDEFG,Inactive,Nervous_system/Pelvis_and_Hip/FemaUVWXYZle/Dura_mater_lumbar_region_femaleABCDEFG
Heart_sternocostal_surface,Inactive,Artery_system/Thorax/heart/group3/Heart_sternocostal_surface
Inferior_epigastric_female_R_V,Inactive,Vein_system/Abdomen/Female/Inferior_epigastric_female_R_V
Pelvic_splanchnic_nerves_female_LABCDEFG,Inactive,Nervous_system/Pelvis_and_Hip/FemaUVWXYZle/Pelvic_splanchnic_nerves_female_LABCDEFG
Inferior_gluteal_male_L_V,Inactive,Artery_system/Pelvis_and_Hip/Male/Inferior_gluteal_male_L_V
Middle_cervical_sympathetic_ganglion_L,Inactive,Nervous_system/Head_and_Neck/Common/Middle_cervical_sympathetic_ganglion_L
Subcostal_65412987_R_V,Inactive,Vein_system/Thorax/Subcostal_65412987_R_V
Lesser_palatine_R_A,Inactive,Artery_system/Head_and_Neck/Lesser_palatine_R_A
Opponens_digiti_minimi_456foot789_L,Inactive,Muscle_system/Lower_Limb_L/Common/Opponens_digiti_minimi_456foot789_L
Male,Inactive,Artery_system/Lower_Limb_L/Male
Inferior_lateral_palpebral_R_A,Inactive,Artery_system/Head_and_Neck/Inferior_lateral_palpebral_R_A
Articularis_genu_R,Inactive,Muscle_system/Lower_Limb_R/Common/Articularis_genu_R
Head_and_Neck,Inactive,Lymphatic_system/Head_and_Neck
T03_Dorsal_ramus_R,Inactive,Nervous_system/Back/Common/T03_Dorsal_ramus_R
Arm_L,Inactive,Skeleton_system/Arm_L
Coccygeus_ischiococcygeus_female_L,Active,Muscle_system/Pelvis_and_Hip/Female/Coccygeus_ischiococcygeus_female_L
Left_limbic_lobe,Inactive,Nervous_system/Head_and_Neck/Common/brain/Cerebral_cortex/Left_cerebral_cortex/Left_limbic_lobe
Female_skin_abdomen_R,Active,Skin_system/Abdomen/Female/Female_skin_abdomen_R
ABCDEFG5th_lumbar_splanchnic_nerve_male_R,Inactive,Nervous_system/Abdomen/UVWXYZMale/ABCDEFG5th_lumbar_splanchnic_nerve_male_R
CN_08_456VIII789_Vestibulocochlear_456statoacoustic789_L,Inactive,Nervous_system/Head_and_Neck/Common/CN_08_456VIII789_Vestibulocochlear_456statoacoustic789_L
Paracentral_branches_R,Inactive,Artery_system/Head_and_Neck/Paracentral_branches_R
Tibiofibular_ligament_anterior_R,Inactive,Ligament_system/Lower_Limb_R/Common/Tibiofibular_ligament_anterior_R
C08_Ventral_root_R,Inactive,Nervous_system/Head_and_Neck/Common/C08_Ventral_root_R
Fifth_rib_R,Inactive,Skeleton_system/Thorax/Fifth_rib_R
ABCDEFG4th_Metatarsal_L,Inactive,Skeleton_system/Lower_Limb_L/Common/ABCDEFG4th_Metatarsal_L
Common,Inactive,Nervous_system/Pelvis_and_Hip/Repetition_with_LLR/Common
Cerebellum,Inactive,Nervous_system/Head_and_Neck/Common/brain/Cerebellum
Posterior_lateral_superficial_cervical_456spinal_accessory789_lymph_nodes_L,Inactive,Lymphatic_system/Head_and_Neck/Posterior_lateral_superficial_cervical_456spinal_accessory789_lymph_nodes_L
Obturator_internus_male_R,Inactive,Muscle_system/Pelvis_and_Hip/Male/Obturator_internus_male_R
Lower_Limb_R,Inactive,Nervous_system/Lower_Limb_R
Male,Inactive,Ligament_system/Lower_Limb_R/Male
Testis_and_epididymis_lymph_vessels_L,Inactive,Lymphatic_system/Pelvis_and_Hip/OPQRSTMale/Testis_and_epididymis_lymph_vessels_L
T10_Dorsal_root_L,Inactive,Nervous_system/Back/Common/T10_Dorsal_root_L
T01_VertebraABCDEFG,Inactive,Skeleton_system/Back/Common/T01_VertebraABCDEFG
Least_splanchnic_nerve_R,Inactive,Nervous_system/Abdomen/Common/Least_splanchnic_nerve_R
Inferior_oblique_L,Inactive,Muscle_system/Head_and_Neck/Inferior_oblique_L
S03_Spinal_nerve_female_L,Inactive,Nervous_system/Pelvis_and_Hip/FemaUVWXYZle/S03_Spinal_nerve_female_L
Genitofemoral_L,Active,Nervous_system/Pelvis_and_Hip/Common/Genitofemoral_L
Circumflex_femoral_medial_L_A,Inactive,Artery_system/Lower_Limb_L/Common/Circumflex_femoral_medial_L_A
Retromandibular_posterior_division_R,Inactive,Vein_system/Head_and_Neck/Retromandibular_posterior_division_R
External_jugular_lymph_vessel_R,Inactive,Lymphatic_system/Head_and_Neck/External_jugular_lymph_vessel_R
Genitofemoral_femoral_branch_R,Active,Nervous_system/Pelvis_and_Hip/Common/Genitofemoral_femoral_branch_R
Inferior_lateral_palpebral_R_V,Inactive,Vein_system/Head_and_Neck/Inferior_lateral_palpebral_R_V
Cuboid_R,Inactive,Skeleton_system/Lower_Limb_R/Common/Cuboid_R
Canine_cuspid_27_R,Inactive,Skeleton_system/Head_and_Neck/Canine_cuspid_27_R
S03_Dorsal_root_ganglion_female_L,Inactive,Nervous_system/Pelvis_and_Hip/FemaUVWXYZle/S03_Dorsal_root_ganglion_female_L
Prostate_posterior_lobe,Inactive,Reproductive_system/Pelvis_and_Hip/Male/Prostate_posterior_lobe
Thoracic_aortic_plexus,Inactive,Nervous_system/Thorax/Common/Thoracic_aortic_plexus
Common_palmar_digital_R_V,Inactive,Vein_system/Arm_R/Common_palmar_digital_R_V
Thoracoacromial_pectoral_branch_L,Inactive,Artery_system/Thorax/Thoracoacromial_pectoral_branch_L
Cingular_branch_R,Inactive,Artery_system/Head_and_Neck/Cingular_branch_R
Small_cardiac_vein,Inactive,Artery_system/Thorax/heart/Small_cardiac_vein
Perforating_branches_R,Inactive,Vein_system/Lower_Limb_R/Common/Perforating_branches_R
Right_colic_A,Inactive,Artery_system/Abdomen/Common/Right_colic_A
Coracoclavicular_ligament_conoid_portion_R,Inactive,Ligament_system/Arm_R/Coracoclavicular_ligament_conoid_portion_R
Hepatic_portal_vein,Inactive,Vein_system/Abdomen/Common/Hepatic_portal_vein
Superior_gluteal_female_R_V,Inactive,Vein_system/Pelvis_and_Hip/Female/Superior_gluteal_female_R_V
Nuclei_paraventriculares_R,Inactive,Nervous_system/Head_and_Neck/Common/brain/Nuclei_paraventriculares_R
Sympathetic_trunk_cervical_region_L,Inactive,Nervous_system/Head_and_Neck/Common/Sympathetic_trunk_cervical_region_L
CN_05_456V789_Maxillary_L,Inactive,Nervous_system/Head_and_Neck/Common/CN_05_456V789_Maxillary_L
Retromandibular_L,Inactive,Vein_system/Head_and_Neck/Retromandibular_L
Superior_vena_cava,Inactive,Vein_system/Thorax/Superior_vena_cava
Molar_first_30_R,Inactive,Skeleton_system/Head_and_Neck/Molar_first_30_R
Splenic_456lienal789_A,Inactive,Artery_system/Abdomen/Common/Splenic_456lienal789_A
Male_skin_perineum_L,Inactive,Skin_system/Pelvis_and_Hip/Male/Male_skin_perineum_L
Deep_external_pudendal_456pudic789_female_L_V,Inactive,Vein_system/Pelvis_and_Hip/Female/Deep_external_pudendal_456pudic789_female_L_V
Ninth_rib_R,Inactive,Skeleton_system/Thorax/Ninth_rib_R
Male_skin_hand_L,Inactive,Skin_system/Arm_L/Male/Male_skin_hand_L
Common_iliac_lymph_nodes_male_L,Inactive,Lymphatic_system/Pelvis_and_Hip/OPQRSTMale/Common_iliac_lymph_nodes_male_L
Semispinalis_capitis_456lateral_fascicle789_L,Inactive,Muscle_system/Back/Common/Semispinalis_capitis_456lateral_fascicle789_L
Subcutaneous_calcaneal_456of_lateral_malleolus789_bursa_R,Inactive,Muscle_system/Lower_Limb_R/Common/Subcutaneous_calcaneal_456of_lateral_malleolus789_bursa_R
Bladder_neck,Active,Reproductive_system/Pelvis_and_Hip/Female/Bladder_neck
Left_gastric_plexusABCDEFG,Inactive,Nervous_system/Abdomen/Common/Left_gastric_plexusABCDEFG
T06_Dorsal_ramus_L,Inactive,Nervous_system/Back/Common/T06_Dorsal_ramus_L
Posterior_deep_temporal_R,Inactive,Artery_system/Head_and_Neck/Posterior_deep_temporal_R
Interosseous_membrane_456antebrachial789_L,Inactive,Ligament_system/Arm_L/Interosseous_membrane_456antebrachial789_L
Aorta_descending_456abdominal789_female,Inactive,Artery_system/Abdomen/Female/Aorta_descending_456abdominal789_female
ABCDEFG3rd_Middle_phalanx_foot_L,Inactive,Skeleton_system/Lower_Limb_L/Common/ABCDEFG3rd_Middle_phalanx_foot_L
Round_ligament_of_uterus_female_R,Inactive,Ligament_system/Pelvis_and_Hip/Female/Round_ligament_of_uterus_female_R
Mammillary_body_L,Inactive,Nervous_system/Head_and_Neck/Common/brain/Mammillary_body_L
Buccal_L,Inactive,Artery_system/Head_and_Neck/Buccal_L
Supraclavicular_L,Inactive,Nervous_system/Head_and_Neck/Common/Supraclavicular_L
C04_Spinal_nerve_456ventral_ramus789_L,Inactive,Nervous_system/Head_and_Neck/Common/C04_Spinal_nerve_456ventral_ramus789_L
S01_Spinal_nerve_male_R,Inactive,Nervous_system/Pelvis_and_Hip/MaleUVWXYZ/S01_Spinal_nerve_male_R
Internal_pudendal_male_R_A,Inactive,Artery_system/Pelvis_and_Hip/Male/Internal_pudendal_male_R_A
Intercostal_65411987_L,Inactive,Artery_system/Thorax/Intercostal_65411987_L
T08_Dorsal_ramus_lateral_branch_R,Inactive,Nervous_system/Back/Common/T08_Dorsal_ramus_lateral_branch_R
Obturator_male_L_V,Inactive,Vein_system/Pelvis_and_Hip/Male/Obturator_male_L_V
Ulnar_dorsal_carpal_branch_R,Inactive,Artery_system/Arm_R/Ulnar_dorsal_carpal_branch_R
External_carotid_R,Inactive,Artery_system/Head_and_Neck/External_carotid_R
Proximal_perforating_branches_R_V,Inactive,Vein_system/Lower_Limb_R/Common/Proximal_perforating_branches_R_V
Bifurcate_456calcaneocuboid_and_calcaneonavicular789_ligament_R,Inactive,Ligament_system/Lower_Limb_R/Common/Bifurcate_456calcaneocuboid_and_calcaneonavicular789_ligament_R
External_iliac_plexus_male_R,Inactive,Nervous_system/Pelvis_and_Hip/MaleUVWXYZ/External_iliac_plexus_male_R
Obturator_membrane_male_R,Inactive,Ligament_system/Pelvis_and_Hip/Male/Obturator_membrane_male_R
Grey_rami_communicantes_cervical_region_female_LABCDEFG,Inactive,Nervous_system/Thorax/FemABCDEFGale/Grey_rami_communicantes_cervical_region_female_LABCDEFG
Intertransverse_ligaments_cervical_region_R,Inactive,Ligament_system/Head_and_Neck/Common/Intertransverse_ligaments_cervical_region_R
Detrusor_muscle_L_half_male,Inactive,Reproductive_system/Pelvis_and_Hip/Male/Detrusor_muscle_L_half_male
Apical_456medial357subclavicular789_lymph_nodes_R,Inactive,Lymphatic_system/Arm_R/Apical_456medial357subclavicular789_lymph_nodes_R
Ureter_plexus_male_R,Inactive,Nervous_system/Abdomen/Repetition_with_PelvisHip/MUVWXYZale/Ureter_plexus_male_R
Posterior_internodal_bundle,Inactive,Artery_system/Thorax/heart/group4/Posterior_internodal_bundle
Greater_splanchnic_nerves_L,Inactive,Nervous_system/Thorax/Repetition_with_Abdomen/Common/Greater_splanchnic_nerves_L
Pancreaticoduodenal_anterior_inferior_V,Inactive,Vein_system/Abdomen/Common/Pancreaticoduodenal_anterior_inferior_V
Epididymis_L,Inactive,Reproductive_system/Pelvis_and_Hip/Male/Epididymis_L
Scaphoid_R,Inactive,Skeleton_system/Arm_R/Scaphoid_R
Obturator_male_R,Inactive,Nervous_system/Pelvis_and_Hip/Repetition_with_LLR/HIJKMale/Obturator_male_R
Mylohyoid_L,Inactive,Muscle_system/Head_and_Neck/Mylohyoid_L
Inferior_cerebral_L,Inactive,Vein_system/Head_and_Neck/Inferior_cerebral_L
Lateral_sacral_lymph_nodes_female_L,Inactive,Lymphatic_system/Pelvis_and_Hip/OPQRSTFemale/Lateral_sacral_lymph_nodes_female_L
L04_Vertebra_male,Inactive,Skeleton_system/Back/MalORZe/L04_Vertebra_male
Greater_palatine_R,Inactive,Nervous_system/Head_and_Neck/Common/Greater_palatine_R
T01_Dorsal_ramus_R,Inactive,Nervous_system/Back/Common/T01_Dorsal_ramus_R
Common_fibular_456peroneal789_R,Inactive,Nervous_system/Lower_Limb_R/Common/Common_fibular_456peroneal789_R
Infraorbital_R_A,Inactive,Artery_system/Head_and_Neck/Infraorbital_R_A
Inferior_rectal_male_R_A,Inactive,Artery_system/Pelvis_and_Hip/Male/Inferior_rectal_male_R_A
Plantar_cuboideonavicular_ligament_R,Inactive,Ligament_system/Lower_Limb_R/Common/Plantar_cuboideonavicular_ligament_R
First_rib_L,Inactive,Skeleton_system/Thorax/First_rib_L
Abductor_hallucis_R,Inactive,Muscle_system/Lower_Limb_R/Common/Abductor_hallucis_R
Semitendinosus_female_R,Inactive,Muscle_system/Lower_Limb_R/Female/Semitendinosus_female_R
Distal_perforating_branches_R_A,Inactive,Artery_system/Lower_Limb_R/Common/Distal_perforating_branches_R_A
Preaortic_456superior_mesenteric789_lymph_nodes,Inactive,Lymphatic_system/Abdomen/Common/Preaortic_456superior_mesenteric789_lymph_nodes
Pronator_quadratus_R,Inactive,Muscle_system/Arm_R/Pronator_quadratus_R
Biceps_femoris_short_head_L,Inactive,Muscle_system/Lower_Limb_L/Common/Biceps_femoris_short_head_L
Quadratus_lumborum_female_R,Active,Muscle_system/Abdomen/Female/Quadratus_lumborum_female_R
T06_Cutaneous_branches_lateral_R,Inactive,Nervous_system/Thorax/Repetition_with_Abdomen/Common/T06_Cutaneous_branches_lateral_R
Abductor_pollicis_brevis_L,Inactive,Muscle_system/Arm_L/Abductor_pollicis_brevis_L
Abdomen,Active,Muscle_system/Abdomen
Extensor_digiti_minimi_L,Inactive,Muscle_system/Arm_L/Extensor_digiti_minimi_L
Internal_carotid_cerebral_part_R,Inactive,Artery_system/Head_and_Neck/Internal_carotid_cerebral_part_R
Female,Active,Artery_system/Pelvis_and_Hip/Female
Buccal_R,Inactive,Artery_system/Head_and_Neck/Buccal_R
Dorsomedial_nuclei_R,Inactive,Nervous_system/Head_and_Neck/Common/brain/Dorsomedial_nuclei_R
Supraspinous_ligament_lumbar_region_maleABCDEFG,Inactive,Ligament_system/Pelvis_and_Hip/Male/Supraspinous_ligament_lumbar_region_maleABCDEFG
ABCDEFG1st_Metacarpal_pollex_R,Inactive,Skeleton_system/Arm_R/ABCDEFG1st_Metacarpal_pollex_R
Aortic_arch,Inactive,Artery_system/Thorax/heart/Aortic_arch
C03_Dorsal_root_L,Inactive,Nervous_system/Head_and_Neck/Common/C03_Dorsal_root_L
Thoracodorsal_456middle_subscapular_long_subscapular789456C06246C08789_R,Inactive,Nervous_system/Back/Common/Thoracodorsal_456middle_subscapular_long_subscapular789456C06246C08789_R
Arm_R,Inactive,Lymphatic_system/Arm_R
Latissimus_dorsi_female_R,Inactive,Muscle_system/Back/Female/Latissimus_dorsi_female_R
Celiac_ganglia,Inactive,Nervous_system/Abdomen/Common/Celiac_ganglia
Globus_pallidus_lateralis_L,Inactive,Nervous_system/Head_and_Neck/Common/brain/Globus_pallidus_lateralis_L
Middle_glenohumeral_ligament_R,Inactive,Ligament_system/Arm_R/Middle_glenohumeral_ligament_R
Deep_external_pudendal_456pudic789_female_L_A,Inactive,Artery_system/Lower_Limb_L/Female/Deep_external_pudendal_456pudic789_female_L_A
C05_Dorsal_root_ganglion_R,Inactive,Nervous_system/Head_and_Neck/Common/C05_Dorsal_root_ganglion_R
Ulnar_bursa_L,Inactive,Muscle_system/Arm_L/Ulnar_bursa_L
T03246T04_Intervertebral_discABCDEFG,Inactive,Skeleton_system/Back/Common/T03246T04_Intervertebral_discABCDEFG
Acromioclavicular_ligament_L,Inactive,Ligament_system/Arm_L/Acromioclavicular_ligament_L
Obturator_lymph_nodes_female_R,Inactive,Lymphatic_system/Pelvis_and_Hip/OPQRSTFemale/Obturator_lymph_nodes_female_R
Coccygeus_ischiococcygeus_female_R,Active,Muscle_system/Pelvis_and_Hip/Female/Coccygeus_ischiococcygeus_female_R
Rhomboideus_major_R,Inactive,Muscle_system/Back/Common/Rhomboideus_major_R
MSKRale,Inactive,Skeleton_system/Lower_Limb_L/MSKRale
Palatoglossus_L,Inactive,Muscle_system/Head_and_Neck/Palatoglossus_L
Bronchomediastinal_trunk_R,Inactive,Lymphatic_system/Thorax/Common/Bronchomediastinal_trunk_R
L01_Dorsal_ramus_lateral_branch_R,Active,Nervous_system/Pelvis_and_Hip/Common/L01_Dorsal_ramus_lateral_branch_R
Intertransversarii_anteriores_cervicis_L,Inactive,Muscle_system/Back/Common/Intertransversarii_anteriores_cervicis_L
Superior_labial_L_V,Inactive,Vein_system/Head_and_Neck/Superior_labial_L_V
Inferior_alveolar_L_A,Inactive,Artery_system/Head_and_Neck/Inferior_alveolar_L_A
Anterior_superior_alveolar_L,Inactive,Nervous_system/Head_and_Neck/Common/Anterior_superior_alveolar_L
Pulmonary_veins_inferior_R,Inactive,Artery_system/Thorax/heart/Pulmonary_veins_inferior_R
Plantar_metatarsal_L,Inactive,Artery_system/Lower_Limb_L/Common/Plantar_metatarsal_L
S05_Ventral_root_male_R,Inactive,Nervous_system/Pelvis_and_Hip/MaleUVWXYZ/S05_Ventral_root_male_R
Proper_plantar_digital_L_A,Inactive,Artery_system/Lower_Limb_L/Common/Proper_plantar_digital_L_A
Supraspinous_ligament_thoracic_region_male,Inactive,Ligament_system/Thorax/Repetition_with_Back/Male/Supraspinous_ligament_thoracic_region_male
C01_Ventral_root_L,Inactive,Nervous_system/Head_and_Neck/Common/C01_Ventral_root_L
Fibularis_peroneus_brevis_L,Inactive,Muscle_system/Lower_Limb_L/Common/Fibularis_peroneus_brevis_L
Musculophrenic_R_A,Inactive,Artery_system/Thorax/Musculophrenic_R_A
Occipital_lymph_nodes_R,Inactive,Lymphatic_system/Head_and_Neck/Occipital_lymph_nodes_R
ABCDEFG4th_Distal_phalanx_foot_R,Inactive,Skeleton_system/Lower_Limb_R/Common/ABCDEFG4th_Distal_phalanx_foot_R
Auricularis_posterior_R,Inactive,Muscle_system/Head_and_Neck/Auricularis_posterior_R
White_matter_of_brain,Inactive,Nervous_system/Head_and_Neck/Common/brain/White_matter_of_brain
Stomach_cardiac_cap,Inactive,Digestive_system/Abdomen/Stomach_cardiac_cap
Median_antebrachial_R,Inactive,Vein_system/Arm_R/Median_antebrachial_R
Arcuate_nucleus_R,Inactive,Nervous_system/Head_and_Neck/Common/brain/Arcuate_nucleus_R
T11_Spinal_nerve_456ventral_ramus789_female_R,Inactive,Nervous_system/Thorax/Repetition_with_Abdomen/FemaABCDEFGle/T11_Spinal_nerve_456ventral_ramus789_female_R
L04_Dorsal_root_ganglion_female_R,Inactive,Nervous_system/Pelvis_and_Hip/FemaUVWXYZle/L04_Dorsal_root_ganglion_female_R
Tibialis_anterior_L,Inactive,Muscle_system/Lower_Limb_L/Common/Tibialis_anterior_L
Esophageal_plexus,Inactive,Nervous_system/Thorax/Common/Esophageal_plexus
Subcostal_65412987_R_A,Inactive,Artery_system/Thorax/Subcostal_65412987_R_A
Hard_palate,Inactive,Digestive_system/Head_and_Neck/Hard_palate
L02_Dorsal_root_ganglion_L,Active,Nervous_system/Pelvis_and_Hip/Common/L02_Dorsal_root_ganglion_L
Triceps_456brachii789_medial_head_R,Inactive,Muscle_system/Arm_R/Triceps_456brachii789_medial_head_R
Deep_external_pudendal_456pudic789_female_R_A,Inactive,Artery_system/Lower_Limb_R/Female/Deep_external_pudendal_456pudic789_female_R_A
Duodenum_sectioned_456back789,Inactive,Digestive_system/Abdomen/Duodenum_sectioned_456back789
Medial_rectus_L,Inactive,Muscle_system/Head_and_Neck/Medial_rectus_L
Common_iliac_male_R_A,Inactive,Artery_system/Pelvis_and_Hip/Male/Common_iliac_male_R_A
S02_Ventral_root_male_R,Inactive,Nervous_system/Pelvis_and_Hip/MaleUVWXYZ/S02_Ventral_root_male_R
Pancreatic_duct_main_456duct_of_wirsung789,Inactive,Digestive_system/Abdomen/Pancreatic_duct_main_456duct_of_wirsung789
Deep_fibular_456peroneal789_medial_branch_R,Inactive,Nervous_system/Lower_Limb_R/Common/Deep_fibular_456peroneal789_medial_branch_R
Parathyroid_gland_inferior_L,Inactive,Endocrine_system/Head_and_Neck/Parathyroid_gland_inferior_L
C04_Vertebra,Inactive,Skeleton_system/Head_and_Neck/C04_Vertebra
ABCDEFG2nd_Metatarsal_L,Inactive,Skeleton_system/Lower_Limb_L/Common/ABCDEFG2nd_Metatarsal_L
Greater_palatine_L,Inactive,Nervous_system/Head_and_Neck/Common/Greater_palatine_L
ABCDEFG5th_Distal_phalanx_foot_R,Inactive,Skeleton_system/Lower_Limb_R/Common/ABCDEFG5th_Distal_phalanx_foot_R
Anconeus_L,Inactive,Muscle_system/Arm_L/Anconeus_L
S01_Dorsal_root_ganglion_male_R,Inactive,Nervous_system/Pelvis_and_Hip/MaleUVWXYZ/S01_Dorsal_root_ganglion_male_R
Popliteal_R_V,Inactive,Vein_system/Lower_Limb_R/Common/Popliteal_R_V
Internal_iliac_plexus_female_LABCDEFG,Inactive,Nervous_system/Pelvis_and_Hip/FemaUVWXYZle/Internal_iliac_plexus_female_LABCDEFG
Medial_clunial_456cluneal789_male_L,Inactive,Nervous_system/Pelvis_and_Hip/MaleUVWXYZ/Medial_clunial_456cluneal789_male_L
Middle_frontal_gyrus_R,Inactive,Nervous_system/Head_and_Neck/Common/brain/Cerebral_cortex/Right_cerebral_cortex/Right_frontal_lobe/Middle_frontal_gyrus_R
Supraspinatus_L,Inactive,Muscle_system/Arm_L/Supraspinatus_L
Bundle_branch_R,Inactive,Artery_system/Thorax/heart/group4/Bundle_branch_R
ABCDEFG5th_Distal_phalanx_hand_R,Inactive,Skeleton_system/Arm_R/ABCDEFG5th_Distal_phalanx_hand_R
Ureter_male_LABCDEFG,Inactive,Reproductive_system/Pelvis_and_Hip/Male/Ureter_male_LABCDEFG
Iliohypogastric_male_L,Inactive,Nervous_system/Pelvis_and_Hip/MaleUVWXYZ/Iliohypogastric_male_L
Iliocostalis_lumborum_female_R,Inactive,Muscle_system/Back/Female/Iliocostalis_lumborum_female_R
Head_and_Neck,Inactive,Digestive_system/Head_and_Neck
Alar_ligament_L,Inactive,Ligament_system/Head_and_Neck/Common/Alar_ligament_L
Zygomatic_zygomaticofacial_foramen_L,Inactive,Skeleton_system/Head_and_Neck/Zygomatic_zygomaticofacial_foramen_L
ABCDEFG2nd_Distal_phalanx_foot_R,Inactive,Skeleton_system/Lower_Limb_R/Common/ABCDEFG2nd_Distal_phalanx_foot_R
Superior_pancreaticoduodenal_lymph_nodes,Inactive,Lymphatic_system/Abdomen/Common/Superior_pancreaticoduodenal_lymph_nodes
CN_07_456VII789_Geniculate_ganglion_R,Inactive,Nervous_system/Head_and_Neck/Common/CN_07_456VII789_Geniculate_ganglion_R
Inferior_rectal_female_L_A,Active,Artery_system/Pelvis_and_Hip/Female/Inferior_rectal_female_L_A
Confluence_of_sinuses,Inactive,Vein_system/Head_and_Neck/Confluence_of_sinuses
Sympathetic_trunk_lumbar_region_female_L,Inactive,Nervous_system/Pelvis_and_Hip/FemaUVWXYZle/Sympathetic_trunk_lumbar_region_female_L
Inferior_rectal_female_R,Inactive,Nervous_system/Pelvis_and_Hip/FemaUVWXYZle/Inferior_rectal_female_R
T06_Dorsal_root_ganglion_R,Inactive,Nervous_system/Back/Common/T06_Dorsal_root_ganglion_R
Nuclei_paraventriculares_L,Inactive,Nervous_system/Head_and_Neck/Common/brain/Nuclei_paraventriculares_L
Uterus_body_L_half,Active,Reproductive_system/Pelvis_and_Hip/Female/Uterus_body_L_half
CN_09_456IX789_Inferior_ganglion_L,Inactive,Nervous_system/Head_and_Neck/Common/CN_09_456IX789_Inferior_ganglion_L
Tertiary_456segmental789_bronchus_456VI789_L,Inactive,Respiratory_system/TABCDEFGhorax/Tertiary_456segmental789_bronchus_456VI789_L
Pisohamate_ligament_R,Inactive,Ligament_system/Arm_R/Pisohamate_ligament_R
Kidney_back_L,Inactive,Urinary_system/Abdomen/Common/Kidney_back_L
Common_plantar_digital_R,Inactive,Nervous_system/Lower_Limb_R/Common/Common_plantar_digital_R
Genitofemoral_genital_branch_female_R,Inactive,Nervous_system/Pelvis_and_Hip/FemaUVWXYZle/Genitofemoral_genital_branch_female_R
Premolar_bicuspid_first_12_L,Inactive,Skeleton_system/Head_and_Neck/Premolar_bicuspid_first_12_L
Internal_urethral_sphincter,Active,Reproductive_system/Pelvis_and_Hip/Female/Internal_urethral_sphincter
T09_Dorsal_ramus_lateral_branch_L,Inactive,Nervous_system/Back/Common/T09_Dorsal_ramus_lateral_branch_L
Acetabular_labrum_male_L,Inactive,Skeleton_system/Pelvis_and_Hip/Male/Acetabular_labrum_male_L
Circumflex_femoral_medial_R_V,Inactive,Vein_system/Lower_Limb_R/Common/Circumflex_femoral_medial_R_V
Female_skin_labia_majora_L,Active,Skin_system/Pelvis_and_Hip/Female/Female_skin_labia_majora_L
ABCDEFG4th_Distal_phalanx_foot_L,Inactive,Skeleton_system/Lower_Limb_L/Common/ABCDEFG4th_Distal_phalanx_foot_L
Sartorius_female_R,Inactive,Muscle_system/Lower_Limb_R/Female/Sartorius_female_R
C01_Ventral_root_R,Inactive,Nervous_system/Head_and_Neck/Common/C01_Ventral_root_R
Ischiogluteal_bursa_female_L,Inactive,Muscle_system/Lower_Limb_L/Female/Ischiogluteal_bursa_female_L
Sternocleidomastoid_lymph_nodes_L,Inactive,Lymphatic_system/Head_and_Neck/Sternocleidomastoid_lymph_nodes_L
Flexor_digitorum_longus_R,Inactive,Muscle_system/Lower_Limb_R/Common/Flexor_digitorum_longus_R
L03_Dorsal_ramus_lateral_branch_female_R,Inactive,Nervous_system/Pelvis_and_Hip/FemaUVWXYZle/L03_Dorsal_ramus_lateral_branch_female_R
C06_Dorsal_root_ganglion_R,Inactive,Nervous_system/Head_and_Neck/Common/C06_Dorsal_root_ganglion_R
Uterine_branch_of_lymph_vessels_female_L,Inactive,Lymphatic_system/Abdomen/Repetition_with_Pelvis_and_Hip/FemaHIJKle/Uterine_branch_of_lymph_vessels_female_L
Cricothyroid_456straight_part789_L,Inactive,Muscle_system/Head_and_Neck/Cricothyroid_456straight_part789_L
T09_Dorsal_root_ganglion_R,Inactive,Nervous_system/Back/Common/T09_Dorsal_root_ganglion_R
Basilar_plexus_and_sinus,Inactive,Vein_system/Head_and_Neck/Basilar_plexus_and_sinus
Posterior_vein_of_left_ventricle,Inactive,Artery_system/Thorax/heart/Posterior_vein_of_left_ventricle
Pontine_L,Inactive,Artery_system/Head_and_Neck/Pontine_L
Superior_labial_L_A,Inactive,Artery_system/Head_and_Neck/Superior_labial_L_A
L03_Dorsal_ramus_R,Active,Nervous_system/Pelvis_and_Hip/Common/L03_Dorsal_ramus_R
Common_palmar_digital_L_A,Inactive,Artery_system/Arm_L/Common_palmar_digital_L_A
Medulla_oblongata_R,Inactive,Nervous_system/Head_and_Neck/Common/brain/Medulla_oblongata_R
Subclavian_lymph_node_L,Inactive,Lymphatic_system/Arm_L/Subclavian_lymph_node_L
Middle_thyroid_R,Inactive,Vein_system/Head_and_Neck/Middle_thyroid_R
Superior_tracheobronchial_lymph_nodes_R,Inactive,Lymphatic_system/Thorax/Common/Superior_tracheobronchial_lymph_nodes_R
Psoas_minor_male_R,Inactive,Muscle_system/Abdomen/Repetition_with_Pelvis_and_Hip/MalZYXQPOe/Psoas_minor_male_R
Jugulofacial_venous_junction_lymph_nodes_R,Inactive,Lymphatic_system/Head_and_Neck/Jugulofacial_venous_junction_lymph_nodes_R
Triceps_456triceps_brachii789_lateral_head_L,Inactive,Muscle_system/Arm_L/Triceps_456triceps_brachii789_lateral_head_L
C06246C07_Intervertebral_disc,Inactive,Skeleton_system/Head_and_Neck/C06246C07_Intervertebral_disc
Ureter_male_RABCDEFG,Inactive,Reproductive_system/Pelvis_and_Hip/Male/Ureter_male_RABCDEFG
Lateral_thoracic_R_V,Inactive,Vein_system/Thorax/Lateral_thoracic_R_V
CN_07_456VII789_Facial_L,Inactive,Nervous_system/Head_and_Neck/Common/CN_07_456VII789_Facial_L
Lateral_tarsal_R,Inactive,Artery_system/Lower_Limb_R/Common/Lateral_tarsal_R
Dorsal_venous_arch_hand_R,Inactive,Vein_system/Arm_R/Dorsal_venous_arch_hand_R
Suprahyoid_lymph_node_L,Inactive,Lymphatic_system/Head_and_Neck/Suprahyoid_lymph_node_L
Posterior_vagal_branch_to_lesser_curvatureABCDEFG,Inactive,Nervous_system/Abdomen/Common/Posterior_vagal_branch_to_lesser_curvatureABCDEFG
Eighth_rib_L,Inactive,Skeleton_system/Thorax/Eighth_rib_L
Internal_jugular_L,Inactive,Vein_system/Head_and_Neck/Internal_jugular_L
Suprascapular_R_A,Inactive,Artery_system/Back/Suprascapular_R_A
T06_Spinal_nerve_456ventral_ramus789_R,Inactive,Nervous_system/Thorax/Repetition_with_Abdomen/Common/T06_Spinal_nerve_456ventral_ramus789_R
Gonadal_456ovarian789_tubal_branch_R,Active,Artery_system/Pelvis_and_Hip/Female/Gonadal_456ovarian789_tubal_branch_R
Grey_rami_communicantes_cervical_region_female_R,Inactive,Nervous_system/Head_and_Neck/Repetition_with_Thorax/FeABCDEFGmale/Grey_rami_communicantes_cervical_region_female_R
Subcostal_65412987_L_A,Inactive,Artery_system/Thorax/Subcostal_65412987_L_A
Thorax,Active,Muscle_system/Thorax
Ulnar_collateral_ligament_transverse_L,Inactive,Ligament_system/Arm_L/Ulnar_collateral_ligament_transverse_L
Supreme_intercostal_456highest789_L,Inactive,Artery_system/Thorax/Supreme_intercostal_456highest789_L
Circumflex_humeral_anterior_L_V,Inactive,Vein_system/Arm_L/Circumflex_humeral_anterior_L_V
Opponens_digiti_minimi_456hand789_R,Inactive,Muscle_system/Arm_R/Opponens_digiti_minimi_456hand789_R
Lumbar_trunk_female_R,Inactive,Lymphatic_system/Abdomen/Repetition_with_Pelvis_and_Hip/FemaHIJKle/Lumbar_trunk_female_R
Sixth_rib_L,Inactive,Skeleton_system/Thorax/Sixth_rib_L
Iliopsoas_456iliopectineal789_bursa_male_R,Inactive,Muscle_system/Pelvis_and_Hip/Male/Iliopsoas_456iliopectineal789_bursa_male_R
Superior_vesical_female_R_A,Active,Artery_system/Pelvis_and_Hip/Female/Superior_vesical_female_R_A
Alar_ligament_R,Inactive,Ligament_system/Head_and_Neck/Common/Alar_ligament_R
Transverse_humeral_ligament_L,Inactive,Ligament_system/Arm_L/Transverse_humeral_ligament_L
Nasolabial_node_of_the_facial_lymph_vessel_L,Inactive,Lymphatic_system/Head_and_Neck/Nasolabial_node_of_the_facial_lymph_vessel_L
Gonadal_456testicular_internal_spermatic789_female_R_AABCDEFG,Active,Artery_system/Pelvis_and_Hip/Female/Gonadal_456testicular_internal_spermatic789_female_R_AABCDEFG
Longus_capitis_R,Inactive,Muscle_system/Head_and_Neck/Longus_capitis_R
Phrenic_nerve_456C03246C05789_R,Inactive,Nervous_system/Head_and_Neck/Repetition_with_Thorax/Common/Phrenic_nerve_456C03246C05789_R
Median_lateral_root_L,Inactive,Nervous_system/Thorax/Common/Median_lateral_root_L
Anterior_interventricular_branch_456left_anterior_descending789_of_left_coronary_artery,Inactive,Artery_system/Thorax/heart/Anterior_interventricular_branch_456left_anterior_descending789_of_left_coronary_artery
CN_07_456VII789_Marginal_mandibular_branch_R,Inactive,Nervous_system/Head_and_Neck/Common/CN_07_456VII789_Marginal_mandibular_branch_R
CN_09_456IX789_Glossopharyngeal_R,Inactive,Nervous_system/Head_and_Neck/Common/CN_09_456IX789_Glossopharyngeal_R
C08_Dorsal_ramus_lateral_branch_R,Inactive,Nervous_system/Head_and_Neck/Common/C08_Dorsal_ramus_lateral_branch_R
Pulmonary_valve_right_cusp,Inactive,Artery_system/Thorax/heart/group6/Pulmonary_valve_right_cusp
Iliolumbar_ligament_male_L,Inactive,Ligament_system/Pelvis_and_Hip/Male/Iliolumbar_ligament_male_L
Cauda_equina_femaleABCDEFG,Inactive,Nervous_system/Pelvis_and_Hip/FemaUVWXYZle/Cauda_equina_femaleABCDEFG
S02_Dorsal_root_ganglion_male_R,Inactive,Nervous_system/Pelvis_and_Hip/MaleUVWXYZ/S02_Dorsal_root_ganglion_male_R
Posterior_longitudinal_ligament_thoracic_region_male,Inactive,Ligament_system/Thorax/Repetition_with_Back/Male/Posterior_longitudinal_ligament_thoracic_region_male
T11_VertebraABCDEFG,Inactive,Skeleton_system/Back/Common/T11_VertebraABCDEFG
Dorsal_cuneocuboid_ligament_L,Inactive,Ligament_system/Lower_Limb_L/Common/Dorsal_cuneocuboid_ligament_L
Accessory_hemiazygos,Inactive,Vein_system/Thorax/Accessory_hemiazygos
CN_10_456X789_Superior_laryngeal_nerve_R,Inactive,Nervous_system/Head_and_Neck/Common/CN_10_456X789_Superior_laryngeal_nerve_R
Radial_456C05246T01789_L,Inactive,Nervous_system/Arm_L/Radial_456C05246T01789_L
Lateral_superior_genicular_L_A,Inactive,Artery_system/Lower_Limb_L/Common/Lateral_superior_genicular_L_A
ABCDEFG4th_lumbar_splanchnic_male_R,Inactive,Nervous_system/Abdomen/UVWXYZMale/ABCDEFG4th_lumbar_splanchnic_male_R
Descending_colon,Inactive,Digestive_system/Abdomen/Descending_colon
C04_Dorsal_ramus_medial_branch_R,Inactive,Nervous_system/Head_and_Neck/Common/C04_Dorsal_ramus_medial_branch_R
S0124605_Sacrum_male,Inactive,Skeleton_system/Pelvis_and_Hip/Male/S0124605_Sacrum_male
T11_Spinal_nerve_456ventral_ramus789_male_RABCDEFG,Inactive,Nervous_system/Abdomen/UVWXYZMale/T11_Spinal_nerve_456ventral_ramus789_male_RABCDEFG
S01_Dorsal_root_ganglion_female_R,Inactive,Nervous_system/Pelvis_and_Hip/FemaUVWXYZle/S01_Dorsal_root_ganglion_female_R
Proper_plantar_digital_R,Inactive,Nervous_system/Lower_Limb_R/Common/Proper_plantar_digital_R
Lateral_gastrocnemius_456subtendinous789_bursa_R,Inactive,Muscle_system/Lower_Limb_R/Common/Lateral_gastrocnemius_456subtendinous789_bursa_R
Radius_forearm_antebrachium_L,Inactive,Skeleton_system/Arm_L/Radius_forearm_antebrachium_L
Interphalangeal_456proximal789_ligaments_of_the_foot_456PIP_joints789_R,Inactive,Ligament_system/Lower_Limb_R/Common/Interphalangeal_456proximal789_ligaments_of_the_foot_456PIP_joints789_R
Ansa_cervicalis_superior_branch_L,Inactive,Nervous_system/Head_and_Neck/Common/Ansa_cervicalis_superior_branch_L
Internal_auditory_acoustic_meatus_L,Inactive,Skeleton_system/Head_and_Neck/Internal_auditory_acoustic_meatus_L
Intermediate_lacunar_lymph_node_L,Inactive,Lymphatic_system/Pelvis_and_Hip/Common/Intermediate_lacunar_lymph_node_L
Subclavian_lymph_node_R,Inactive,Lymphatic_system/Head_and_Neck/Subclavian_lymph_node_R
T08_Vertebra,Inactive,Skeleton_system/Thorax/Repetition_with_Back/T08_Vertebra
Zygomatic_zygomaticotemporal_foramen_L,Inactive,Skeleton_system/Head_and_Neck/Zygomatic_zygomaticotemporal_foramen_L
T12_Dorsal_ramus_medial_branch_L,Inactive,Nervous_system/Back/Common/T12_Dorsal_ramus_medial_branch_L
Pancreaticoduodenal_posterior_superior_V,Inactive,Vein_system/Abdomen/Common/Pancreaticoduodenal_posterior_superior_V
Semispinalis_capitis_456lateral_fascicle789_R,Inactive,Muscle_system/Back/Common/Semispinalis_capitis_456lateral_fascicle789_R
Sternalis_R,Active,Muscle_system/Thorax/Sternalis_R
ABCDEFG3rd_Metacarpal_L,Inactive,Skeleton_system/Arm_L/ABCDEFG3rd_Metacarpal_L
ABCDEFG1st_Distal_phalanx_pollex_R,Inactive,Skeleton_system/Arm_R/ABCDEFG1st_Distal_phalanx_pollex_R
Sternalis_L,Active,Muscle_system/Thorax/Sternalis_L
Interosseous_membrane_456antebrachial789_R,Inactive,Ligament_system/Arm_R/Interosseous_membrane_456antebrachial789_R
Anterior_lateral_nucleus_of_the_leaf_L,Inactive,Nervous_system/Head_and_Neck/Common/brain/Anterior_lateral_nucleus_of_the_leaf_L
Posterior_auricular_L_A,Inactive,Artery_system/Head_and_Neck/Posterior_auricular_L_A
Latissimus_dorsi_male_L,Inactive,Muscle_system/Back/Male/Latissimus_dorsi_male_L
Carotid_canal_L,Inactive,Skeleton_system/Head_and_Neck/Carotid_canal_L
Supraclavicular_R,Inactive,Nervous_system/Head_and_Neck/Common/Supraclavicular_R
Right_atrium,Inactive,Artery_system/Thorax/heart/Right_atrium
Medial_plantar_L,Inactive,Nervous_system/Lower_Limb_L/Common/Medial_plantar_L
Subscapular_R_V,Inactive,Vein_system/Arm_R/Subscapular_R_V
Levator_scapulae_R,Inactive,Muscle_system/Back/Common/Levator_scapulae_R
Ulnar_456C08357T01789_R,Inactive,Nervous_system/Arm_R/Ulnar_456C08357T01789_R
Intertransversarii_mediales_lumborum_male_L,Inactive,Muscle_system/Back/Male/Intertransversarii_mediales_lumborum_male_L
Canine_cuspid_22_L,Inactive,Skeleton_system/Head_and_Neck/Canine_cuspid_22_L
L05_Dorsal_ramus_lateral_branch_female_R,Inactive,Nervous_system/Pelvis_and_Hip/FemaUVWXYZle/L05_Dorsal_ramus_lateral_branch_female_R
Male_skin_neck_L,Inactive,Skin_system/Head_and_Neck/Male/Male_skin_neck_L
Internal_iliac_female_L_A,Active,Artery_system/Pelvis_and_Hip/Female/Internal_iliac_female_L_A
Superior_vesical_female_R_V,Inactive,Vein_system/Pelvis_and_Hip/Female/Superior_vesical_female_R_V
Fibular_bursa_L,Inactive,Muscle_system/Lower_Limb_L/Common/Fibular_bursa_L
Vagina,Active,Reproductive_system/Pelvis_and_Hip/Female/Vagina
CN_05_456V789_Mandibular_R,Inactive,Nervous_system/Head_and_Neck/Common/CN_05_456V789_Mandibular_R
Levator_labii_superioris_R,Inactive,Muscle_system/Head_and_Neck/Levator_labii_superioris_R
Anterior_communicating_R,Inactive,Artery_system/Head_and_Neck/Anterior_communicating_R
Patellar_ligament_L,Inactive,Ligament_system/Lower_Limb_L/Common/Patellar_ligament_L
Extensor_digiti_minimi_R,Inactive,Muscle_system/Arm_R/Extensor_digiti_minimi_R
ABCDEFG4th_lumbar_splanchnic_female_R,Inactive,Nervous_system/Pelvis_and_Hip/FemaUVWXYZle/ABCDEFG4th_lumbar_splanchnic_female_R
FeOPQRSTmale,Inactive,Lymphatic_system/Lower_Limb_L/FeOPQRSTmale
Trapezoid_R,Inactive,Skeleton_system/Arm_R/Trapezoid_R
Occipital_lymph_nodes_L,Inactive,Lymphatic_system/Head_and_Neck/Occipital_lymph_nodes_L
Pisohamate_ligament_L,Inactive,Ligament_system/Arm_L/Pisohamate_ligament_L
Common,Active,Artery_system/Abdomen/Common
Parietal_emissary_vein_R,Inactive,Vein_system/Head_and_Neck/Parietal_emissary_vein_R
Precuneal_branches_R,Inactive,Artery_system/Head_and_Neck/Precuneal_branches_R
Superior_gluteal_male_R_A,Inactive,Artery_system/Pelvis_and_Hip/Male/Superior_gluteal_male_R_A
Anterior_axillary_456pectoral789_lymph_nodes_R,Inactive,Lymphatic_system/Thorax/Common/Anterior_axillary_456pectoral789_lymph_nodes_R
Superior_extensor_retinaculum_L,Inactive,Ligament_system/Lower_Limb_L/Common/Superior_extensor_retinaculum_L
Bladder_neck_R_half,Inactive,Reproductive_system/Pelvis_and_Hip/Male/Bladder_neck_R_half
Buck2689s_fascia_456upper789,Inactive,Reproductive_system/Pelvis_and_Hip/Male/Buck2689s_fascia_456upper789
Dorsal_interosseous_1st_R,Inactive,Muscle_system/Arm_R/Dorsal_interosseous_1st_R
External_iliac_male_R_V,Inactive,Vein_system/Pelvis_and_Hip/Male/External_iliac_male_R_V
T02_Dorsal_ramus_medial_branch_L,Inactive,Nervous_system/Back/Common/T02_Dorsal_ramus_medial_branch_L
Supratrochlear_R_A,Inactive,Artery_system/Head_and_Neck/Supratrochlear_R_A
Pampiniform_plexus_L,Inactive,Vein_system/Pelvis_and_Hip/Male/Pampiniform_plexus_L
Soleus_456triceps_surae_part789_L,Inactive,Muscle_system/Lower_Limb_L/Common/Soleus_456triceps_surae_part789_L
CN_03_456III789_Oculomotor_L,Inactive,Nervous_system/Head_and_Neck/Common/CN_03_456III789_Oculomotor_L
Femoral_female_R,Inactive,Nervous_system/Pelvis_and_Hip/Repetition_with_LLR/HIJKFemale/Femoral_female_R
Dura_mater_lumbar_region_female,Inactive,Nervous_system/Back/Repetition_with_PelvisHip/FemUVWXYZale/Dura_mater_lumbar_region_female
T07_Spinal_nerve_456ventral_ramus789_R,Inactive,Nervous_system/Thorax/Repetition_with_Abdomen/Common/T07_Spinal_nerve_456ventral_ramus789_R
Posterior_cord_456C05246T01789_L,Inactive,Nervous_system/Thorax/Common/Posterior_cord_456C05246T01789_L
Female_skin_thorax_L,Active,Skin_system/Thorax/Female/Female_skin_thorax_L
Superior_messenteric_plexus,Inactive,Nervous_system/Abdomen/Common/Superior_messenteric_plexus
C03_Dorsal_ramus_L,Inactive,Nervous_system/Head_and_Neck/Common/C03_Dorsal_ramus_L
T07_Cutaneous_branches_lateral_RABCDEFG,Inactive,Nervous_system/Abdomen/Common/T07_Cutaneous_branches_lateral_RABCDEFG
Deep_inguinal_lymph_nodes_R,Inactive,Lymphatic_system/Pelvis_and_Hip/Common/Deep_inguinal_lymph_nodes_R
Ansa_cervicalis_branch_to_omohyoid_superior_belly_R,Inactive,Nervous_system/Head_and_Neck/Common/Ansa_cervicalis_branch_to_omohyoid_superior_belly_R
Longus_colli_456vertical789_L,Inactive,Muscle_system/Head_and_Neck/Longus_colli_456vertical789_L
Levator_anguli_oris_R,Inactive,Muscle_system/Head_and_Neck/Levator_anguli_oris_R
Medial_456deltoid789_ligament_456tibionavicular_part789_R,Inactive,Ligament_system/Lower_Limb_R/Common/Medial_456deltoid789_ligament_456tibionavicular_part789_R
Nuclei_lateralis_thalami_L,Inactive,Nervous_system/Head_and_Neck/Common/brain/Nuclei_lateralis_thalami_L
Branch_to_sinoatrial_node,Inactive,Artery_system/Thorax/heart/Branch_to_sinoatrial_node
Circumflex_humeral_posterior_R_A,Inactive,Artery_system/Arm_R/Circumflex_humeral_posterior_R_A
Foramen_lacerum_occipital_surface_R,Inactive,Skeleton_system/Head_and_Neck/Foramen_lacerum_occipital_surface_R
CN_10_456X789_Superior_ganglion_L,Inactive,Nervous_system/Head_and_Neck/Common/CN_10_456X789_Superior_ganglion_L
Inferior_labial_L_V,Inactive,Vein_system/Head_and_Neck/Inferior_labial_L_V
Longitudinal_muscle_layer,Inactive,Digestive_system/Abdomen/Longitudinal_muscle_layer
Central_axillary_456intermediate789_lymph_nodes_L,Inactive,Lymphatic_system/Arm_L/Central_axillary_456intermediate789_lymph_nodes_L
Flexor_carpi_radialis_R,Inactive,Muscle_system/Arm_R/Flexor_carpi_radialis_R
Common,Inactive,Lymphatic_system/Pelvis_and_Hip/Common
Lateral_caval_lymph_nodes_male_R,Inactive,Lymphatic_system/Abdomen/MalHIJKe/Lateral_caval_lymph_nodes_male_R
Posterior_lateral_superficial_cervical_456spinal_accessory789_lymph_nodes_R,Inactive,Lymphatic_system/Head_and_Neck/Posterior_lateral_superficial_cervical_456spinal_accessory789_lymph_nodes_R
Female,Active,Skin_system/Arm_L/Female
Submental_L_V,Inactive,Vein_system/Head_and_Neck/Submental_L_V
Jejunal_and_ileal_branches_V,Inactive,Vein_system/Abdomen/Common/Jejunal_and_ileal_branches_V
ABCDEFG4th_Distal_phalanx_hand_L,Inactive,Skeleton_system/Arm_L/ABCDEFG4th_Distal_phalanx_hand_L
L03_Spinal_nerve_L,Active,Nervous_system/Pelvis_and_Hip/Common/L03_Spinal_nerve_L
T01_Spinal_nerve_456ventral_ramus789_L,Inactive,Nervous_system/Thorax/Common/T01_Spinal_nerve_456ventral_ramus789_L
Dorsal_venous_arch_hand_L,Inactive,Vein_system/Arm_L/Dorsal_venous_arch_hand_L
Superior_gluteal_female_R,Inactive,Nervous_system/Pelvis_and_Hip/FemaUVWXYZle/Superior_gluteal_female_R
Ileocolic_A,Inactive,Artery_system/Abdomen/Common/Ileocolic_A
C07_Dorsal_ramus_R,Inactive,Nervous_system/Head_and_Neck/Common/C07_Dorsal_ramus_R
Paraesophageal_lymph_nodes_R,Inactive,Lymphatic_system/Head_and_Neck/Repetition_with_Thorax/Paraesophageal_lymph_nodes_R
Deep_parotid_456preauricular789_lymph_nodes_R,Inactive,Lymphatic_system/Head_and_Neck/Deep_parotid_456preauricular789_lymph_nodes_R
Greater_trochanteric_bursa_R,Inactive,Muscle_system/Lower_Limb_R/Common/Greater_trochanteric_bursa_R
Testicle_lateral_half_L,Inactive,Reproductive_system/Pelvis_and_Hip/Male/Testicle_lateral_half_L
Sympathetic_ganglion_male_R,Inactive,Nervous_system/Thorax/MalABCDEFGe/Sympathetic_ganglion_male_R
Artery_of_precentral_sulcus_L,Inactive,Artery_system/Head_and_Neck/Artery_of_precentral_sulcus_L
S03_Ventral_root_female_L,Inactive,Nervous_system/Pelvis_and_Hip/FemaUVWXYZle/S03_Ventral_root_female_L
Extensor_digitorum_R,Inactive,Muscle_system/Arm_R/Extensor_digitorum_R
S02_Dorsal_root_male_L,Inactive,Nervous_system/Pelvis_and_Hip/MaleUVWXYZ/S02_Dorsal_root_male_L
Medial_superior_genicular_L_A,Inactive,Artery_system/Lower_Limb_L/Common/Medial_superior_genicular_L_A
Premolar_bicuspid_second_29_R,Inactive,Skeleton_system/Head_and_Neck/Premolar_bicuspid_second_29_R
Deltoid_middle_head_L,Inactive,Muscle_system/Arm_L/Deltoid_middle_head_L
CN_04_456IV789_Trochlear_L,Inactive,Nervous_system/Head_and_Neck/Common/CN_04_456IV789_Trochlear_L
Female,Inactive,Urinary_system/Abdomen/Repetition_with_Pelvis_and_Hip_Reproductive/Female
Seminal_vesicle_L,Inactive,Reproductive_system/Pelvis_and_Hip/Male/Seminal_vesicle_L
Adductor_brevis_male_R,Inactive,Muscle_system/Lower_Limb_R/Male/Adductor_brevis_male_R
T06_Cutaneous_branches_lateral_L,Inactive,Nervous_system/Thorax/Repetition_with_Abdomen/Common/T06_Cutaneous_branches_lateral_L
Dorsal_interosseous_3rd_L,Inactive,Muscle_system/Arm_L/Dorsal_interosseous_3rd_L
Lesser_splanchnic_nerves_LABCDEFG,Inactive,Nervous_system/Abdomen/Common/Lesser_splanchnic_nerves_LABCDEFG
Superficial_transverse_perineal_female_R,Active,Muscle_system/Pelvis_and_Hip/Female/Superficial_transverse_perineal_female_R
Bladder_body_R_half,Active,Reproductive_system/Pelvis_and_Hip/Female/Bladder_body_R_half
Sixth_rib_R,Inactive,Skeleton_system/Thorax/Sixth_rib_R
Repetition_with_Pelvis_and_Hip,Inactive,Lymphatic_system/Abdomen/Repetition_with_Pelvis_and_Hip
Tertiary_456segmental789_bronchus_456X789_L,Inactive,Respiratory_system/TABCDEFGhorax/Tertiary_456segmental789_bronchus_456X789_L
Quadratus_plantae_456flexor_accessorius789_L,Inactive,Muscle_system/Lower_Limb_L/Common/Quadratus_plantae_456flexor_accessorius789_L
L05_Ventral_root_male_L,Inactive,Nervous_system/Pelvis_and_Hip/MaleUVWXYZ/L05_Ventral_root_male_L
Subcutaneous_calcaneal_bursa_R,Inactive,Muscle_system/Lower_Limb_R/Common/Subcutaneous_calcaneal_bursa_R
Medial_collateral_456tibial_collateral789_ligament_456MCL789_R,Inactive,Ligament_system/Lower_Limb_R/Common/Medial_collateral_456tibial_collateral789_ligament_456MCL789_R
Great_saphenous_female_R,Inactive,Vein_system/Lower_Limb_R/Female/Great_saphenous_female_R
Gluteus_minimus_female_L,Active,Muscle_system/Pelvis_and_Hip/Female/Gluteus_minimus_female_L
T09_Ventral_root_R,Inactive,Nervous_system/Back/Common/T09_Ventral_root_R
Pyramidalis_male_R,Inactive,Muscle_system/Pelvis_and_Hip/Male/Pyramidalis_male_R
Condyloid_foramen_R,Inactive,Skeleton_system/Head_and_Neck/Condyloid_foramen_R
T12_456subcostal789_Ventral_root_R,Inactive,Nervous_system/Back/Common/T12_456subcostal789_Ventral_root_R
L02_Dorsal_ramus_R,Active,Nervous_system/Pelvis_and_Hip/Common/L02_Dorsal_ramus_R
Parietal_emissary_vein_L,Inactive,Vein_system/Head_and_Neck/Parietal_emissary_vein_L
Incisor_R,Inactive,Artery_system/Head_and_Neck/Incisor_R
Superficial_456dorsal789_digital_R,Inactive,Vein_system/Lower_Limb_R/Common/Superficial_456dorsal789_digital_R
Superior_gemellus_female_R,Active,Muscle_system/Pelvis_and_Hip/Female/Superior_gemellus_female_R
Palmaris_brevis_R,Inactive,Muscle_system/Arm_R/Palmaris_brevis_R
Anterior_meningeal_L,Inactive,Artery_system/Head_and_Neck/Anterior_meningeal_L
Pharyngeal_R,Inactive,Nervous_system/Head_and_Neck/Common/Pharyngeal_R
Psoas_minor_female_R,Inactive,Muscle_system/Abdomen/Repetition_with_Pelvis_and_Hip/FemZYXQPOale/Psoas_minor_female_R
Incisor_lateral_07_R,Inactive,Skeleton_system/Head_and_Neck/Incisor_lateral_07_R
Maxilla_body_L,Inactive,Skeleton_system/Head_and_Neck/Maxilla_body_L
T02_Dorsal_root_ganglion_L,Inactive,Nervous_system/Back/Common/T02_Dorsal_root_ganglion_L
Transverse_sinus_R,Inactive,Vein_system/Head_and_Neck/Transverse_sinus_R
Internal_intercostal_R,Active,Muscle_system/Thorax/Internal_intercostal_R
Masseter_superficial_R,Inactive,Muscle_system/Head_and_Neck/Masseter_superficial_R
CN_05_456V789_Inferior_alveolar_L,Inactive,Nervous_system/Head_and_Neck/Common/CN_05_456V789_Inferior_alveolar_L
Coronary_sinus,Inactive,Artery_system/Thorax/heart/Coronary_sinus
Anterior_fascicle,Inactive,Artery_system/Thorax/heart/group4/Anterior_fascicle
CN_10_456X789_Superior_ganglion_R,Inactive,Nervous_system/Head_and_Neck/Common/CN_10_456X789_Superior_ganglion_R
Obliquus_capitis_superior_L,Inactive,Muscle_system/Head_and_Neck/Obliquus_capitis_superior_L
Internal_iliac_male_L_A,Inactive,Artery_system/Pelvis_and_Hip/Male/Internal_iliac_male_L_A
Vocal_ligament_L,Inactive,Ligament_system/Head_and_Neck/Common/Vocal_ligament_L
Maxilla_hard_palate_L,Inactive,Skeleton_system/Head_and_Neck/Maxilla_hard_palate_L
Inferior_thyroid_L,Inactive,Artery_system/Head_and_Neck/Inferior_thyroid_L
Palmar_metacarpal_R_V,Inactive,Vein_system/Arm_R/Palmar_metacarpal_R_V
Deep_branch_of_radial_L,Inactive,Nervous_system/Arm_L/Deep_branch_of_radial_L
Radial_dorsal_carpal_branch_L,Inactive,Artery_system/Arm_L/Radial_dorsal_carpal_branch_L
S04_Dorsal_root_male_R,Inactive,Nervous_system/Pelvis_and_Hip/MaleUVWXYZ/S04_Dorsal_root_male_R
Pisiform_R,Inactive,Skeleton_system/Arm_R/Pisiform_R
Intertubercular_tendon_sheath_L,Inactive,Muscle_system/Arm_L/Intertubercular_tendon_sheath_L
External_iliac_plexus_male_L,Inactive,Nervous_system/Pelvis_and_Hip/MaleUVWXYZ/External_iliac_plexus_male_L
Lateral_pterygoid_L,Inactive,Artery_system/Head_and_Neck/Lateral_pterygoid_L
Head_and_Neck,Inactive,Ligament_system/Head_and_Neck
Sacral_lymph_vessels_female_R,Inactive,Lymphatic_system/Pelvis_and_Hip/OPQRSTFemale/Sacral_lymph_vessels_female_R
Vastus_medialis_L,Inactive,Muscle_system/Lower_Limb_L/Common/Vastus_medialis_L
Atrioventricular_node,Inactive,Artery_system/Thorax/heart/group4/Atrioventricular_node
Tenth_rib_L,Inactive,Skeleton_system/Thorax/Tenth_rib_L
Ovarian_plexus_female_L,Inactive,Nervous_system/Abdomen/Repetition_with_PelvisHip/FUVWXYZemale/Ovarian_plexus_female_L
C04_Dorsal_root_ganglion_L,Inactive,Nervous_system/Head_and_Neck/Common/C04_Dorsal_root_ganglion_L
Inferior_rectal_male_L_A,Inactive,Artery_system/Pelvis_and_Hip/Male/Inferior_rectal_male_L_A
Incisor_central_08_R,Inactive,Skeleton_system/Head_and_Neck/Incisor_central_08_R
Vesical_venous_plexus_male_L,Inactive,Vein_system/Pelvis_and_Hip/Male/Vesical_venous_plexus_male_L
Geniohyoid_L,Inactive,Muscle_system/Head_and_Neck/Geniohyoid_L
T10_Spinal_nerve_456ventral_ramus789_male_L,Inactive,Nervous_system/Thorax/Repetition_with_Abdomen/MaleABCDEFG/T10_Spinal_nerve_456ventral_ramus789_male_L
Ureter_male_L,Inactive,Urinary_system/Abdomen/Repetition_with_Pelvis_and_Hip_Reproductive/Male/Ureter_male_L
Pubococcygeus_456part_of_levator_ani789_female_R,Active,Muscle_system/Pelvis_and_Hip/Female/Pubococcygeus_456part_of_levator_ani789_female_R
Gonadal_456testicular_internal_spermatic789_male_R_V,Inactive,Vein_system/Abdomen/Repetition_with_PelvisHip/MaleDCBA/Gonadal_456testicular_internal_spermatic789_male_R_V
Profunda_femoris_456deep_femoral_deep_artery_of_the_thigh789_male_L,Inactive,Artery_system/Lower_Limb_L/Male/Profunda_femoris_456deep_femoral_deep_artery_of_the_thigh789_male_L
L05_Dorsal_root_ganglion_female_R,Inactive,Nervous_system/Pelvis_and_Hip/FemaUVWXYZle/L05_Dorsal_root_ganglion_female_R
Hyoid_os_hyoideum_lingual_bone,Inactive,Skeleton_system/Head_and_Neck/Hyoid_os_hyoideum_lingual_bone
Auricular_456ear789_cartilage_R,Inactive,Skeleton_system/Head_and_Neck/Auricular_456ear789_cartilage_R
Left_temporal_lobe,Inactive,Nervous_system/Head_and_Neck/Common/brain/Cerebral_cortex/Left_cerebral_cortex/Left_temporal_lobe
Dura_mater_lumbar_region_male,Inactive,Nervous_system/Back/Repetition_with_PelvisHip/MalUVWXYZe/Dura_mater_lumbar_region_male
Inferior_glenohumeral_ligament_L,Inactive,Ligament_system/Arm_L/Inferior_glenohumeral_ligament_L
Superior_thyroid_R_V,Inactive,Vein_system/Head_and_Neck/Superior_thyroid_R_V
Dorsal_callosal_branch_L,Inactive,Artery_system/Head_and_Neck/Dorsal_callosal_branch_L
T12_VertebraABCDEFG,Inactive,Skeleton_system/Back/Common/T12_VertebraABCDEFG
T10_Cutaneous_branches_anterior_female_R,Inactive,Nervous_system/Abdomen/UVWXYZFemale/T10_Cutaneous_branches_anterior_female_R
Internal_carotid_petrous_part_R,Inactive,Artery_system/Head_and_Neck/Internal_carotid_petrous_part_R
T05_Vertebra,Inactive,Skeleton_system/Thorax/Repetition_with_Back/T05_Vertebra
Medial_sural_cutaneous_R,Inactive,Nervous_system/Lower_Limb_R/Common/Medial_sural_cutaneous_R
S02_Spinal_nerve_male_L,Inactive,Nervous_system/Pelvis_and_Hip/MaleUVWXYZ/S02_Spinal_nerve_male_L
T11_Dorsal_root_R,Inactive,Nervous_system/Back/Common/T11_Dorsal_root_R
Occipital_L_A,Inactive,Artery_system/Head_and_Neck/Occipital_L_A
Gray_rami_communicantes_lumbar_region_male_R,Inactive,Nervous_system/Pelvis_and_Hip/MaleUVWXYZ/Gray_rami_communicantes_lumbar_region_male_R
Uterine_ovarian_branch_R_V,Inactive,Vein_system/Pelvis_and_Hip/Female/Uterine_ovarian_branch_R_V
Supraspinous_ligament_lumbar_region_femaleABCDEFG,Inactive,Ligament_system/Pelvis_and_Hip/Female/Supraspinous_ligament_lumbar_region_femaleABCDEFG
Parasternal_lymph_vessels_R,Inactive,Lymphatic_system/Thorax/Common/Parasternal_lymph_vessels_R
Nucleus_ventromedialis_R,Inactive,Nervous_system/Head_and_Neck/Common/brain/Nucleus_ventromedialis_R
Obturator_internus_female_R,Active,Muscle_system/Pelvis_and_Hip/Female/Obturator_internus_female_R
L03_Dorsal_ramus_lateral_branch_female_L,Inactive,Nervous_system/Pelvis_and_Hip/FemaUVWXYZle/L03_Dorsal_ramus_lateral_branch_female_L
Maxillary_R_A,Inactive,Artery_system/Head_and_Neck/Maxillary_R_A
Internal_iliac_456epigastric789_lymph_nodes_female_R,Inactive,Lymphatic_system/Pelvis_and_Hip/OPQRSTFemale/Internal_iliac_456epigastric789_lymph_nodes_female_R
T07_Dorsal_ramus_R,Inactive,Nervous_system/Back/Common/T07_Dorsal_ramus_R
Lateral_thoracic_R_A,Inactive,Artery_system/Thorax/Lateral_thoracic_R_A
Thoracodorsal_L_A,Inactive,Artery_system/Back/Thoracodorsal_L_A
Ulnar_recurrent_anterior_L,Inactive,Artery_system/Arm_L/Ulnar_recurrent_anterior_L
Canine_cuspid_11_L,Inactive,Skeleton_system/Head_and_Neck/Canine_cuspid_11_L
Superior_deep_lateral_cervical_456internal_jugular789_lymph_nodes_R,Inactive,Lymphatic_system/Head_and_Neck/Superior_deep_lateral_cervical_456internal_jugular789_lymph_nodes_R
Superior_phrenic_L,Inactive,Artery_system/Thorax/Superior_phrenic_L
External_urethral_sphincter,Inactive,Reproductive_system/Pelvis_and_Hip/Male/External_urethral_sphincter
Pericallosal_L,Inactive,Artery_system/Head_and_Neck/Pericallosal_L
Internal_carotid_cerebral_part_L,Inactive,Artery_system/Head_and_Neck/Internal_carotid_cerebral_part_L
Uterosacral_ligament_female_L,Inactive,Ligament_system/Pelvis_and_Hip/Female/Uterosacral_ligament_female_L
Prepericardial_lymph_nodes,Inactive,Lymphatic_system/Thorax/Common/Prepericardial_lymph_nodes
ABCDEFG2nd_Metacarpal_R,Inactive,Skeleton_system/Arm_R/ABCDEFG2nd_Metacarpal_R
Tectorial_membrane_456deep_accessory_part789_R,Inactive,Ligament_system/Head_and_Neck/Common/Tectorial_membrane_456deep_accessory_part789_R
Intertransversarii_anteriores_cervicis_R,Inactive,Muscle_system/Back/Common/Intertransversarii_anteriores_cervicis_R
Anterior_cardiac_veins_of_right_ventricle,Inactive,Artery_system/Thorax/heart/Anterior_cardiac_veins_of_right_ventricle
Ligamenta_flava_lumbar_region_male,Inactive,Ligament_system/Back/Male/Ligamenta_flava_lumbar_region_male
Vesical_plexus_female_R,Inactive,Nervous_system/Pelvis_and_Hip/FemaUVWXYZle/Vesical_plexus_female_R
L02_Dorsal_ramus_lateral_branch_female_L,Inactive,Nervous_system/Pelvis_and_Hip/FemaUVWXYZle/L02_Dorsal_ramus_lateral_branch_female_L
HIJKFemale,Inactive,Nervous_system/Pelvis_and_Hip/Repetition_with_LLR/HIJKFemale
Distal_commissurall_ligament_L,Inactive,Ligament_system/Arm_L/Distal_commissurall_ligament_L
Supraspinous_ligament_sacral_region_maleABCDEFG,Inactive,Ligament_system/Pelvis_and_Hip/Male/Supraspinous_ligament_sacral_region_maleABCDEFG
Thoracic_456sympathetic789_cardiac_branches_R,Inactive,Nervous_system/Thorax/Common/Thoracic_456sympathetic789_cardiac_branches_R
Dura_mater,Inactive,Nervous_system/Head_and_Neck/Common/brain/Dura_mater
Gray_rami_communicantes_lumbar_region_male_L,Inactive,Nervous_system/Pelvis_and_Hip/MaleUVWXYZ/Gray_rami_communicantes_lumbar_region_male_L
Adductor_magnus_male_R,Inactive,Muscle_system/Lower_Limb_R/Male/Adductor_magnus_male_R
Filum_terminale_maleABCDEFG,Inactive,Nervous_system/Pelvis_and_Hip/MaleUVWXYZ/Filum_terminale_maleABCDEFG
CN_03_456III789_Oculomotor_R,Inactive,Nervous_system/Head_and_Neck/Common/CN_03_456III789_Oculomotor_R
Radius_forearm_antebrachium_R,Inactive,Skeleton_system/Arm_R/Radius_forearm_antebrachium_R
Iliopsoas_456iliopectineal789_bursa_female_R,Active,Muscle_system/Pelvis_and_Hip/Female/Iliopsoas_456iliopectineal789_bursa_female_R
Supraspinous_ligament_thoracic_region_maleABCDEFG,Inactive,Ligament_system/Back/Male/Supraspinous_ligament_thoracic_region_maleABCDEFG
Internal_jugular_lymph_vessel_R,Inactive,Lymphatic_system/Head_and_Neck/Internal_jugular_lymph_vessel_R
Pyramidalis_male_L,Inactive,Muscle_system/Pelvis_and_Hip/Male/Pyramidalis_male_L
Anterior_axillary_456pectoral789_lymph_vessels_female_L,Inactive,Lymphatic_system/Thorax/FeHIJKmale/Anterior_axillary_456pectoral789_lymph_vessels_female_L
Iliacus_male_L,Inactive,Muscle_system/Abdomen/Male/Iliacus_male_L
Inferior_gemellus_male_L,Inactive,Muscle_system/Pelvis_and_Hip/Male/Inferior_gemellus_male_L
Dorsal_artery_of_the_penis_R,Inactive,Artery_system/Pelvis_and_Hip/Male/Dorsal_artery_of_the_penis_R
Palmar_radiocarpal_ligament_radioscapholunate_part_L,Inactive,Ligament_system/Arm_L/Palmar_radiocarpal_ligament_radioscapholunate_part_L
Posteromedial_frontal_branch_R,Inactive,Artery_system/Head_and_Neck/Posteromedial_frontal_branch_R
Femoral_female_L,Inactive,Nervous_system/Pelvis_and_Hip/Repetition_with_LLL/FHIJKemale/Femoral_female_L
FemaABCDEFGle,Inactive,Nervous_system/Thorax/Repetition_with_Abdomen/FemaABCDEFGle
C08_Dorsal_root_R,Inactive,Nervous_system/Head_and_Neck/Common/C08_Dorsal_root_R
Dorsal_metacarpal_L_V,Inactive,Vein_system/Arm_L/Dorsal_metacarpal_L_V
Metatarsophalangeal_articular_capsules_R,Inactive,Ligament_system/Lower_Limb_R/Common/Metatarsophalangeal_articular_capsules_R
Medial_plantar_R,Inactive,Nervous_system/Lower_Limb_R/Common/Medial_plantar_R
Ethmoid_cribriform_plate_R,Inactive,Skeleton_system/Head_and_Neck/Ethmoid_cribriform_plate_R
Pericardium,Inactive,Artery_system/Thorax/heart/Pericardium
Eleventh_rib_R,Inactive,Skeleton_system/Thorax/Eleventh_rib_R
Iliohypogastric_male_R,Inactive,Nervous_system/Pelvis_and_Hip/MaleUVWXYZ/Iliohypogastric_male_R
T08_Dorsal_root_ganglion_L,Inactive,Nervous_system/Back/Common/T08_Dorsal_root_ganglion_L
S04_Dorsal_root_ganglion_female_R,Inactive,Nervous_system/Pelvis_and_Hip/FemaUVWXYZle/S04_Dorsal_root_ganglion_female_R
Female,Active,Skin_system/Abdomen/Female
Male_skin_scrotum_R,Inactive,Skin_system/Pelvis_and_Hip/Male/Male_skin_scrotum_R
Levator_labii_superioris_L,Inactive,Muscle_system/Head_and_Neck/Levator_labii_superioris_L
L04_Spinal_nerve_female_L,Inactive,Nervous_system/Pelvis_and_Hip/FemaUVWXYZle/L04_Spinal_nerve_female_L
T06246T07_Intervertebral_disc,Inactive,Skeleton_system/Thorax/Repetition_with_Back/T06246T07_Intervertebral_disc
Medial_inferior_genicular_L_A,Inactive,Artery_system/Lower_Limb_L/Common/Medial_inferior_genicular_L_A
Salpingopharyngeus_L,Inactive,Muscle_system/Head_and_Neck/Salpingopharyngeus_L
Male,Inactive,Ligament_system/Back/Repetition_with_PelvisHip/Male
Lymph_vessels_of_the_bladder_male_R,Inactive,Lymphatic_system/Pelvis_and_Hip/OPQRSTMale/Lymph_vessels_of_the_bladder_male_R
Common_fibular_456peroneal789_L,Inactive,Nervous_system/Lower_Limb_L/Common/Common_fibular_456peroneal789_L
Posterior_atlanto246occipital_membrane,Inactive,Ligament_system/Head_and_Neck/Common/Posterior_atlanto246occipital_membrane
CN_07_456VII789_Posterior_auricular_R,Inactive,Nervous_system/Head_and_Neck/Common/CN_07_456VII789_Posterior_auricular_R
Fibular_456peroneal789_L_A,Inactive,Artery_system/Lower_Limb_L/Common/Fibular_456peroneal789_L_A
FUVWXYZemale,Inactive,Nervous_system/Abdomen/Repetition_with_PelvisHip/FUVWXYZemale
Male_skin_abdomen_R,Inactive,Skin_system/Abdomen/Male/Male_skin_abdomen_R
Vastus_intermedius_L,Inactive,Muscle_system/Lower_Limb_L/Common/Vastus_intermedius_L
CN_05_456V789_Mental_L,Inactive,Nervous_system/Head_and_Neck/Common/CN_05_456V789_Mental_L
Lumbrical_2nd_R,Inactive,Muscle_system/Arm_R/Lumbrical_2nd_R
T02_Dorsal_ramus_medial_branch_R,Inactive,Nervous_system/Back/Common/T02_Dorsal_ramus_medial_branch_R
T08246T09_Intervertebral_discABCDEFG,Inactive,Skeleton_system/Back/Common/T08246T09_Intervertebral_discABCDEFG
Iliocostalis_thoracis_L,Inactive,Muscle_system/Back/Common/Iliocostalis_thoracis_L
Suprascapular_L_A,Inactive,Artery_system/Back/Suprascapular_L_A
FABCDEFGemale,Inactive,Nervous_system/Head_and_Neck/FABCDEFGemale
Lactiferous_ducts_R,Active,Reproductive_system/Thorax/Lactiferous_ducts_R
CN_07_456VII789_Temporal_R,Inactive,Nervous_system/Head_and_Neck/Common/CN_07_456VII789_Temporal_R
Longissimus_capitis_L,Inactive,Muscle_system/Back/Common/Longissimus_capitis_L
Posterior_longitudinal_ligament_cervical_region_male_Head_and_Neck,Inactive,Ligament_system/Head_and_Neck/Repetition_with_Back/MaSKRle/Posterior_longitudinal_ligament_cervical_region_male_Head_and_Neck
Middle_colic_V,Inactive,Vein_system/Abdomen/Common/Middle_colic_V
Right_gastric_V,Inactive,Vein_system/Abdomen/Common/Right_gastric_V
Digastric_R,Inactive,Muscle_system/Head_and_Neck/Digastric_R
Superficial_epigastric_female_L_AABCDEFG,Active,Artery_system/Pelvis_and_Hip/Female/Superficial_epigastric_female_L_AABCDEFG
Intertransverse_ligaments_thoracic_region_R,Inactive,Ligament_system/Thorax/Repetition_with_Back/Common/Intertransverse_ligaments_thoracic_region_R
Musculophrenic_R_V,Inactive,Vein_system/Thorax/Musculophrenic_R_V
Hypophyseal_portal_L,Inactive,Vein_system/Head_and_Neck/Hypophyseal_portal_L
Abductor_digiti_minimi_456hand789_R,Inactive,Muscle_system/Arm_R/Abductor_digiti_minimi_456hand789_R
Jugular_foramen_occipital_surface_R,Inactive,Skeleton_system/Head_and_Neck/Jugular_foramen_occipital_surface_R
L05246S01_Sacral_intervertebral_disc_male,Inactive,Skeleton_system/Pelvis_and_Hip/Male/L05246S01_Sacral_intervertebral_disc_male
Superior_transverse_scapular_ligament_456forms_suprascapular_foramen789_L,Inactive,Ligament_system/Arm_L/Superior_transverse_scapular_ligament_456forms_suprascapular_foramen789_L
Lateral_superior_genicular_R_A,Inactive,Artery_system/Lower_Limb_R/Common/Lateral_superior_genicular_R_A
Palmar_metacarpal_ligaments_L,Inactive,Ligament_system/Arm_L/Palmar_metacarpal_ligaments_L
Inferior_rectal_male_R_V,Inactive,Vein_system/Pelvis_and_Hip/Male/Inferior_rectal_male_R_V
T11_Cutaneous_branches_anterior_male_R,Inactive,Nervous_system/Abdomen/UVWXYZMale/T11_Cutaneous_branches_anterior_male_R
Anterior_scrotal_R_A,Inactive,Artery_system/Pelvis_and_Hip/Male/Anterior_scrotal_R_A
Pelvis_and_Hip,Active,Skin_system/Pelvis_and_Hip
Obturator_membrane_male_L,Inactive,Ligament_system/Pelvis_and_Hip/Male/Obturator_membrane_male_L
Multifidus_male_L,Inactive,Muscle_system/Back/Common/Multifidus_male_L
Globus_pallidus_medialis_R,Inactive,Nervous_system/Head_and_Neck/Common/brain/Globus_pallidus_medialis_R
Ovarian_ligament_L,Active,Reproductive_system/Pelvis_and_Hip/Female/Ovarian_ligament_L
T02_Dorsal_root_L,Inactive,Nervous_system/Back/Common/T02_Dorsal_root_L
Ascending_lumbar_L,Inactive,Vein_system/Back/Ascending_lumbar_L
Vastus_lateralis_R,Inactive,Muscle_system/Lower_Limb_R/Common/Vastus_lateralis_R
Superior_cervical_sympathetic_ganglion_L,Inactive,Nervous_system/Head_and_Neck/Common/Superior_cervical_sympathetic_ganglion_L
S03_Dorsal_root_female_L,Inactive,Nervous_system/Pelvis_and_Hip/FemaUVWXYZle/S03_Dorsal_root_female_L
ABCDEFG4th_Metatarsal_R,Inactive,Skeleton_system/Lower_Limb_R/Common/ABCDEFG4th_Metatarsal_R
Obturator_female_L_A,Active,Artery_system/Pelvis_and_Hip/Female/Obturator_female_L_A
Anterior_atlanto246occipital_ligament,Inactive,Ligament_system/Head_and_Neck/Common/Anterior_atlanto246occipital_ligament
Levator_palpebrae_superioris_R,Inactive,Muscle_system/Head_and_Neck/Levator_palpebrae_superioris_R
Mylohyoid_R_A,Inactive,Artery_system/Head_and_Neck/Mylohyoid_R_A
Serratus_posterior_superior_L,Inactive,Muscle_system/Back/Common/Serratus_posterior_superior_L
Extensor_digitorum_brevis_R,Inactive,Muscle_system/Lower_Limb_R/Common/Extensor_digitorum_brevis_R
Middle_collateral_R,Inactive,Artery_system/Arm_R/Middle_collateral_R
Ulnar_communicating_branch_R,Inactive,Nervous_system/Arm_R/Ulnar_communicating_branch_R
Precuneal_branches_L,Inactive,Artery_system/Head_and_Neck/Precuneal_branches_L
SKRFemale,Inactive,Skeleton_system/Lower_Limb_R/SKRFemale
Internal_thoracic_456mammary789_L_V,Inactive,Vein_system/Thorax/Internal_thoracic_456mammary789_L_V
Superficial_temporal_L_A,Inactive,Artery_system/Head_and_Neck/Superficial_temporal_L_A
Pulmonary_trunk_456base_of789,Inactive,Artery_system/Thorax/heart/Pulmonary_trunk_456base_of789
Temporalis_R,Inactive,Muscle_system/Head_and_Neck/Temporalis_R
Molar_first_19_L,Inactive,Skeleton_system/Head_and_Neck/Molar_first_19_L
Superior_medial_palpebral_L_V,Inactive,Vein_system/Head_and_Neck/Superior_medial_palpebral_L_V
S01_Spinal_nerve_female_L,Inactive,Nervous_system/Pelvis_and_Hip/FemaUVWXYZle/S01_Spinal_nerve_female_L
L03_Dorsal_ramus_lateral_branch_male_R,Inactive,Nervous_system/Pelvis_and_Hip/MaleUVWXYZ/L03_Dorsal_ramus_lateral_branch_male_R
Circumflex_femoral_medial_L_V,Inactive,Vein_system/Lower_Limb_L/Common/Circumflex_femoral_medial_L_V
Anterior_intercavernosus_sinus,Inactive,Vein_system/Head_and_Neck/Anterior_intercavernosus_sinus
Gracilis_male_R,Inactive,Muscle_system/Lower_Limb_R/Male/Gracilis_male_R
Cystic_lymph_node,Inactive,Lymphatic_system/Abdomen/Common/Cystic_lymph_node
Extensor_hallucis_brevis_R,Inactive,Muscle_system/Lower_Limb_R/Common/Extensor_hallucis_brevis_R
Musculocutaneous_456C05246C07789_R,Inactive,Nervous_system/Arm_R/Musculocutaneous_456C05246C07789_R
Posterior_femoral_cutaneous_female_R,Inactive,Nervous_system/Pelvis_and_Hip/FemaUVWXYZle/Posterior_femoral_cutaneous_female_R
Ansa_cervicalis_inferior_branch_L,Inactive,Nervous_system/Head_and_Neck/Common/Ansa_cervicalis_inferior_branch_L
C01_Spinal_nerve_456ventral_ramus789_R,Inactive,Nervous_system/Head_and_Neck/Common/C01_Spinal_nerve_456ventral_ramus789_R
Greater_alar_456major_alar_lower_lateral789_cartilage_L,Inactive,Skeleton_system/Head_and_Neck/Greater_alar_456major_alar_lower_lateral789_cartilage_L
Gluteus_minimus_male_R,Inactive,Muscle_system/Pelvis_and_Hip/Male/Gluteus_minimus_male_R
Anterior_deep_temporal_L,Inactive,Artery_system/Head_and_Neck/Anterior_deep_temporal_L
Superficial_circumflex_iliac_female_L_A,Active,Artery_system/Pelvis_and_Hip/Female/Superficial_circumflex_iliac_female_L_A
Internal_pudendal_female_L_A,Active,Artery_system/Pelvis_and_Hip/Female/Internal_pudendal_female_L_A
Biceps_femoris_short_head_R,Inactive,Muscle_system/Lower_Limb_R/Common/Biceps_femoris_short_head_R
Right_marginal_artery,Inactive,Artery_system/Thorax/heart/Right_marginal_artery
L01_Dorsal_root_L,Inactive,Nervous_system/Back/Common/L01_Dorsal_root_L
External_iliac_lymph_nodes_L,Inactive,Lymphatic_system/Pelvis_and_Hip/Common/External_iliac_lymph_nodes_L
Ulnar_collateral_ligament_L,Inactive,Ligament_system/Arm_L/Ulnar_collateral_ligament_L
Sternocleidomastoid_L,Inactive,Muscle_system/Head_and_Neck/Sternocleidomastoid_L
CN_07_456VII789_Cervical_L,Inactive,Nervous_system/Head_and_Neck/Common/CN_07_456VII789_Cervical_L
Costocervical_trunk_R,Inactive,Artery_system/Thorax/Costocervical_trunk_R
CN_09_456IX789_Superior_ganglion_R,Inactive,Nervous_system/Head_and_Neck/Common/CN_09_456IX789_Superior_ganglion_R
Teres_major_L,Inactive,Muscle_system/Arm_L/Teres_major_L
Palmar_metacarpal_L_A,Inactive,Artery_system/Arm_L/Palmar_metacarpal_L_A
Multifidus_female_R,Inactive,Muscle_system/Back/Female/Multifidus_female_R
Back,Inactive,Lymphatic_system/Back
Dorsal_cuneocuboid_ligament_R,Inactive,Ligament_system/Lower_Limb_R/Common/Dorsal_cuneocuboid_ligament_R
Ejaculatory_duct_R,Inactive,Reproductive_system/Pelvis_and_Hip/Male/Ejaculatory_duct_R
ABCDEFG2nd_Middle_phalanx_foot_L,Inactive,Skeleton_system/Lower_Limb_L/Common/ABCDEFG2nd_Middle_phalanx_foot_L
C06_Dorsal_root_ganglion_L,Inactive,Nervous_system/Head_and_Neck/Common/C06_Dorsal_root_ganglion_L
Ulnar_recurrent_anterior_R,Inactive,Artery_system/Arm_R/Ulnar_recurrent_anterior_R
Nerve_to_levator_ani_female_R,Inactive,Nervous_system/Pelvis_and_Hip/FemaUVWXYZle/Nerve_to_levator_ani_female_R
Gastroepiploic_456gastro246omental789_lymph_nodes_L,Inactive,Lymphatic_system/Abdomen/Common/Gastroepiploic_456gastro246omental789_lymph_nodes_L
Arm_R,Inactive,Nervous_system/Arm_R
Pelvis_and_Hip,Active,Digestive_system/Pelvis_and_Hip
Suprarenal_plexus_R,Inactive,Nervous_system/Abdomen/Common/Suprarenal_plexus_R
Superior_lateral_palpebral_L_V,Inactive,Vein_system/Head_and_Neck/Superior_lateral_palpebral_L_V
MaUVWXYZle,Inactive,Nervous_system/Back/MaUVWXYZle
T08_Spinal_nerve_456ventral_ramus789_LABCDEFG,Inactive,Nervous_system/Abdomen/Common/T08_Spinal_nerve_456ventral_ramus789_LABCDEFG
Anterior_hypothalamic_region_R,Inactive,Nervous_system/Head_and_Neck/Common/brain/Anterior_hypothalamic_region_R
Myocardium,Inactive,Artery_system/Thorax/heart/group10/Myocardium
Ureter_female_LABCDEFG,Active,Reproductive_system/Pelvis_and_Hip/Female/Ureter_female_LABCDEFG
Flexor_digitorum_brevis_R,Inactive,Muscle_system/Lower_Limb_R/Common/Flexor_digitorum_brevis_R
Male_hair_L,Inactive,Skin_system/Head_and_Neck/Male/Male_hair_L
L04246L05_Intervertebral_disc_male,Inactive,Skeleton_system/Back/MalORZe/L04246L05_Intervertebral_disc_male
Levator_labii_superioris_alaeque_nasi_R,Inactive,Muscle_system/Head_and_Neck/Levator_labii_superioris_alaeque_nasi_R
Pharyngeal_L,Inactive,Nervous_system/Head_and_Neck/Common/Pharyngeal_L
T11246T12_Intervertebral_disc,Inactive,Skeleton_system/Thorax/Repetition_with_Back/T11246T12_Intervertebral_disc
Sternocleidomastoid_lymph_nodes_R,Inactive,Lymphatic_system/Head_and_Neck/Sternocleidomastoid_lymph_nodes_R
Zygomatic_zygomaticotemporal_foramen_R,Inactive,Skeleton_system/Head_and_Neck/Zygomatic_zygomaticotemporal_foramen_R
Superior_ophthalmic_L,Inactive,Vein_system/Head_and_Neck/Superior_ophthalmic_L
Internal_urethral_sphincter,Inactive,Reproductive_system/Pelvis_and_Hip/Male/Internal_urethral_sphincter
S03_Ventral_root_male_L,Inactive,Nervous_system/Pelvis_and_Hip/MaleUVWXYZ/S03_Ventral_root_male_L
Uterine_R_A,Active,Artery_system/Pelvis_and_Hip/Female/Uterine_R_A
Dorsal_digital_hand_R_A,Inactive,Artery_system/Arm_R/Dorsal_digital_hand_R_A
Mandible_mental_foramen_R,Inactive,Skeleton_system/Head_and_Neck/Mandible_mental_foramen_R
Anterior_jugular_lymph_vessel_R,Inactive,Lymphatic_system/Head_and_Neck/Anterior_jugular_lymph_vessel_R
Angular_R_V,Inactive,Vein_system/Head_and_Neck/Angular_R_V
ABCDEFG5th_Middle_phalanx_hand_L,Inactive,Skeleton_system/Arm_L/ABCDEFG5th_Middle_phalanx_hand_L
Inferior_mesenteric_plexus,Inactive,Nervous_system/Abdomen/Common/Inferior_mesenteric_plexus
Pulmonary_valve_left_cusp,Inactive,Artery_system/Thorax/heart/group6/Pulmonary_valve_left_cusp
Right_ventricle,Inactive,Artery_system/Thorax/heart/group10/Right_ventricle
Precentral_gyrus_L,Inactive,Nervous_system/Head_and_Neck/Common/brain/Cerebral_cortex/Left_cerebral_cortex/Left_frontal_lobe/Precentral_gyrus_L
Iliotibial_456Maissiat2689s789_tract_456band789_R,Inactive,Muscle_system/Lower_Limb_R/Common/Iliotibial_456Maissiat2689s789_tract_456band789_R
Maxillary_L_V,Inactive,Vein_system/Head_and_Neck/Maxillary_L_V
Thymus,Inactive,Lymphatic_system/Thorax/Common/Thymus
CN_05_456V789_Trigeminal_456semilunar789_ganglion_R,Inactive,Nervous_system/Head_and_Neck/Common/CN_05_456V789_Trigeminal_456semilunar789_ganglion_R
Lactiferous_ducts_L,Active,Reproductive_system/Thorax/Lactiferous_ducts_L
MaSKRle,Inactive,Ligament_system/Head_and_Neck/Repetition_with_Back/MaSKRle
Inferior_ophthalmic_L,Inactive,Vein_system/Head_and_Neck/Inferior_ophthalmic_L
Greater_omentum_456gastrocolic_omentum789,Inactive,Digestive_system/Abdomen/Greater_omentum_456gastrocolic_omentum789
Musculophrenic_L_V,Inactive,Vein_system/Thorax/Musculophrenic_L_V
Pharyngeal_L_A,Inactive,Artery_system/Head_and_Neck/Pharyngeal_L_A
Mesencephalon_R,Inactive,Nervous_system/Head_and_Neck/Common/brain/Mesencephalon_R
Serratus_posterior_superior_R,Inactive,Muscle_system/Back/Common/Serratus_posterior_superior_R
Sternothyroid_R,Inactive,Muscle_system/Head_and_Neck/Sternothyroid_R
Pectoralis_major_L,Active,Muscle_system/Thorax/Pectoralis_major_L
Superficial_temporal_R_V,Inactive,Vein_system/Head_and_Neck/Superficial_temporal_R_V
Sympathetic_trunk_thoracic_region_male_R,Inactive,Nervous_system/Thorax/MalABCDEFGe/Sympathetic_trunk_thoracic_region_male_R
Middle_cervical_sympathetic_ganglion_R,Inactive,Nervous_system/Head_and_Neck/Common/Middle_cervical_sympathetic_ganglion_R
Cystic_V,Inactive,Vein_system/Abdomen/Common/Cystic_V
Branches_of_parasternal_lymph_vessels_female_R,Inactive,Lymphatic_system/Thorax/FeHIJKmale/Branches_of_parasternal_lymph_vessels_female_R
Pancreatic_branches_to_head_456caput789,Inactive,Artery_system/Abdomen/Common/Pancreatic_branches_to_head_456caput789
T05_Dorsal_ramus_L,Inactive,Nervous_system/Back/Common/T05_Dorsal_ramus_L
HABCDEFGead_and_Neck,Inactive,Respiratory_system/HABCDEFGead_and_Neck
Cervicothoracic_456stellate789_ganglion_R,Inactive,Nervous_system/Thorax/Common/Cervicothoracic_456stellate789_ganglion_R
Ulnar_dorsal_carpal_branch_L,Inactive,Artery_system/Arm_L/Ulnar_dorsal_carpal_branch_L
Iliolumbar_female_L_A,Active,Artery_system/Pelvis_and_Hip/Female/Iliolumbar_female_L_A
Ansa_cervicalis_inferior_branch_R,Inactive,Nervous_system/Head_and_Neck/Common/Ansa_cervicalis_inferior_branch_R
Extensor_carpi_radialis_brevis_L,Inactive,Muscle_system/Arm_L/Extensor_carpi_radialis_brevis_L
Inguinal_ligament_male_R,Inactive,Ligament_system/Pelvis_and_Hip/Male/Inguinal_ligament_male_R
Common_interosseous_R,Inactive,Artery_system/Arm_R/Common_interosseous_R
Palmar_digital_456ulnar789_R,Inactive,Nervous_system/Arm_R/Palmar_digital_456ulnar789_R
Palmar_456volar789_radioulnar_ligament_L,Inactive,Ligament_system/Arm_L/Palmar_456volar789_radioulnar_ligament_L
External_iliac_male_L_V,Inactive,Vein_system/Pelvis_and_Hip/Male/External_iliac_male_L_V
Posterior_longitudinal_ligament_thoracic_region_femaleABCDEFG,Inactive,Ligament_system/Back/Female/Posterior_longitudinal_ligament_thoracic_region_femaleABCDEFG
Superior_medial_palpebral_L_A,Inactive,Artery_system/Head_and_Neck/Superior_medial_palpebral_L_A
Kidney_back_R,Inactive,Urinary_system/Abdomen/Common/Kidney_back_R
External_jugular_R,Inactive,Vein_system/Head_and_Neck/External_jugular_R
Palmar_ulnocarpal_ligament_456ulnolunate_and_ulnotriquetral789_L,Inactive,Ligament_system/Arm_L/Palmar_ulnocarpal_ligament_456ulnolunate_and_ulnotriquetral789_L
LarynxABCDEFG,Inactive,Respiratory_system/TABCDEFGhorax/LarynxABCDEFG
Inferior_gluteal_female_R,Inactive,Nervous_system/Pelvis_and_Hip/FemaUVWXYZle/Inferior_gluteal_female_R
C07246T01_Intervertebral_disc,Inactive,Skeleton_system/Head_and_Neck/C07246T01_Intervertebral_disc
S02_Dorsal_root_ganglion_female_L,Inactive,Nervous_system/Pelvis_and_Hip/FemaUVWXYZle/S02_Dorsal_root_ganglion_female_L
Inferior_glenohumeral_ligament_R,Inactive,Ligament_system/Arm_R/Inferior_glenohumeral_ligament_R
CN_456X789_Superior_cervical_456vagal789_cardiac_nerve_R,Inactive,Nervous_system/Head_and_Neck/Repetition_with_Thorax/Common/CN_456X789_Superior_cervical_456vagal789_cardiac_nerve_R
Inferior_adrenal_R,Inactive,Artery_system/Abdomen/Common/Inferior_adrenal_R
Renal_plexus_LABCDEFG,Inactive,Nervous_system/Abdomen/Common/Renal_plexus_LABCDEFG
S04_Ventral_root_male_L,Inactive,Nervous_system/Pelvis_and_Hip/MaleUVWXYZ/S04_Ventral_root_male_L
Lateral_inferior_genicular_R_A,Inactive,Artery_system/Lower_Limb_R/Common/Lateral_inferior_genicular_R_A
ABCDEFG3rd_Proximal_phalanx_hand_L,Inactive,Skeleton_system/Arm_L/ABCDEFG3rd_Proximal_phalanx_hand_L
Buck2689s_fascia_456lower789,Inactive,Reproductive_system/Pelvis_and_Hip/Male/Buck2689s_fascia_456lower789
Profunda_femoris_456deep_femoral_deep_artery_of_the_thigh789_female_L,Inactive,Artery_system/Lower_Limb_L/Female/Profunda_femoris_456deep_femoral_deep_artery_of_the_thigh789_female_L
T01246T02_Intervertebral_discABCDEFG,Inactive,Skeleton_system/Back/Common/T01246T02_Intervertebral_discABCDEFG
Sympathetic_trunk_male_R,Inactive,Nervous_system/Pelvis_and_Hip/MaleUVWXYZ/Sympathetic_trunk_male_R
Posterior_auricular_L_V,Inactive,Vein_system/Head_and_Neck/Posterior_auricular_L_V
CN09_456IX789_Glossopharyngeal01234pharyngeal_tonsillar_and_lingual_branches_L,Inactive,Nervous_system/Head_and_Neck/Common/CN09_456IX789_Glossopharyngeal01234pharyngeal_tonsillar_and_lingual_branches_L
Tertiary_456segmental789_bronchus_456IV789_L,Inactive,Respiratory_system/TABCDEFGhorax/Tertiary_456segmental789_bronchus_456IV789_L
Grey_rami_communicantes_cervical_region_female_RABCDEFG,Inactive,Nervous_system/Thorax/FemABCDEFGale/Grey_rami_communicantes_cervical_region_female_RABCDEFG
Anterior_tibial_recurrent_L_A,Inactive,Artery_system/Lower_Limb_L/Common/Anterior_tibial_recurrent_L_A
Common,Inactive,Lymphatic_system/Abdomen/Common
polySurface262,Inactive,Nervous_system/Pelvis_and_Hip/MaleUVWXYZ/polySurface262
Internal_thoracic_456mammary789_R_A,Inactive,Artery_system/Thorax/Internal_thoracic_456mammary789_R_A
Common,Inactive,Nervous_system/Head_and_Neck/Repetition_with_Thorax/Common
L05_Dorsal_root_female_R,Inactive,Nervous_system/Pelvis_and_Hip/FemaUVWXYZle/L05_Dorsal_root_female_R
Arm_L,Inactive,Ligament_system/Arm_L
Plantar_interossei_R,Inactive,Muscle_system/Lower_Limb_R/Common/Plantar_interossei_R
External_oblique_male_R,Inactive,Muscle_system/Abdomen/Male/External_oblique_male_R
Medial_inferior_genicular_R_V,Inactive,Vein_system/Lower_Limb_R/Common/Medial_inferior_genicular_R_V
Palmar_456volar789_carpometacarpal_ligament_L,Inactive,Ligament_system/Arm_L/Palmar_456volar789_carpometacarpal_ligament_L
Circumflex_humeral_posterior_L_V,Inactive,Vein_system/Arm_L/Circumflex_humeral_posterior_L_V
Superficial_circumflex_iliac_male_L_V,Inactive,Vein_system/Pelvis_and_Hip/Male/Superficial_circumflex_iliac_male_L_V
Sesamoid_medial_R,Inactive,Skeleton_system/Lower_Limb_R/Common/Sesamoid_medial_R
Dorsal_metacarpal_ligaments_R,Inactive,Ligament_system/Arm_R/Dorsal_metacarpal_ligaments_R
Tertiary_456segmental789_bronchus_456IX789_L,Inactive,Respiratory_system/TABCDEFGhorax/Tertiary_456segmental789_bronchus_456IX789_L
L04_Dorsal_ramus_medial_branch_R,Active,Nervous_system/Pelvis_and_Hip/Common/L04_Dorsal_ramus_medial_branch_R
C04_Dorsal_ramus_L,Inactive,Nervous_system/Head_and_Neck/Common/C04_Dorsal_ramus_L
T05_Dorsal_ramus_lateral_branch_R,Inactive,Nervous_system/Back/Common/T05_Dorsal_ramus_lateral_branch_R
Subpyloric_lymph_nodes,Inactive,Lymphatic_system/Abdomen/Common/Subpyloric_lymph_nodes
C02_Spinal_nerve_456ventral_ramus789_R,Inactive,Nervous_system/Head_and_Neck/Common/C02_Spinal_nerve_456ventral_ramus789_R
Rectum,Active,Digestive_system/Pelvis_and_Hip/Rectum
Interatrial_456Bachmann2689s789_bundle,Inactive,Artery_system/Thorax/heart/group4/Interatrial_456Bachmann2689s789_bundle
T01_Ventral_root_L,Inactive,Nervous_system/Back/Common/T01_Ventral_root_L
Pubococcygeus_456part_of_levator_ani789_male_R,Inactive,Muscle_system/Pelvis_and_Hip/Male/Pubococcygeus_456part_of_levator_ani789_male_R
Psoas_major_female_LABCDEFG,Active,Muscle_system/Pelvis_and_Hip/Female/Psoas_major_female_LABCDEFG
Arcuate_nucleus_L,Inactive,Nervous_system/Head_and_Neck/Common/brain/Arcuate_nucleus_L
Indusium_griseum_R,Inactive,Nervous_system/Head_and_Neck/Common/brain/Indusium_griseum_R
Tectorial_membrane_456deep_accessory_part789_L,Inactive,Ligament_system/Head_and_Neck/Common/Tectorial_membrane_456deep_accessory_part789_L
Posterior_lateral_nasal_branches_L,Inactive,Artery_system/Head_and_Neck/Posterior_lateral_nasal_branches_L
Subparotid_lymph_node_R,Inactive,Lymphatic_system/Head_and_Neck/Subparotid_lymph_node_R
T10_Cutaneous_branches_lateral_R,Inactive,Nervous_system/Thorax/Repetition_with_Abdomen/Common/T10_Cutaneous_branches_lateral_R
Biceps_brachii_long_head_R,Inactive,Muscle_system/Arm_R/Biceps_brachii_long_head_R
Middle_sacral_lymph_nodes_male,Inactive,Lymphatic_system/Pelvis_and_Hip/OPQRSTMale/Middle_sacral_lymph_nodes_male
Spermatic_fascia_R,Inactive,Reproductive_system/Pelvis_and_Hip/Male/Spermatic_fascia_R
Plantaris_L,Inactive,Muscle_system/Lower_Limb_L/Common/Plantaris_L
Interphalangeal_articular_capsule_of_pollex_R,Inactive,Ligament_system/Arm_R/Interphalangeal_articular_capsule_of_pollex_R
L05_Dorsal_ramus_female_R,Inactive,Nervous_system/Pelvis_and_Hip/FemaUVWXYZle/L05_Dorsal_ramus_female_R
Artery_system,Active,Artery_system
Adductor_brevis_female_R,Inactive,Muscle_system/Lower_Limb_R/Female/Adductor_brevis_female_R
Dorsal_hypothalamic_area_R,Inactive,Nervous_system/Head_and_Neck/Common/brain/Dorsal_hypothalamic_area_R
ABCDEFG1st_Distal_phalanx_hallux_L,Inactive,Skeleton_system/Lower_Limb_L/Common/ABCDEFG1st_Distal_phalanx_hallux_L
T06_Ventral_root_L,Inactive,Nervous_system/Back/Common/T06_Ventral_root_L
Longissimus_capitis_R,Inactive,Muscle_system/Back/Common/Longissimus_capitis_R
T05_Dorsal_ramus_R,Inactive,Nervous_system/Back/Common/T05_Dorsal_ramus_R
Sciatic_L,Inactive,Nervous_system/Pelvis_and_Hip/Repetition_with_LLL/Common/Sciatic_L
C08_Dorsal_ramus_medial_branch_R,Inactive,Nervous_system/Head_and_Neck/Common/C08_Dorsal_ramus_medial_branch_R
Coccyx_male,Inactive,Skeleton_system/Pelvis_and_Hip/Male/Coccyx_male
Hypogastric_male_L,Inactive,Nervous_system/Pelvis_and_Hip/MaleUVWXYZ/Hypogastric_male_L
Node_of_ligamentum_arteriosum_456inconstant789,Inactive,Lymphatic_system/Thorax/Common/Node_of_ligamentum_arteriosum_456inconstant789
Femur_thigh_female_L,Inactive,Skeleton_system/Lower_Limb_L/FSKRemale/Femur_thigh_female_L
Pars_tuberalis_L,Inactive,Nervous_system/Head_and_Neck/Common/brain/Pars_tuberalis_L
Pulmonary_plexus,Inactive,Nervous_system/Thorax/Common/Pulmonary_plexus
ABCDEFG1st_Metatarsal_hallux_L,Inactive,Skeleton_system/Lower_Limb_L/Common/ABCDEFG1st_Metatarsal_hallux_L
L03_Dorsal_root_ganglion_L,Active,Nervous_system/Pelvis_and_Hip/Common/L03_Dorsal_root_ganglion_L
S01_Dorsal_root_male_R,Inactive,Nervous_system/Pelvis_and_Hip/MaleUVWXYZ/S01_Dorsal_root_male_R
Dorsomedial_nuclei_L,Inactive,Nervous_system/Head_and_Neck/Common/brain/Dorsomedial_nuclei_L
Dorsal_metatarsal_R,Inactive,Artery_system/Lower_Limb_R/Common/Dorsal_metatarsal_R
Sigmoid_V,Inactive,Vein_system/Abdomen/Common/Sigmoid_V
L03_Dorsal_root_L,Active,Nervous_system/Pelvis_and_Hip/Common/L03_Dorsal_root_L
ABCDEFG5th_Middle_phalanx_foot_L,Inactive,Skeleton_system/Lower_Limb_L/Common/ABCDEFG5th_Middle_phalanx_foot_L
Deep_parotid_456preauricular789_lymph_nodes_L,Inactive,Lymphatic_system/Head_and_Neck/Deep_parotid_456preauricular789_lymph_nodes_L
Transversus_abdominis_male_R,Inactive,Muscle_system/Abdomen/Male/Transversus_abdominis_male_R
Posterior_meningeal_R,Inactive,Artery_system/Head_and_Neck/Posterior_meningeal_R
C06_Spinal_nerve_456ventral_ramus789_L,Inactive,Nervous_system/Head_and_Neck/Common/C06_Spinal_nerve_456ventral_ramus789_L
Accessory_meningeal_L,Inactive,Artery_system/Head_and_Neck/Accessory_meningeal_L
Inferior_rectal_female_R_A,Active,Artery_system/Pelvis_and_Hip/Female/Inferior_rectal_female_R_A
Superior_vesical_male_R_V,Inactive,Vein_system/Pelvis_and_Hip/Male/Superior_vesical_male_R_V
Rectus_femoris_male_R,Inactive,Muscle_system/Lower_Limb_R/Male/Rectus_femoris_male_R
L03_Vertebra,Inactive,Skeleton_system/Back/Common/L03_Vertebra
Palmar_interosseous_1st_L,Inactive,Muscle_system/Arm_L/Palmar_interosseous_1st_L
Superficial_fibular_456peroneal789_L,Inactive,Nervous_system/Lower_Limb_L/Common/Superficial_fibular_456peroneal789_L
T10_Ventral_root_R,Inactive,Nervous_system/Back/Common/T10_Ventral_root_R
Genitofemoral_femoral_branch_L,Active,Nervous_system/Pelvis_and_Hip/Common/Genitofemoral_femoral_branch_L
Great_cardiac_456anterior_interventricular789_vein,Inactive,Artery_system/Thorax/heart/Great_cardiac_456anterior_interventricular789_vein
Transversus_abdominis_female_R,Active,Muscle_system/Abdomen/Female/Transversus_abdominis_female_R
Anterior_longitudinal_ligament_cervical_region_female_Head_and_Neck,Inactive,Ligament_system/Head_and_Neck/Repetition_with_Back/FeSKRmale/Anterior_longitudinal_ligament_cervical_region_female_Head_and_Neck
Dorsal_interosseous_1st_L,Inactive,Muscle_system/Arm_L/Dorsal_interosseous_1st_L
T11_Cutaneous_branches_anterior_male_L,Inactive,Nervous_system/Abdomen/UVWXYZMale/T11_Cutaneous_branches_anterior_male_L
C05_Dorsal_ramus_lateral_branch_L,Inactive,Nervous_system/Head_and_Neck/Common/C05_Dorsal_ramus_lateral_branch_L
Reproductive_system,Active,Reproductive_system
Nuclei_medialis_thalami_R,Inactive,Nervous_system/Head_and_Neck/Common/brain/Nuclei_medialis_thalami_R
T02_Ventral_root_L,Inactive,Nervous_system/Back/Common/T02_Ventral_root_L
Lateral_sacral_lymph_nodes_male_L,Inactive,Lymphatic_system/Pelvis_and_Hip/OPQRSTMale/Lateral_sacral_lymph_nodes_male_L
Molar_third_wisdom_01_R,Inactive,Skeleton_system/Head_and_Neck/Molar_third_wisdom_01_R
Psoas_major_female_L,Inactive,Muscle_system/Abdomen/Repetition_with_Pelvis_and_Hip/FemZYXQPOale/Psoas_major_female_L
Zygomaticoorbital_L_V,Inactive,Vein_system/Head_and_Neck/Zygomaticoorbital_L_V
Rectus_femoris_female_R,Inactive,Muscle_system/Lower_Limb_R/Female/Rectus_femoris_female_R
Acromioclavicular_ligament_R,Inactive,Ligament_system/Arm_R/Acromioclavicular_ligament_R
Anterior_axillary_456pectoral789_lymph_nodes_L,Inactive,Lymphatic_system/Thorax/Common/Anterior_axillary_456pectoral789_lymph_nodes_L
Mitral_456bicuspid789_valve_antermedial_456septal789_leaflet,Inactive,Artery_system/Thorax/heart/group5/Mitral_456bicuspid789_valve_antermedial_456septal789_leaflet
Aortic_valve_annulus,Inactive,Artery_system/Thorax/heart/group7/Aortic_valve_annulus
Lateral_femoral_cutaneous_male_L,Inactive,Nervous_system/Pelvis_and_Hip/MaleUVWXYZ/Lateral_femoral_cutaneous_male_L
T10_Cutaneous_branches_anterior_female_L,Inactive,Nervous_system/Abdomen/UVWXYZFemale/T10_Cutaneous_branches_anterior_female_L
Coracobrachialis_R,Inactive,Muscle_system/Arm_R/Coracobrachialis_R
Lateral_meniscus_L,Inactive,Ligament_system/Lower_Limb_L/Common/Lateral_meniscus_L
Testicular_plexus_LABCDEFG,Inactive,Nervous_system/Pelvis_and_Hip/MaleUVWXYZ/Testicular_plexus_LABCDEFG
Sacrotuberous_ligament_male_L,Inactive,Ligament_system/Pelvis_and_Hip/Male/Sacrotuberous_ligament_male_L
Inferior_anastomotic_vein_456of_Labbe789_R,Inactive,Vein_system/Head_and_Neck/Inferior_anastomotic_vein_456of_Labbe789_R
Molar_first_03_R,Inactive,Skeleton_system/Head_and_Neck/Molar_first_03_R
Stylomastoid_foramen_L,Inactive,Skeleton_system/Head_and_Neck/Stylomastoid_foramen_L
Calcaneus_L,Inactive,Skeleton_system/Lower_Limb_L/Common/Calcaneus_L
L01_Spinal_nerve_R,Active,Nervous_system/Pelvis_and_Hip/Common/L01_Spinal_nerve_R
Intermediate_lumbar_lymph_nodes_female,Inactive,Lymphatic_system/Abdomen/FemHIJKale/Intermediate_lumbar_lymph_nodes_female
Internal_carotid_cervical_part_L,Inactive,Artery_system/Head_and_Neck/Internal_carotid_cervical_part_L
C08_Spinal_nerve_456ventral_ramus789_L,Inactive,Nervous_system/Head_and_Neck/Common/C08_Spinal_nerve_456ventral_ramus789_L
Coccyx_female,Active,Skeleton_system/Pelvis_and_Hip/Female/Coccyx_female
Ileum_456posterior_intestine357distal_intestine789,Inactive,Digestive_system/Abdomen/Ileum_456posterior_intestine357distal_intestine789
Female,Active,Skin_system/Back/Female
T07_Dorsal_ramus_lateral_branch_L,Inactive,Nervous_system/Back/Common/T07_Dorsal_ramus_lateral_branch_L
Levatores_costarum_456longi789_L,Active,Muscle_system/Thorax/Levatores_costarum_456longi789_L
Palatine_R,Inactive,Skeleton_system/Head_and_Neck/Palatine_R
Nuclei_lateralis_R,Inactive,Nervous_system/Head_and_Neck/Common/brain/Nuclei_lateralis_R
C02_Dorsal_root_R,Inactive,Nervous_system/Head_and_Neck/Common/C02_Dorsal_root_R
Labial_branches_L,Inactive,Vein_system/Head_and_Neck/Labial_branches_L
Anterior_longitudinal_ligament_lumbar_region_female,Inactive,Ligament_system/Back/Female/Anterior_longitudinal_ligament_lumbar_region_female
Juxtaesophageal_lymph_nodes_L,Inactive,Lymphatic_system/Thorax/Common/Juxtaesophageal_lymph_nodes_L
Common_tendinous_ring_R,Inactive,Muscle_system/Head_and_Neck/Common_tendinous_ring_R
Subcostal_456innermost_intercostal789_L,Active,Muscle_system/Thorax/Subcostal_456innermost_intercostal789_L
ABCDEFG3rd_Metacarpal_R,Inactive,Skeleton_system/Arm_R/ABCDEFG3rd_Metacarpal_R
Greater_trochanteric_bursa_L,Inactive,Muscle_system/Lower_Limb_L/Common/Greater_trochanteric_bursa_L
Posterior_talocalcaneal_ligament_L,Inactive,Ligament_system/Lower_Limb_L/Common/Posterior_talocalcaneal_ligament_L
Pelvis_and_Hip,Active,Skeleton_system/Pelvis_and_Hip
Pars_distalis_R,Inactive,Nervous_system/Head_and_Neck/Common/brain/Pars_distalis_R
T06_Dorsal_ramus_R,Inactive,Nervous_system/Back/Common/T06_Dorsal_ramus_R
T12_456subcostal789_Spinal_nerve_456ventral_ramus789_male_LABCDEFG,Inactive,Nervous_system/Abdomen/UVWXYZMale/T12_456subcostal789_Spinal_nerve_456ventral_ramus789_male_LABCDEFG
Palatoglossus_R,Inactive,Muscle_system/Head_and_Neck/Palatoglossus_R
Interspinales_lumborum_female_L,Inactive,Muscle_system/Back/Female/Interspinales_lumborum_female_L
Zygomaticoorbital_R_A,Inactive,Artery_system/Head_and_Neck/Zygomaticoorbital_R_A
Twelfth_rib_R,Inactive,Skeleton_system/Thorax/Twelfth_rib_R
Submental_R_A,Inactive,Artery_system/Head_and_Neck/Submental_R_A
C04_Spinal_nerve_456ventral_ramus789_R,Inactive,Nervous_system/Head_and_Neck/Common/C04_Spinal_nerve_456ventral_ramus789_R
Coracobrachialis_L,Inactive,Muscle_system/Arm_L/Coracobrachialis_L
Superior_epigastric_R_A,Inactive,Artery_system/Abdomen/Common/Superior_epigastric_R_A
Posterior_tibiofibular_ligament_R,Inactive,Ligament_system/Lower_Limb_R/Common/Posterior_tibiofibular_ligament_R
Ulnar_dorsal_branch_L,Inactive,Nervous_system/Arm_L/Ulnar_dorsal_branch_L
Piriform_sinus,Inactive,Digestive_system/Head_and_Neck/Piriform_sinus
Median_medial_root_R,Inactive,Nervous_system/Thorax/Common/Median_medial_root_R
Palmar_digital_456ulnar789_L,Inactive,Nervous_system/Arm_L/Palmar_digital_456ulnar789_L
Ethmoid_sinuses_posterior_group456membranes789,Inactive,Respiratory_system/HABCDEFGead_and_Neck/Ethmoid_sinuses_posterior_group456membranes789
T12246L01_Intervertebral_discABCDEFG,Inactive,Skeleton_system/Back/Common/T12246L01_Intervertebral_discABCDEFG
Appendicular,Inactive,Vein_system/Abdomen/Common/Appendicular
Superior_pharyngeal_constrictor_R,Inactive,Muscle_system/Head_and_Neck/Superior_pharyngeal_constrictor_R
Mammillary_body_R,Inactive,Nervous_system/Head_and_Neck/Common/brain/Mammillary_body_R
Superior_lobar_bronchus_R,Inactive,Respiratory_system/TABCDEFGhorax/Superior_lobar_bronchus_R
Semispinalis_thoracis_R,Inactive,Muscle_system/Back/Common/Semispinalis_thoracis_R
Supraspinous_ligament_sacral_region_femaleABCDEFG,Inactive,Ligament_system/Pelvis_and_Hip/Female/Supraspinous_ligament_sacral_region_femaleABCDEFG
Incisor_L,Inactive,Artery_system/Head_and_Neck/Incisor_L
Inferior_medial_palpebral_R_V,Inactive,Vein_system/Head_and_Neck/Inferior_medial_palpebral_R_V
Cauda_equina_female,Inactive,Nervous_system/Back/Repetition_with_PelvisHip/FemUVWXYZale/Cauda_equina_female
Spinalis_thoracis_L,Inactive,Muscle_system/Back/Common/Spinalis_thoracis_L
Renal_L_A,Inactive,Artery_system/Abdomen/Common/Renal_L_A
Genitofemoral_genital_branch_male_R,Inactive,Nervous_system/Pelvis_and_Hip/MaleUVWXYZ/Genitofemoral_genital_branch_male_R
Flexor_digitorum_brevis_L,Inactive,Muscle_system/Lower_Limb_L/Common/Flexor_digitorum_brevis_L
Pancreas_tail,Inactive,Digestive_system/Abdomen/Pancreas_tail
Semitendinosus_male_R,Inactive,Muscle_system/Lower_Limb_R/Male/Semitendinosus_male_R
Superior_mesenteric_V,Inactive,Vein_system/Abdomen/Common/Superior_mesenteric_V
Genitofemoral_genital_branch_female_L,Inactive,Nervous_system/Pelvis_and_Hip/FemaUVWXYZle/Genitofemoral_genital_branch_female_L
Obturator_female_R_A,Active,Artery_system/Pelvis_and_Hip/Female/Obturator_female_R_A
T07_Dorsal_root_L,Inactive,Nervous_system/Back/Common/T07_Dorsal_root_L
Pancreaticoduodenal_common_inferior,Inactive,Artery_system/Abdomen/Common/Pancreaticoduodenal_common_inferior
S04_Ventral_root_female_R,Inactive,Nervous_system/Pelvis_and_Hip/FemaUVWXYZle/S04_Ventral_root_female_R
Navicular_R,Inactive,Skeleton_system/Lower_Limb_R/Common/Navicular_R
Inferior_phrenic_L_V,Inactive,Vein_system/Abdomen/Common/Inferior_phrenic_L_V
Thorax,Active,Skin_system/Thorax
Aortic_valve_right_semilunar_cusp,Inactive,Artery_system/Thorax/heart/group7/Aortic_valve_right_semilunar_cusp
Tricuspid_valve_annulus,Inactive,Artery_system/Thorax/heart/group8/Tricuspid_valve_annulus
T02_Dorsal_ramus_lateral_branch_R,Inactive,Nervous_system/Back/Common/T02_Dorsal_ramus_lateral_branch_R
Palmar_interosseous_3rd_L,Inactive,Muscle_system/Arm_L/Palmar_interosseous_3rd_L
Eye_R,Inactive,Nervous_system/Head_and_Neck/Common/eyes1/Eye_R
Subscapular_456posterior789_axillary_lymph_nodes_L,Inactive,Lymphatic_system/Arm_L/Subscapular_456posterior789_axillary_lymph_nodes_L
Female_skin_leg_upper_R,Active,Skin_system/Lower_Limb_R/Female/Female_skin_leg_upper_R
Superficial_inguinal_lymph_nodes_456horizontal_tract789_female_L,Inactive,Lymphatic_system/Pelvis_and_Hip/OPQRSTFemale/Superficial_inguinal_lymph_nodes_456horizontal_tract789_female_L
Palmar_metacarpal_L_V,Inactive,Vein_system/Arm_L/Palmar_metacarpal_L_V
Superior_deep_lateral_cervical_456internal_jugular789_lymph_nodes_L,Inactive,Lymphatic_system/Head_and_Neck/Superior_deep_lateral_cervical_456internal_jugular789_lymph_nodes_L
Dorsal_cuneonavicular_ligament_L,Inactive,Ligament_system/Lower_Limb_L/Common/Dorsal_cuneonavicular_ligament_L
Palmar_radiocarpal_ligament_radiocapitate_part_R,Inactive,Ligament_system/Arm_R/Palmar_radiocarpal_ligament_radiocapitate_part_R
Metacarpophalangeal_articular_capsule_of_pollex_R,Inactive,Ligament_system/Arm_R/Metacarpophalangeal_articular_capsule_of_pollex_R
T03_Spinal_nerve_456ventral_ramus789_L,Inactive,Nervous_system/Thorax/Common/T03_Spinal_nerve_456ventral_ramus789_L
Inferior_vesical_male_R_V,Inactive,Vein_system/Pelvis_and_Hip/Male/Inferior_vesical_male_R_V
Middle_pharyngeal_constrictor_L,Inactive,Muscle_system/Head_and_Neck/Middle_pharyngeal_constrictor_L
Ovary_posterior_half_R,Active,Reproductive_system/Pelvis_and_Hip/Female/Ovary_posterior_half_R
Salpingopharyngeus_R,Inactive,Muscle_system/Head_and_Neck/Salpingopharyngeus_R
Labia_minora,Active,Reproductive_system/Pelvis_and_Hip/Female/Labia_minora
ABCDEFG5th_Distal_phalanx_foot_L,Inactive,Skeleton_system/Lower_Limb_L/Common/ABCDEFG5th_Distal_phalanx_foot_L
Inferior_pharyngeal_constrictor_456cricopharyngeal_part789_R,Inactive,Muscle_system/Head_and_Neck/Inferior_pharyngeal_constrictor_456cricopharyngeal_part789_R
Jugular_foramen_temporal_surface_R,Inactive,Skeleton_system/Head_and_Neck/Jugular_foramen_temporal_surface_R
Axillary_R_V,Inactive,Vein_system/Arm_R/Axillary_R_V
Quadratus_lumborum_male_R,Inactive,Muscle_system/Abdomen/Male/Quadratus_lumborum_male_R
Dura_mater_female,Inactive,Nervous_system/Back/FeUVWXYZmale/Dura_mater_female
Head_and_Neck,Active,Skin_system/Head_and_Neck
Plantar_aponeurosis_456plantar_fascia789_R,Inactive,Ligament_system/Lower_Limb_R/Common/Plantar_aponeurosis_456plantar_fascia789_R
Cervicothoracic_456stellate789_ganglion_L,Inactive,Nervous_system/Head_and_Neck/Common/Cervicothoracic_456stellate789_ganglion_L
Plantar_metatarsal_R,Inactive,Artery_system/Lower_Limb_R/Common/Plantar_metatarsal_R
S04_Spinal_nerve_male_L,Inactive,Nervous_system/Pelvis_and_Hip/MaleUVWXYZ/S04_Spinal_nerve_male_L
Anterior_interosseous_R_A,Inactive,Artery_system/Arm_R/Anterior_interosseous_R_A
T07_Spinal_nerve_456ventral_ramus789_RABCDEFG,Inactive,Nervous_system/Abdomen/Common/T07_Spinal_nerve_456ventral_ramus789_RABCDEFG
Posterior_part_of_left_superior_temporal_gyrus,Inactive,Nervous_system/Head_and_Neck/Common/brain/Cerebral_cortex/Left_cerebral_cortex/Left_temporal_lobe/Posterior_part_of_left_superior_temporal_gyrus
Posterior_superior_alveolar_R,Inactive,Nervous_system/Head_and_Neck/Common/Posterior_superior_alveolar_R
Lacrimal_R_V,Inactive,Vein_system/Head_and_Neck/Lacrimal_R_V
Extensor_pollicis_longus_L,Inactive,Muscle_system/Arm_L/Extensor_pollicis_longus_L
Dorsal_interosseous_2nd_L,Inactive,Muscle_system/Arm_L/Dorsal_interosseous_2nd_L
C06_Ventral_root_R,Inactive,Nervous_system/Head_and_Neck/Common/C06_Ventral_root_R
Spermatic_fascia_L,Inactive,Reproductive_system/Pelvis_and_Hip/Male/Spermatic_fascia_L
T11_Cutaneous_branches_anterior_female_L,Inactive,Nervous_system/Abdomen/UVWXYZFemale/T11_Cutaneous_branches_anterior_female_L
Anterior_deep_cervical_lymph_nodes_L,Inactive,Lymphatic_system/Head_and_Neck/Anterior_deep_cervical_lymph_nodes_L
Inferior_medial_palpebral_L_A,Inactive,Artery_system/Head_and_Neck/Inferior_medial_palpebral_L_A
Fibular_bursa_R,Inactive,Muscle_system/Lower_Limb_R/Common/Fibular_bursa_R
CN_11_456XI789_Accessory_R,Inactive,Nervous_system/Head_and_Neck/Common/CN_11_456XI789_Accessory_R
Inferior_clunial_456cluneal789_R,Active,Nervous_system/Pelvis_and_Hip/Common/Inferior_clunial_456cluneal789_R
Femur_thigh_male_L,Inactive,Skeleton_system/Lower_Limb_L/MSKRale/Femur_thigh_male_L
ABCDEFG5th_Proximal_phalanx_hand_L,Inactive,Skeleton_system/Arm_L/ABCDEFG5th_Proximal_phalanx_hand_L
Lumbar_L_A,Inactive,Artery_system/Back/Lumbar_L_A
Lateral_pterygoid_456inferior_head789_L,Inactive,Muscle_system/Head_and_Neck/Lateral_pterygoid_456inferior_head789_L
Abductor_pollicis_brevis_R,Inactive,Muscle_system/Arm_R/Abductor_pollicis_brevis_R
Platysma_R,Inactive,Muscle_system/Head_and_Neck/Platysma_R
Obturator_male_L,Inactive,Nervous_system/Pelvis_and_Hip/Repetition_with_LLL/MHIJKale/Obturator_male_L
Polar_frontal_R,Inactive,Artery_system/Head_and_Neck/Polar_frontal_R
Arm_R,Active,Skin_system/Arm_R
Longus_colli_456inferior_oblique789_L,Inactive,Muscle_system/Head_and_Neck/Longus_colli_456inferior_oblique789_L
CN_09_456IX789_Glossopharyngeal_L,Inactive,Nervous_system/Head_and_Neck/Common/CN_09_456IX789_Glossopharyngeal_L
Second_rib_L,Inactive,Skeleton_system/Thorax/Second_rib_L
Medial_cuneiform_R,Inactive,Skeleton_system/Lower_Limb_R/Common/Medial_cuneiform_R
Nasalis_alar_portion_L,Inactive,Muscle_system/Head_and_Neck/Nasalis_alar_portion_L
Rotatores_thoracis_breves_R,Inactive,Muscle_system/Back/Common/Rotatores_thoracis_breves_R
Grey_rami_communicantes_thoracic_region_male_L,Inactive,Nervous_system/Thorax/MalABCDEFGe/Grey_rami_communicantes_thoracic_region_male_L
Spleen,Inactive,Lymphatic_system/Abdomen/Common/Spleen
T03_Dorsal_ramus_medial_branch_R,Inactive,Nervous_system/Back/Common/T03_Dorsal_ramus_medial_branch_R
Ulnar_R_A,Inactive,Artery_system/Arm_R/Ulnar_R_A
Vas_deferens_L,Inactive,Reproductive_system/Pelvis_and_Hip/Male/Vas_deferens_L
Inferior_temporal_gyrus_L,Inactive,Nervous_system/Head_and_Neck/Common/brain/Cerebral_cortex/Left_cerebral_cortex/Left_temporal_lobe/Inferior_temporal_gyrus_L
Pancreatic_lymph_vessels,Inactive,Lymphatic_system/Abdomen/Common/Pancreatic_lymph_vessels
Inferior_adrenal_L,Inactive,Artery_system/Abdomen/Common/Inferior_adrenal_L
Rectus_capitis_anterior_L,Inactive,Muscle_system/Head_and_Neck/Rectus_capitis_anterior_L
Middle_rectal_male_L_V,Inactive,Vein_system/Pelvis_and_Hip/Male/Middle_rectal_male_L_V
Medial_pterygoid_R_A,Inactive,Artery_system/Head_and_Neck/Medial_pterygoid_R_A
Fornix_L,Inactive,Nervous_system/Head_and_Neck/Common/brain/Fornix_L
Primary_bronchus_R,Inactive,Respiratory_system/TABCDEFGhorax/Primary_bronchus_R
ABCDEFG5th_Proximal_phalanx_hand_R,Inactive,Skeleton_system/Arm_R/ABCDEFG5th_Proximal_phalanx_hand_R
Dorsal_callosal_branch_R,Inactive,Artery_system/Head_and_Neck/Dorsal_callosal_branch_R
Dorsal_metacarpal_R_V,Inactive,Vein_system/Arm_R/Dorsal_metacarpal_R_V
Thorax,Inactive,Skeleton_system/Thorax
Orbital_gyrus_R,Inactive,Nervous_system/Head_and_Neck/Common/brain/Cerebral_cortex/Right_cerebral_cortex/Right_frontal_lobe/Orbital_gyrus_R
Left_ventricle,Inactive,Artery_system/Thorax/heart/group10/Left_ventricle
Lateral_sacral_male_L_A,Inactive,Artery_system/Pelvis_and_Hip/Male/Lateral_sacral_male_L_A
Secondary_capillary_plexus_R,Inactive,Vein_system/Head_and_Neck/Secondary_capillary_plexus_R
Posterior_auricular_R_V,Inactive,Vein_system/Head_and_Neck/Posterior_auricular_R_V
Semimembranosus_female_L,Inactive,Muscle_system/Lower_Limb_L/Female/Semimembranosus_female_L
Gonadal_456testicular_internal_spermatic789_male_R_AABCDEFG,Inactive,Artery_system/Pelvis_and_Hip/Male/Gonadal_456testicular_internal_spermatic789_male_R_AABCDEFG
Ovary_posterior_half_L,Active,Reproductive_system/Pelvis_and_Hip/Female/Ovary_posterior_half_L
Principal_anterior_vagal_branch_to_lesser_curvature_of_stomach,Inactive,Nervous_system/Thorax/Repetition_with_Abdomen/Common/Principal_anterior_vagal_branch_to_lesser_curvature_of_stomach
Collecting_lymph_vessels_from_glans_penis_L,Inactive,Lymphatic_system/Pelvis_and_Hip/OPQRSTMale/Collecting_lymph_vessels_from_glans_penis_L
Molar_second_31_R,Inactive,Skeleton_system/Head_and_Neck/Molar_second_31_R
T06_Dorsal_root_R,Inactive,Nervous_system/Back/Common/T06_Dorsal_root_R
Sternoclavicular_ligament_R,Inactive,Ligament_system/Arm_R/Sternoclavicular_ligament_R
Inframammary_lymph_nodes_R,Inactive,Lymphatic_system/Thorax/Common/Inframammary_lymph_nodes_R
Deep_transverse_metacarpal_ligaments_L,Inactive,Ligament_system/Arm_L/Deep_transverse_metacarpal_ligaments_L
L04_Dorsal_root_male_R,Inactive,Nervous_system/Pelvis_and_Hip/MaleUVWXYZ/L04_Dorsal_root_male_R
Lumbar_trunk_male_RABCDEFG,Inactive,Lymphatic_system/Pelvis_and_Hip/OPQRSTMale/Lumbar_trunk_male_RABCDEFG
T05_Cutaneous_branches_anterior_R,Inactive,Nervous_system/Thorax/Common/T05_Cutaneous_branches_anterior_R
Anterior_interosseous_L_A,Inactive,Artery_system/Arm_L/Anterior_interosseous_L_A
Testicle_lateral_half_R,Inactive,Reproductive_system/Pelvis_and_Hip/Male/Testicle_lateral_half_R
Medial_plantar_superficial_branch_R,Inactive,Artery_system/Lower_Limb_R/Common/Medial_plantar_superficial_branch_R
Lateral_thoracic_L_V,Inactive,Vein_system/Thorax/Lateral_thoracic_L_V
C06_Dorsal_ramus_R,Inactive,Nervous_system/Head_and_Neck/Common/C06_Dorsal_ramus_R
Submental_R_V,Inactive,Vein_system/Head_and_Neck/Submental_R_V
Intertransversarii_posteriores_cervicis_R,Inactive,Muscle_system/Back/Common/Intertransversarii_posteriores_cervicis_R
C03_Dorsal_ramus_lateral_branch_L,Inactive,Nervous_system/Head_and_Neck/Common/C03_Dorsal_ramus_lateral_branch_L
Lateral_aortic_lymph_vessels,Inactive,Lymphatic_system/Abdomen/Common/Lateral_aortic_lymph_vessels
Internal_jugular_lymph_vessel_L,Inactive,Lymphatic_system/Head_and_Neck/Internal_jugular_lymph_vessel_L
T09_Spinal_nerve_456ventral_ramus789_RABCDEFG,Inactive,Nervous_system/Abdomen/Common/T09_Spinal_nerve_456ventral_ramus789_RABCDEFG
C02_Ventral_root_R,Inactive,Nervous_system/Head_and_Neck/Common/C02_Ventral_root_R
T04_VertebraABCDEFG,Inactive,Skeleton_system/Back/Common/T04_VertebraABCDEFG
C06_Dorsal_ramus_lateral_branch_L,Inactive,Nervous_system/Head_and_Neck/Common/C06_Dorsal_ramus_lateral_branch_L
MUVWXYZale,Inactive,Nervous_system/Abdomen/Repetition_with_PelvisHip/MUVWXYZale
Uterus_body_R_half,Active,Reproductive_system/Pelvis_and_Hip/Female/Uterus_body_R_half
Nerve_to_quadratus_femoris_R,Active,Nervous_system/Pelvis_and_Hip/Common/Nerve_to_quadratus_femoris_R
External_jugular_lymph_vessel_L,Inactive,Lymphatic_system/Head_and_Neck/External_jugular_lymph_vessel_L
Mitral_456bicuspid789_valve_annulus,Inactive,Artery_system/Thorax/heart/group5/Mitral_456bicuspid789_valve_annulus
Deep_fibular_456peroneal789_lateral_branch_R,Inactive,Nervous_system/Lower_Limb_R/Common/Deep_fibular_456peroneal789_lateral_branch_R
Posterior_longitudinal_ligament_lumbar_region_female,Inactive,Ligament_system/Back/Female/Posterior_longitudinal_ligament_lumbar_region_female
MaleHIJK,Inactive,Lymphatic_system/Abdomen/Repetition_with_Pelvis_and_Hip/MaleHIJK
Descending_palatine_L,Inactive,Artery_system/Head_and_Neck/Descending_palatine_L
Gastrocnemius_456triceps_surae_part789_L,Inactive,Muscle_system/Lower_Limb_L/Common/Gastrocnemius_456triceps_surae_part789_L
T01246T02_Intervertebral_disc,Inactive,Skeleton_system/Thorax/Repetition_with_Back/T01246T02_Intervertebral_disc
ABCDEFG1st_Distal_phalanx_pollex_L,Inactive,Skeleton_system/Arm_L/ABCDEFG1st_Distal_phalanx_pollex_L
L04_Dorsal_ramus_lateral_branch_male_R,Inactive,Nervous_system/Pelvis_and_Hip/MaleUVWXYZ/L04_Dorsal_ramus_lateral_branch_male_R
T04_Cutaneous_branches_anterior_L,Inactive,Nervous_system/Thorax/Common/T04_Cutaneous_branches_anterior_L
Kidney_front_R,Inactive,Urinary_system/Abdomen/Common/Kidney_front_R
Digastric_L,Inactive,Muscle_system/Head_and_Neck/Digastric_L
Gonadal_456testicular_internal_spermatic789_male_R_A,Inactive,Artery_system/Abdomen/Repetition_with_PelvisHip/Male/Gonadal_456testicular_internal_spermatic789_male_R_A
T07_Dorsal_ramus_lateral_branch_R,Inactive,Nervous_system/Back/Common/T07_Dorsal_ramus_lateral_branch_R
Suprascapular_456C04246C06789_L,Inactive,Nervous_system/Back/Common/Suprascapular_456C04246C06789_L
Inferior_ophthalmic_R,Inactive,Vein_system/Head_and_Neck/Inferior_ophthalmic_R
C06_Ventral_root_L,Inactive,Nervous_system/Head_and_Neck/Common/C06_Ventral_root_L
T09_Spinal_nerve_456ventral_ramus789_L,Inactive,Nervous_system/Thorax/Repetition_with_Abdomen/Common/T09_Spinal_nerve_456ventral_ramus789_L
T05_Cutaneous_branches_anterior_L,Inactive,Nervous_system/Thorax/Common/T05_Cutaneous_branches_anterior_L
Female_skin_pelvis_L,Active,Skin_system/Pelvis_and_Hip/Female/Female_skin_pelvis_L
Middle_cerebral_L,Inactive,Artery_system/Head_and_Neck/Middle_cerebral_L
Internal_oblique_female_R,Active,Muscle_system/Abdomen/Female/Internal_oblique_female_R
Deep_transverse_perineal_female_L,Active,Muscle_system/Pelvis_and_Hip/Female/Deep_transverse_perineal_female_L
Arm_L,Active,Skin_system/Arm_L
Short_gastric_A,Inactive,Artery_system/Abdomen/Common/Short_gastric_A
C04_Dorsal_root_R,Inactive,Nervous_system/Head_and_Neck/Common/C04_Dorsal_root_R
Branches_of_the_lumbar_lymph_vessels_male,Inactive,Lymphatic_system/Abdomen/MalHIJKe/Branches_of_the_lumbar_lymph_vessels_male
Femoral_group_of_lymph_vessels_male_R,Inactive,Lymphatic_system/Lower_Limb_R/MOPQRSTale/Femoral_group_of_lymph_vessels_male_R
CN_05_456V789_Ophthalmic_ciliary_branch_L,Inactive,Nervous_system/Head_and_Neck/Common/CN_05_456V789_Ophthalmic_ciliary_branch_L
Interspinales_cervicis_L,Inactive,Muscle_system/Back/Common/Interspinales_cervicis_L
External_iliac_male_R_A,Inactive,Artery_system/Pelvis_and_Hip/Male/External_iliac_male_R_A
Male,Inactive,Muscle_system/Pelvis_and_Hip/Male
Prevertebral_lymph_nodes_L,Inactive,Lymphatic_system/Back/Prevertebral_lymph_nodes_L
Metacarpophalangeal_articular_capsules_L,Inactive,Ligament_system/Arm_L/Metacarpophalangeal_articular_capsules_L
Femoral_male_L_V,Inactive,Vein_system/Lower_Limb_L/Male/Femoral_male_L_V
T08_Cutaneous_branches_lateral_R,Inactive,Nervous_system/Thorax/Repetition_with_Abdomen/Common/T08_Cutaneous_branches_lateral_R
Superficial_transverse_perineal_male_L,Inactive,Muscle_system/Pelvis_and_Hip/Male/Superficial_transverse_perineal_male_L
Middle_hypophyseal_L,Inactive,Artery_system/Head_and_Neck/Middle_hypophyseal_L
Metacarpophalangeal_articular_capsule_of_pollex_L,Inactive,Ligament_system/Arm_L/Metacarpophalangeal_articular_capsule_of_pollex_L
Circumflex_femoral_lateral_R_A,Inactive,Artery_system/Lower_Limb_R/Common/Circumflex_femoral_lateral_R_A
Branches_of_parasternal_lymph_vessels_male_L,Inactive,Lymphatic_system/Thorax/MaHIJKle/Branches_of_parasternal_lymph_vessels_male_L
OPQRSTMale,Active,Lymphatic_system/Pelvis_and_Hip/OPQRSTMale
Common,Inactive,Nervous_system/Abdomen/Common
Radial_recurrent_L,Inactive,Artery_system/Arm_L/Radial_recurrent_L
Corniculate_cartilage_R,Inactive,Ligament_system/Head_and_Neck/Common/Corniculate_cartilage_R
L05246S01_Sacral_intervertebral_disc_female,Active,Skeleton_system/Pelvis_and_Hip/Female/L05246S01_Sacral_intervertebral_disc_female
Pubococcygeus_456part_of_levator_ani789_male_L,Inactive,Muscle_system/Pelvis_and_Hip/Male/Pubococcygeus_456part_of_levator_ani789_male_L
Conus_arteriosus,Inactive,Artery_system/Thorax/heart/group10/Conus_arteriosus
Metatarsophalangeal_articular_capsules_L,Inactive,Ligament_system/Lower_Limb_L/Common/Metatarsophalangeal_articular_capsules_L
Piriformis_female_R,Active,Muscle_system/Pelvis_and_Hip/Female/Piriformis_female_R
Iliocostalis_lumborum_male_L,Inactive,Muscle_system/Back/Male/Iliocostalis_lumborum_male_L
Capitate_L,Inactive,Skeleton_system/Arm_L/Capitate_L
Superficial_fibular_456peroneal789_medial_dorsal_cutaneous_branch_R,Inactive,Nervous_system/Lower_Limb_R/Common/Superficial_fibular_456peroneal789_medial_dorsal_cutaneous_branch_R
Thoracoepigastric_female_R,Inactive,Vein_system/Abdomen/Female/Thoracoepigastric_female_R
Brachial_456lateral789_lymph_nodes_R,Inactive,Lymphatic_system/Arm_R/Brachial_456lateral789_lymph_nodes_R
White_rami_communicantes_thoracic_region_L,Inactive,Nervous_system/Thorax/Common/White_rami_communicantes_thoracic_region_L
Gastroepiploic_456gastro246omental789_lymph_nodes_R,Inactive,Lymphatic_system/Abdomen/Common/Gastroepiploic_456gastro246omental789_lymph_nodes_R
Prevertebral_lymph_nodes_R,Inactive,Lymphatic_system/Back/Prevertebral_lymph_nodes_R
T02246T03_Intervertebral_discABCDEFG,Inactive,Skeleton_system/Back/Common/T02246T03_Intervertebral_discABCDEFG
Sphenomandibular_ligament_L,Inactive,Ligament_system/Head_and_Neck/Common/Sphenomandibular_ligament_L
T10_Spinal_nerve_456ventral_ramus789_male_LABCDEFG,Inactive,Nervous_system/Abdomen/UVWXYZMale/T10_Spinal_nerve_456ventral_ramus789_male_LABCDEFG
Anterior_auricular_L_A,Inactive,Artery_system/Head_and_Neck/Anterior_auricular_L_A
Superior_cervical_456sympathetic789_cardiac_nerve_L,Inactive,Nervous_system/Head_and_Neck/Repetition_with_Thorax/Common/Superior_cervical_456sympathetic789_cardiac_nerve_L
Occipital_R_A,Inactive,Artery_system/Head_and_Neck/Occipital_R_A
Pancreas_body,Inactive,Digestive_system/Abdomen/Pancreas_body
Infraorbital_L_A,Inactive,Artery_system/Head_and_Neck/Infraorbital_L_A
Superior_gluteal_male_L,Inactive,Nervous_system/Pelvis_and_Hip/MaleUVWXYZ/Superior_gluteal_male_L
Endopelvic_fascia_female_L,Inactive,Ligament_system/Pelvis_and_Hip/Female/Endopelvic_fascia_female_L
Calcarine_branch_R,Inactive,Artery_system/Head_and_Neck/Calcarine_branch_R
S01_Dorsal_root_female_L,Inactive,Nervous_system/Pelvis_and_Hip/FemaUVWXYZle/S01_Dorsal_root_female_L
Superior_cervical_456sympathetic789_cardiac_nerve_R,Inactive,Nervous_system/Head_and_Neck/Repetition_with_Thorax/Common/Superior_cervical_456sympathetic789_cardiac_nerve_R
Molar_second_02_R,Inactive,Skeleton_system/Head_and_Neck/Molar_second_02_R
Frontal_sinuses456membranes789,Inactive,Respiratory_system/HABCDEFGead_and_Neck/Frontal_sinuses456membranes789
Hemiazygos_456vena_azygos_minor_inferior789,Inactive,Vein_system/Thorax/Hemiazygos_456vena_azygos_minor_inferior789
Thorax,Inactive,Ligament_system/Thorax
Inferior_deep_lateral_cervical_456scalene789_lymph_node_L,Inactive,Lymphatic_system/Thorax/Common/Inferior_deep_lateral_cervical_456scalene789_lymph_node_L
Lingular_bronchus,Inactive,Respiratory_system/TABCDEFGhorax/Lingular_bronchus
Retroauricular_456mastoid357posterior_auricular789_lymph_nodes_R,Inactive,Lymphatic_system/Head_and_Neck/Retroauricular_456mastoid357posterior_auricular789_lymph_nodes_R
T04_Dorsal_root_L,Inactive,Nervous_system/Back/Common/T04_Dorsal_root_L
Superficial_temporal_parietal_branch_L_A,Inactive,Artery_system/Head_and_Neck/Superficial_temporal_parietal_branch_L_A
CN_05_456V789_Maxillary_R,Inactive,Nervous_system/Head_and_Neck/Common/CN_05_456V789_Maxillary_R
T07_Cutaneous_branches_anterior_R,Inactive,Nervous_system/Abdomen/Common/T07_Cutaneous_branches_anterior_R
Ureter_plexus_male_RABCDEFG,Inactive,Nervous_system/Pelvis_and_Hip/MaleUVWXYZ/Ureter_plexus_male_RABCDEFG
Medial_gastrocnemius_456subtendinous789_bursa_R,Inactive,Muscle_system/Lower_Limb_R/Common/Medial_gastrocnemius_456subtendinous789_bursa_R
T09_Cutaneous_branches_anterior_R,Inactive,Nervous_system/Abdomen/Common/T09_Cutaneous_branches_anterior_R
Sesamoid_lateral_L,Inactive,Skeleton_system/Lower_Limb_L/Common/Sesamoid_lateral_L
T05_Spinal_nerve_456ventral_ramus789_R,Inactive,Nervous_system/Thorax/Common/T05_Spinal_nerve_456ventral_ramus789_R
Lumbrical_2nd_L,Inactive,Muscle_system/Arm_L/Lumbrical_2nd_L
Ulnar_collateral_ligament_transverse_R,Inactive,Ligament_system/Arm_R/Ulnar_collateral_ligament_transverse_R
Superior_parietal_lobule_L,Inactive,Nervous_system/Head_and_Neck/Common/brain/Cerebral_cortex/Left_cerebral_cortex/Left_parietal_lobe/Superior_parietal_lobule_L
Superior_cervical_sympathetic_ganglion_R,Inactive,Nervous_system/Head_and_Neck/Common/Superior_cervical_sympathetic_ganglion_R
Common,Inactive,Ligament_system/Lower_Limb_L/Common
T04_Dorsal_root_ganglion_L,Inactive,Nervous_system/Back/Common/T04_Dorsal_root_ganglion_L
Subscapularis_bursa_L,Inactive,Muscle_system/Arm_L/Subscapularis_bursa_L
Dorsalis_pedis_L_A,Inactive,Artery_system/Lower_Limb_L/Common/Dorsalis_pedis_L_A
Right_colic_A,Inactive,Vein_system/Abdomen/Common/Right_colic_A
Pubis_female_L,Active,Skeleton_system/Pelvis_and_Hip/Female/Pubis_female_L
Anterior_longitudinal_ligament_sacral_region_maleABCDEFG,Inactive,Ligament_system/Pelvis_and_Hip/Male/Anterior_longitudinal_ligament_sacral_region_maleABCDEFG
Pubococcygeus_456part_of_levator_ani789_female_L,Active,Muscle_system/Pelvis_and_Hip/Female/Pubococcygeus_456part_of_levator_ani789_female_L
Superior_thyroid_L_V,Inactive,Vein_system/Head_and_Neck/Superior_thyroid_L_V
Atlanto246occipital_capsule_R,Inactive,Ligament_system/Head_and_Neck/Common/Atlanto246occipital_capsule_R
T01_Dorsal_root_ganglion_R,Inactive,Nervous_system/Back/Common/T01_Dorsal_root_ganglion_R
Inferior_mesenteric_A,Inactive,Artery_system/Abdomen/Common/Inferior_mesenteric_A
Tertiary_456segmental789_bronchus_456IV789_R,Inactive,Respiratory_system/TABCDEFGhorax/Tertiary_456segmental789_bronchus_456IV789_R
Zygomaticotemporal_R,Inactive,Nervous_system/Head_and_Neck/Common/Zygomaticotemporal_R
Iliocostalis_lumborum_male_R,Inactive,Muscle_system/Back/Male/Iliocostalis_lumborum_male_R
Bulbospongiosus_male_L,Inactive,Muscle_system/Pelvis_and_Hip/Male/Bulbospongiosus_male_L
Rotatores_thoracis_longi_L,Inactive,Muscle_system/Back/Common/Rotatores_thoracis_longi_L
Supraspinous_ligament_lumbar_region_male,Inactive,Ligament_system/Back/Repetition_with_PelvisHip/Male/Supraspinous_ligament_lumbar_region_male
Female_skin_shoulder_and_arm_L,Active,Skin_system/Arm_L/Female/Female_skin_shoulder_and_arm_L
Iliococcygeus_456part_of_levator_ani789_male_L,Inactive,Muscle_system/Pelvis_and_Hip/Male/Iliococcygeus_456part_of_levator_ani789_male_L
T08_Cutaneous_branches_anterior_L,Inactive,Nervous_system/Abdomen/Common/T08_Cutaneous_branches_anterior_L
Superficial_inguinal_lymph_vessels_male_L,Inactive,Lymphatic_system/Pelvis_and_Hip/OPQRSTMale/Superficial_inguinal_lymph_vessels_male_L
Common,Inactive,Muscle_system/Back/Common
Prostate_L_half,Inactive,Reproductive_system/Pelvis_and_Hip/Male/Prostate_L_half
Obturator_externus_male_L,Inactive,Muscle_system/Pelvis_and_Hip/Male/Obturator_externus_male_L
Maxillary_sinuses456membranes789,Inactive,Respiratory_system/HABCDEFGead_and_Neck/Maxillary_sinuses456membranes789
Pelvis_and_Hip,Active,Muscle_system/Pelvis_and_Hip
Axillary_R_A,Inactive,Artery_system/Arm_R/Axillary_R_A
Intestinal_trunk,Inactive,Lymphatic_system/Abdomen/Common/Intestinal_trunk
Middle_cervical_456sympathetic789_cardiac_nerve_L,Inactive,Nervous_system/Head_and_Neck/Common/Middle_cervical_456sympathetic789_cardiac_nerve_L
Inferior_medial_palpebral_L_V,Inactive,Vein_system/Head_and_Neck/Inferior_medial_palpebral_L_V
External_iliac_female_L_A,Active,Artery_system/Pelvis_and_Hip/Female/External_iliac_female_L_A
T10_Dorsal_ramus_L,Inactive,Nervous_system/Back/Common/T10_Dorsal_ramus_L
T10_VertebraABCDEFG,Inactive,Skeleton_system/Back/Common/T10_VertebraABCDEFG
Pulmonary_trunk,Inactive,Artery_system/Thorax/heart/Pulmonary_trunk
L02_Dorsal_ramus_lateral_branch_male_R,Inactive,Nervous_system/Pelvis_and_Hip/MaleUVWXYZ/L02_Dorsal_ramus_lateral_branch_male_R
Mental_R,Inactive,Artery_system/Head_and_Neck/Mental_R
Tertiary_456segmental789_bronchus_456X789_R,Inactive,Respiratory_system/TABCDEFGhorax/Tertiary_456segmental789_bronchus_456X789_R
Cisterna_chyli_male,Inactive,Lymphatic_system/Abdomen/MalHIJKe/Cisterna_chyli_male
S01_Dorsal_root_ganglion_male_L,Inactive,Nervous_system/Pelvis_and_Hip/MaleUVWXYZ/S01_Dorsal_root_ganglion_male_L
Ligamenta_flava_thoracic_region,Inactive,Ligament_system/Thorax/Repetition_with_Back/Common/Ligamenta_flava_thoracic_region
Common,Inactive,Ligament_system/Lower_Limb_R/Common
Lumbar_trunk_male_R,Inactive,Lymphatic_system/Abdomen/Repetition_with_Pelvis_and_Hip/MaleHIJK/Lumbar_trunk_male_R
Internal_iliac_posterior_trunk_male_L_V,Inactive,Vein_system/Pelvis_and_Hip/Male/Internal_iliac_posterior_trunk_male_L_V
polySurface250,Inactive,Nervous_system/Pelvis_and_Hip/MaleUVWXYZ/polySurface250
T11_Dorsal_ramus_medial_branch_R,Inactive,Nervous_system/Back/Common/T11_Dorsal_ramus_medial_branch_R
Vorticose_456vortex789_R,Inactive,Vein_system/Head_and_Neck/Vorticose_456vortex789_R
Middle_trunk_456C07789_L,Inactive,Nervous_system/Head_and_Neck/Common/Middle_trunk_456C07789_L
C06_Dorsal_ramus_lateral_branch_R,Inactive,Nervous_system/Head_and_Neck/Common/C06_Dorsal_ramus_lateral_branch_R
Fibula_leg_R,Inactive,Skeleton_system/Lower_Limb_R/Common/Fibula_leg_R
Radial_collateral_ligament_L,Inactive,Ligament_system/Arm_L/Radial_collateral_ligament_L
Interventricular_septum,Inactive,Artery_system/Thorax/heart/group3/Interventricular_septum
Pelvic_splanchnic_nerves_male_L,Inactive,Nervous_system/Abdomen/Repetition_with_PelvisHip/MUVWXYZale/Pelvic_splanchnic_nerves_male_L
Male,Inactive,Skeleton_system/Pelvis_and_Hip/Male
Vocalis_R,Inactive,Muscle_system/Head_and_Neck/Vocalis_R
Articular_cartilage_acetabulum_female_R,Active,Skeleton_system/Pelvis_and_Hip/Female/Articular_cartilage_acetabulum_female_R
Vidian_456artery_of_pterygoid_canal789_R,Inactive,Artery_system/Head_and_Neck/Vidian_456artery_of_pterygoid_canal789_R
Circumflex_scapular_R_A,Inactive,Artery_system/Back/Circumflex_scapular_R_A
Anococcygeal_male_L,Inactive,Nervous_system/Pelvis_and_Hip/MaleUVWXYZ/Anococcygeal_male_L
T11_Ventral_root_R,Inactive,Nervous_system/Back/Common/T11_Ventral_root_R
Female,Active,Skin_system/Lower_Limb_R/Female
Diaphragm,Active,Muscle_system/Thorax/Diaphragm
Scapula_R,Inactive,Skeleton_system/Arm_R/Scapula_R
Levator_labii_superioris_alaeque_nasi_L,Inactive,Muscle_system/Head_and_Neck/Levator_labii_superioris_alaeque_nasi_L
Great_auricular_R,Inactive,Nervous_system/Head_and_Neck/Common/Great_auricular_R
L02_Ventral_root_R,Active,Nervous_system/Pelvis_and_Hip/Common/L02_Ventral_root_R
Skin_system,Active,Skin_system
Psoas_minor_female_RABCDEFG,Active,Muscle_system/Pelvis_and_Hip/Female/Psoas_minor_female_RABCDEFG
Iliococcygeus_456part_of_levator_ani789_female_L,Active,Muscle_system/Pelvis_and_Hip/Female/Iliococcygeus_456part_of_levator_ani789_female_L
Intertransverse_ligaments_lumbar_region_male_R,Inactive,Ligament_system/Back/Male/Intertransverse_ligaments_lumbar_region_male_R
Iliolumbar_female_R_A,Active,Artery_system/Pelvis_and_Hip/Female/Iliolumbar_female_R_A
Iliococcygeus_456part_of_levator_ani789_female_R,Active,Muscle_system/Pelvis_and_Hip/Female/Iliococcygeus_456part_of_levator_ani789_female_R
Hypoglossal_canal_R,Inactive,Skeleton_system/Head_and_Neck/Hypoglossal_canal_R
Calcaneal_branches_R_A,Inactive,Artery_system/Lower_Limb_R/Common/Calcaneal_branches_R_A
Lateral_gastrocnemius_456subtendinous789_bursa_L,Inactive,Muscle_system/Lower_Limb_L/Common/Lateral_gastrocnemius_456subtendinous789_bursa_L
Subacromial_bursa_R,Inactive,Muscle_system/Arm_R/Subacromial_bursa_R
Biceps_brachii_short_head_L,Inactive,Muscle_system/Arm_L/Biceps_brachii_short_head_L
Intertransversarii_laterales_lumborum_male_L,Inactive,Muscle_system/Back/Male/Intertransversarii_laterales_lumborum_male_L
Branches_of_parasternal_lymph_vessels_female_L,Inactive,Lymphatic_system/Thorax/FeHIJKmale/Branches_of_parasternal_lymph_vessels_female_L
ABCDEFG2nd_Proximal_phalanx_foot_R,Inactive,Skeleton_system/Lower_Limb_R/Common/ABCDEFG2nd_Proximal_phalanx_foot_R
Corrugator_supercilii_L,Inactive,Muscle_system/Head_and_Neck/Corrugator_supercilii_L
Inferior_vena_cava_456base_of789,Inactive,Artery_system/Thorax/heart/Inferior_vena_cava_456base_of789
C03_Spinal_nerve_456ventral_ramus789_L,Inactive,Nervous_system/Head_and_Neck/Common/C03_Spinal_nerve_456ventral_ramus789_L
Palmar_digital_R_V,Inactive,Vein_system/Arm_R/Palmar_digital_R_V
Inferior_gluteal_male_R,Inactive,Nervous_system/Pelvis_and_Hip/MaleUVWXYZ/Inferior_gluteal_male_R
Deep_petrosal_R,Inactive,Nervous_system/Head_and_Neck/Common/Deep_petrosal_R
Piriformis_female_L,Active,Muscle_system/Pelvis_and_Hip/Female/Piriformis_female_L
Circular_muscle_layer,Inactive,Digestive_system/Abdomen/Circular_muscle_layer
Second_intercostal_L,Inactive,Artery_system/Thorax/Second_intercostal_L
Oblique_cord_456elbow789_R,Inactive,Ligament_system/Arm_R/Oblique_cord_456elbow789_R
Jugular_foramen_temporal_surface_L,Inactive,Skeleton_system/Head_and_Neck/Jugular_foramen_temporal_surface_L
Vertebral_R_A,Inactive,Artery_system/Head_and_Neck/Vertebral_R_A
Renal_R_A,Inactive,Artery_system/Abdomen/Common/Renal_R_A
Right_coronary_artery,Inactive,Artery_system/Thorax/heart/Right_coronary_artery
Cauda_equina_maleABCDEFG,Inactive,Nervous_system/Pelvis_and_Hip/MaleUVWXYZ/Cauda_equina_maleABCDEFG
Medial_cord_456C08357T01789_L,Inactive,Nervous_system/Thorax/Common/Medial_cord_456C08357T01789_L
Lesser_occipital_L,Inactive,Nervous_system/Head_and_Neck/Common/Lesser_occipital_L
Flexor_pollicis_longus_R,Inactive,Muscle_system/Arm_R/Flexor_pollicis_longus_R
Anterior_tibial_recurrent_L_V,Inactive,Vein_system/Lower_Limb_L/Common/Anterior_tibial_recurrent_L_V
Hyoglossus_R,Inactive,Muscle_system/Head_and_Neck/Hyoglossus_R
Iliocostalis_thoracis_R,Inactive,Muscle_system/Back/Common/Iliocostalis_thoracis_R
CN_10_456X789_Superior_cervical_456vagal789_cardiac_nerve_L,Inactive,Nervous_system/Head_and_Neck/Repetition_with_Thorax/Common/CN_10_456X789_Superior_cervical_456vagal789_cardiac_nerve_L
Atrial_branch,Inactive,Artery_system/Thorax/heart/Atrial_branch
Thoracoacromial_trunk_R,Inactive,Artery_system/Thorax/Thoracoacromial_trunk_R
Posterior_cerebral_R,Inactive,Artery_system/Head_and_Neck/Posterior_cerebral_R
Pulmonary_veins_456base_of789_R,Inactive,Artery_system/Thorax/heart/Pulmonary_veins_456base_of789_R
Semimembranosus_male_L,Inactive,Muscle_system/Lower_Limb_L/Male/Semimembranosus_male_L
Bridging_veins_R,Inactive,Vein_system/Head_and_Neck/Bridging_veins_R
Platysma_L,Inactive,Muscle_system/Head_and_Neck/Platysma_L
Lateral_456collateral789_ligament_456posterior_talofibular_part789_L,Inactive,Ligament_system/Lower_Limb_L/Common/Lateral_456collateral789_ligament_456posterior_talofibular_part789_L
Rectus_abdominis_male_L,Inactive,Muscle_system/Abdomen/Male/Rectus_abdominis_male_L
CN_11_456XI789_Spinal_portion_L,Inactive,Nervous_system/Head_and_Neck/Common/CN_11_456XI789_Spinal_portion_L
Left_parietal_lobe,Inactive,Nervous_system/Head_and_Neck/Common/brain/Cerebral_cortex/Left_cerebral_cortex/Left_parietal_lobe
Lumbar_trunk_female_L,Inactive,Lymphatic_system/Abdomen/Repetition_with_Pelvis_and_Hip/FemaHIJKle/Lumbar_trunk_female_L
CN_10_456X789_Inferior_ganglion_L,Inactive,Nervous_system/Head_and_Neck/Common/CN_10_456X789_Inferior_ganglion_L
Male_skin_back_R,Inactive,Skin_system/Back/Male/Male_skin_back_R
Superior_lateral_superficial_cervical_456external_jugular789_lymph_node_R,Inactive,Lymphatic_system/Head_and_Neck/Superior_lateral_superficial_cervical_456external_jugular789_lymph_node_R
Inferior_tracheobronchial_lymph_vessels,Inactive,Lymphatic_system/Thorax/Common/Inferior_tracheobronchial_lymph_vessels
Left_colic_A,Inactive,Artery_system/Abdomen/Common/Left_colic_A
ABCDEFG456IVb789Liver_medial_segment_inferior_subsegment_456including_quadrate_lobe789,Inactive,Digestive_system/Abdomen/ABCDEFG456IVb789Liver_medial_segment_inferior_subsegment_456including_quadrate_lobe789
Profunda_femoris_456deep_femoral_vein_accompanying_deep_artery_of_the_thigh789_female_R,Inactive,Vein_system/Lower_Limb_R/Female/Profunda_femoris_456deep_femoral_vein_accompanying_deep_artery_of_the_thigh789_female_R
Lymph_vessels_of_the_bladder_female_L,Inactive,Lymphatic_system/Pelvis_and_Hip/OPQRSTFemale/Lymph_vessels_of_the_bladder_female_L
Pterygoid_plexus_L,Inactive,Vein_system/Head_and_Neck/Pterygoid_plexus_L
Subcoracoid_bursa_L,Inactive,Muscle_system/Arm_L/Subcoracoid_bursa_L
Triceps_456triceps_brachii789_lateral_head_R,Inactive,Muscle_system/Arm_R/Triceps_456triceps_brachii789_lateral_head_R
Lateral_456collateral789_ligament_456anterior_talofibular_part789_R,Inactive,Ligament_system/Lower_Limb_R/Common/Lateral_456collateral789_ligament_456anterior_talofibular_part789_R
Flexor_digitorum_superficialis_L,Inactive,Muscle_system/Arm_L/Flexor_digitorum_superficialis_L
Inferior_vena_cava_male,Inactive,Vein_system/Abdomen/Male/Inferior_vena_cava_male
ABCDEFG456III789Liver_left_anterolateral_segment,Inactive,Digestive_system/Abdomen/ABCDEFG456III789Liver_left_anterolateral_segment
Patellar_ligament_R,Inactive,Ligament_system/Lower_Limb_R/Common/Patellar_ligament_R
Lymph_vessels_of_the_bladder_female_R,Inactive,Lymphatic_system/Pelvis_and_Hip/OPQRSTFemale/Lymph_vessels_of_the_bladder_female_R
Ligamenta_flava_lumbar_region_female,Inactive,Ligament_system/Back/Female/Ligamenta_flava_lumbar_region_female
Spinalis_cervicis_L,Inactive,Muscle_system/Back/Common/Spinalis_cervicis_L
Medial_456deltoid789_ligament_456posterior_tibiotalar_part789_R,Inactive,Ligament_system/Lower_Limb_R/Common/Medial_456deltoid789_ligament_456posterior_tibiotalar_part789_R
Calcarine_branch_L,Inactive,Artery_system/Head_and_Neck/Calcarine_branch_L
Deep_artery_of_the_penis_R,Inactive,Artery_system/Pelvis_and_Hip/Male/Deep_artery_of_the_penis_R
Plantar_cuboideonavicular_ligament_L,Inactive,Ligament_system/Lower_Limb_L/Common/Plantar_cuboideonavicular_ligament_L
Lacrimal_L_A,Inactive,Artery_system/Head_and_Neck/Lacrimal_L_A
Uterosacral_ligament_female_R,Inactive,Ligament_system/Pelvis_and_Hip/Female/Uterosacral_ligament_female_R
Genitofemoral_genital_branch_male_L,Inactive,Nervous_system/Pelvis_and_Hip/MaleUVWXYZ/Genitofemoral_genital_branch_male_L
Common,Inactive,Nervous_system/Pelvis_and_Hip/Repetition_with_LLL/Common
Lateral_tarsal_L,Inactive,Artery_system/Lower_Limb_L/Common/Lateral_tarsal_L
CN_04_456IV789_Trochlear_R,Inactive,Nervous_system/Head_and_Neck/Common/CN_04_456IV789_Trochlear_R
ABCDEFG5th_Metacarpal_L,Inactive,Skeleton_system/Arm_L/ABCDEFG5th_Metacarpal_L
Right_temporal_lobe,Inactive,Nervous_system/Head_and_Neck/Common/brain/Cerebral_cortex/Right_cerebral_cortex/Right_temporal_lobe
Rectus_capitis_posterior_minor_L,Inactive,Muscle_system/Head_and_Neck/Rectus_capitis_posterior_minor_L
Thyrocervical_trunk_L,Inactive,Artery_system/Thorax/Thyrocervical_trunk_L
T08_Spinal_nerve_456ventral_ramus789_RABCDEFG,Inactive,Nervous_system/Abdomen/Common/T08_Spinal_nerve_456ventral_ramus789_RABCDEFG
T10_Dorsal_ramus_R,Inactive,Nervous_system/Back/Common/T10_Dorsal_ramus_R
Internal_iliac_plexus_female_RABCDEFG,Inactive,Nervous_system/Pelvis_and_Hip/FemaUVWXYZle/Internal_iliac_plexus_female_RABCDEFG
Nucleus_supraopticus_L,Inactive,Nervous_system/Head_and_Neck/Common/brain/Nucleus_supraopticus_L
T10_Spinal_nerve_456ventral_ramus789_male_RABCDEFG,Inactive,Nervous_system/Abdomen/UVWXYZMale/T10_Spinal_nerve_456ventral_ramus789_male_RABCDEFG
Palmar_ulnocarpal_ligament_456ulnolunate_and_ulnotriquetral789_R,Inactive,Ligament_system/Arm_R/Palmar_ulnocarpal_ligament_456ulnolunate_and_ulnotriquetral789_R
Anconeus_R,Inactive,Muscle_system/Arm_R/Anconeus_R
Talonavicular_ligament_L,Inactive,Ligament_system/Lower_Limb_L/Common/Talonavicular_ligament_L
Profunda_femoris_456deep_femoral_vein_accompanying_deep_artery_of_the_thigh789_male_L,Inactive,Vein_system/Lower_Limb_L/Male/Profunda_femoris_456deep_femoral_vein_accompanying_deep_artery_of_the_thigh789_male_L
Auricularis_anterior_L,Inactive,Muscle_system/Head_and_Neck/Auricularis_anterior_L
Infundibulum_R,Inactive,Nervous_system/Head_and_Neck/Common/brain/Infundibulum_R
Middle_genicular_R,Inactive,Artery_system/Lower_Limb_R/Common/Middle_genicular_R
T06_Spinal_nerve_456ventral_ramus789_RABCDEFG,Inactive,Nervous_system/Abdomen/Common/T06_Spinal_nerve_456ventral_ramus789_RABCDEFG
Intertransversarii_mediales_lumborum_female_R,Inactive,Muscle_system/Back/Female/Intertransversarii_mediales_lumborum_female_R
Ansa_cervicalis_branch_to_omohyoid_R,Inactive,Nervous_system/Head_and_Neck/Common/Ansa_cervicalis_branch_to_omohyoid_R
Lateral_plantar_L_V,Inactive,Vein_system/Lower_Limb_L/Common/Lateral_plantar_L_V
T09_Dorsal_ramus_medial_branch_R,Inactive,Nervous_system/Back/Common/T09_Dorsal_ramus_medial_branch_R
Paraesophageal_lymph_nodes_L,Inactive,Lymphatic_system/Head_and_Neck/Repetition_with_Thorax/Paraesophageal_lymph_nodes_L
Ventriculus_tertius_R,Inactive,Nervous_system/Head_and_Neck/Common/brain/Ventriculus_tertius_R
T09_Dorsal_ramus_L,Inactive,Nervous_system/Back/Common/T09_Dorsal_ramus_L
Nasopalatine_R,Inactive,Nervous_system/Head_and_Neck/Common/Nasopalatine_R
Cecum,Inactive,Digestive_system/Abdomen/Cecum
ABCDEFG4th_Middle_phalanx_hand_R,Inactive,Skeleton_system/Arm_R/ABCDEFG4th_Middle_phalanx_hand_R
Pyramids_L,Inactive,Urinary_system/Abdomen/Common/Pyramids_L
Mesencephalon_L,Inactive,Nervous_system/Head_and_Neck/Common/brain/Mesencephalon_L
CN_05_456V789_Auriculotemporal_branch_R,Inactive,Nervous_system/Head_and_Neck/Common/CN_05_456V789_Auriculotemporal_branch_R
Superior_rectus_L,Inactive,Muscle_system/Head_and_Neck/Superior_rectus_L
Temporal_fascia_R,Inactive,Muscle_system/Head_and_Neck/Temporal_fascia_R
L01_Dorsal_root_R,Inactive,Nervous_system/Back/Common/L01_Dorsal_root_R
Distal_commissurall_ligament_R,Inactive,Ligament_system/Arm_R/Distal_commissurall_ligament_R
T11_Dorsal_ramus_lateral_branch_L,Inactive,Nervous_system/Back/Common/T11_Dorsal_ramus_lateral_branch_L
Ansa_cervicalis_branch_to_sternothyroid_L,Inactive,Nervous_system/Head_and_Neck/Common/Ansa_cervicalis_branch_to_sternothyroid_L
T06_Cutaneous_branches_anterior_R,Inactive,Nervous_system/Abdomen/Common/T06_Cutaneous_branches_anterior_R
Ulnar_456C08357T01789_L,Inactive,Nervous_system/Arm_L/Ulnar_456C08357T01789_L
Papillary_muscle_posterior_L,Inactive,Artery_system/Thorax/heart/group10/Papillary_muscle_posterior_L
Supratrochlear_L_A,Inactive,Artery_system/Head_and_Neck/Supratrochlear_L_A
Buccinator_R,Inactive,Muscle_system/Head_and_Neck/Buccinator_R
Circumflex_femoral_lateral_R_V,Inactive,Vein_system/Lower_Limb_R/Common/Circumflex_femoral_lateral_R_V
Hepatic_lymph_nodes,Inactive,Lymphatic_system/Abdomen/Common/Hepatic_lymph_nodes
Superficial_cervical_456transverse_cervical_superficial_branch789_R,Inactive,Artery_system/Head_and_Neck/Superficial_cervical_456transverse_cervical_superficial_branch789_R
Ileocolic357colic_branch_V,Inactive,Vein_system/Abdomen/Common/Ileocolic357colic_branch_V
Dorsal_interosseous_4th_R,Inactive,Muscle_system/Arm_R/Dorsal_interosseous_4th_R
Gastric_456cardiac_nodes_of_stomach789_lymph_nodes,Inactive,Lymphatic_system/Abdomen/Common/Gastric_456cardiac_nodes_of_stomach789_lymph_nodes
CN_05_456V789_Trigeminal_456semilunar789_ganglion_L,Inactive,Nervous_system/Head_and_Neck/Common/CN_05_456V789_Trigeminal_456semilunar789_ganglion_L
Male_skin_shoulder_and_arm_L,Inactive,Skin_system/Arm_L/Male/Male_skin_shoulder_and_arm_L
Dorsal_carpometacarpal_ligaments_R,Inactive,Ligament_system/Arm_R/Dorsal_carpometacarpal_ligaments_R
Thyroepiglottic_L,Inactive,Muscle_system/Head_and_Neck/Thyroepiglottic_L
Nerve_to_levator_ani_female_L,Inactive,Nervous_system/Pelvis_and_Hip/FemaUVWXYZle/Nerve_to_levator_ani_female_L
Gonadal_456testicular_internal_spermatic789_female_L_A,Inactive,Artery_system/Abdomen/Repetition_with_PelvisHip/Female/Gonadal_456testicular_internal_spermatic789_female_L_A
Gluteus_medius_bursa_R,Active,Muscle_system/Pelvis_and_Hip/Female/Gluteus_medius_bursa_R
L01_Dorsal_root_ganglion_R,Inactive,Nervous_system/Back/Common/L01_Dorsal_root_ganglion_R
Nucleus_anterior_thalami_R,Inactive,Nervous_system/Head_and_Neck/Common/brain/Nucleus_anterior_thalami_R
Gonadal_lymph_vessels_male_R,Inactive,Lymphatic_system/Abdomen/Repetition_with_Pelvis_and_Hip/MaleHIJK/Gonadal_lymph_vessels_male_R
C01_Dorsal_root_ganglion_R,Inactive,Nervous_system/Head_and_Neck/Common/C01_Dorsal_root_ganglion_R
Arcuate_R,Inactive,Artery_system/Lower_Limb_R/Common/Arcuate_R
Ischiocavernosus_male_R,Inactive,Muscle_system/Lower_Limb_R/Male/Ischiocavernosus_male_R
Palmar_venous_arch_superficial_L,Inactive,Vein_system/Arm_L/Palmar_venous_arch_superficial_L
ABCDEFG4th_lumbar_splanchnic_male_L,Inactive,Nervous_system/Abdomen/UVWXYZMale/ABCDEFG4th_lumbar_splanchnic_male_L
S04_Dorsal_root_male_L,Inactive,Nervous_system/Pelvis_and_Hip/MaleUVWXYZ/S04_Dorsal_root_male_L
Retropharyngeal_lymph_nodes_L,Inactive,Lymphatic_system/Head_and_Neck/Retropharyngeal_lymph_nodes_L
Linea_alba,Inactive,Ligament_system/Abdomen/Linea_alba
Popliteal_lymph_nodes_R,Inactive,Lymphatic_system/Lower_Limb_R/Common/Popliteal_lymph_nodes_R
Plantar_calcaneocuboid_456short_plantar789_ligament_R,Inactive,Ligament_system/Lower_Limb_R/Common/Plantar_calcaneocuboid_456short_plantar789_ligament_R
Vein_system,Active,Vein_system
Male_skin_abdomen_L,Inactive,Skin_system/Abdomen/Male/Male_skin_abdomen_L
Radiate_carpal_ligament_scaphotrapezial_R,Inactive,Ligament_system/Arm_R/Radiate_carpal_ligament_scaphotrapezial_R
Fibularis_peroneus_longus_L,Inactive,Muscle_system/Lower_Limb_L/Common/Fibularis_peroneus_longus_L
Popliteal_L_V,Inactive,Vein_system/Lower_Limb_L/Common/Popliteal_L_V
Epiglottic_vallecula,Inactive,Digestive_system/Head_and_Neck/Epiglottic_vallecula
Stylohyoid_ligament_L,Inactive,Ligament_system/Head_and_Neck/Common/Stylohyoid_ligament_L
Lateral_rectus_L,Inactive,Muscle_system/Head_and_Neck/Lateral_rectus_L
Inferior_vena_cava_female,Inactive,Vein_system/Abdomen/Female/Inferior_vena_cava_female
Greater_alar_456major_alar_lower_lateral789_cartilage_R,Inactive,Skeleton_system/Head_and_Neck/Greater_alar_456major_alar_lower_lateral789_cartilage_R
External_iliac_male_L_A,Inactive,Artery_system/Pelvis_and_Hip/Male/External_iliac_male_L_A
Adductor_longus_female_R,Inactive,Muscle_system/Lower_Limb_R/Female/Adductor_longus_female_R
Retroauricular_456mastoid357posterior_auricular789_lymph_nodes_L,Inactive,Lymphatic_system/Head_and_Neck/Retroauricular_456mastoid357posterior_auricular789_lymph_nodes_L
Parasternal_lymph_nodes_R,Inactive,Lymphatic_system/Thorax/Common/Parasternal_lymph_nodes_R
Inferior_epigastric_male_R_A,Inactive,Artery_system/Abdomen/Male/Inferior_epigastric_male_R_A
Ligamenta_flava_cervical_region,Inactive,Ligament_system/Head_and_Neck/Common/Ligamenta_flava_cervical_region
Middle_cervical_456sympathetic789_cardiac_nerve_RABCDEFG,Inactive,Nervous_system/Thorax/Common/Middle_cervical_456sympathetic789_cardiac_nerve_RABCDEFG
Subscapularis_bursa_R,Inactive,Muscle_system/Arm_R/Subscapularis_bursa_R
Supratrochlear_lymph_nodes_R,Inactive,Lymphatic_system/Arm_R/Supratrochlear_lymph_nodes_R
Superior_frontal_gyrus_L,Inactive,Nervous_system/Head_and_Neck/Common/brain/Cerebral_cortex/Left_cerebral_cortex/Left_frontal_lobe/Superior_frontal_gyrus_L
Female,Inactive,Artery_system/Abdomen/Repetition_with_PelvisHip/Female
Flexor_digiti_minimi_brevis_456hand789_L,Inactive,Muscle_system/Arm_L/Flexor_digiti_minimi_brevis_456hand789_L
Bulbourethral_glands_L,Inactive,Reproductive_system/Pelvis_and_Hip/Male/Bulbourethral_glands_L
Orbital_gyrus_L,Inactive,Nervous_system/Head_and_Neck/Common/brain/Cerebral_cortex/Left_cerebral_cortex/Left_frontal_lobe/Orbital_gyrus_L
Sesamoid_lateral_R,Inactive,Skeleton_system/Lower_Limb_R/Common/Sesamoid_lateral_R
Transverse_facial_R_V,Inactive,Vein_system/Head_and_Neck/Transverse_facial_R_V
Amygdaloid_nucleus_L,Inactive,Nervous_system/Head_and_Neck/Common/brain/Amygdaloid_nucleus_L
Mucosa,Inactive,Digestive_system/Abdomen/Mucosa
Apical_456medial357subclavicular789_lymph_nodes_L,Inactive,Lymphatic_system/Arm_L/Apical_456medial357subclavicular789_lymph_nodes_L
Urethra,Active,Reproductive_system/Pelvis_and_Hip/Female/Urethra
Pudendal_male_R,Inactive,Nervous_system/Pelvis_and_Hip/MaleUVWXYZ/Pudendal_male_R
T09_Dorsal_ramus_lateral_branch_R,Inactive,Nervous_system/Back/Common/T09_Dorsal_ramus_lateral_branch_R
External_oblique_female_L,Active,Muscle_system/Abdomen/Female/External_oblique_female_L
Marginal_plexus,Inactive,Nervous_system/Abdomen/Common/Marginal_plexus
Cartilage_of_auditory_tube_R,Inactive,Skeleton_system/Head_and_Neck/Cartilage_of_auditory_tube_R
Lateral_pterygoid_456inferior_head789_R,Inactive,Muscle_system/Head_and_Neck/Lateral_pterygoid_456inferior_head789_R
Vesical_plexus_female_L,Inactive,Nervous_system/Pelvis_and_Hip/FemaUVWXYZle/Vesical_plexus_female_L
L05_Dorsal_ramus_lateral_branch_male_R,Inactive,Nervous_system/Pelvis_and_Hip/MaleUVWXYZ/L05_Dorsal_ramus_lateral_branch_male_R
Dura_mater_sacral_region_femaleABCDEFG,Inactive,Nervous_system/Pelvis_and_Hip/FemaUVWXYZle/Dura_mater_sacral_region_femaleABCDEFG
Orbicularis_oris,Inactive,Muscle_system/Head_and_Neck/Orbicularis_oris
Common,Inactive,Artery_system/Pelvis_and_Hip/Common
T11_Spinal_nerve_456ventral_ramus789_male_L,Inactive,Nervous_system/Thorax/Repetition_with_Abdomen/MaleABCDEFG/T11_Spinal_nerve_456ventral_ramus789_male_L
Caudate_nucleus_R,Inactive,Nervous_system/Head_and_Neck/Common/brain/Caudate_nucleus_R
External_iliac_female_L_V,Inactive,Vein_system/Pelvis_and_Hip/Female/External_iliac_female_L_V
Atlanto246axial_capsule_R,Inactive,Ligament_system/Head_and_Neck/Common/Atlanto246axial_capsule_R
Superficial_epigastric_female_L_V,Inactive,Vein_system/Abdomen/Female/Superficial_epigastric_female_L_V
Jugulofacial_venous_junction_lymph_nodes_L,Inactive,Lymphatic_system/Head_and_Neck/Jugulofacial_venous_junction_lymph_nodes_L
Long_plantar_ligament_R,Inactive,Ligament_system/Lower_Limb_R/Common/Long_plantar_ligament_R
Lacrimal_R_A,Inactive,Artery_system/Head_and_Neck/Lacrimal_R_A
Middle_frontal_gyrus_L,Inactive,Nervous_system/Head_and_Neck/Common/brain/Cerebral_cortex/Left_cerebral_cortex/Left_frontal_lobe/Middle_frontal_gyrus_L
L02246L03_Intervertebral_disc,Inactive,Skeleton_system/Back/Common/L02246L03_Intervertebral_disc
CN_07_456VII789_Geniculate_ganglion_L,Inactive,Nervous_system/Head_and_Neck/Common/CN_07_456VII789_Geniculate_ganglion_L
Anterior_divisions_R,Inactive,Nervous_system/Thorax/Common/Anterior_divisions_R
Polar_frontal_L,Inactive,Artery_system/Head_and_Neck/Polar_frontal_L
Right_limbic_lobe,Inactive,Nervous_system/Head_and_Neck/Common/brain/Cerebral_cortex/Right_cerebral_cortex/Right_limbic_lobe
T07246T08_Intervertebral_disc,Inactive,Skeleton_system/Thorax/Repetition_with_Back/T07246T08_Intervertebral_disc
Thoracoacromial_deltoid_branch_R,Inactive,Artery_system/Arm_R/Thoracoacromial_deltoid_branch_R
Circumflex_humeral_anterior_L_A,Inactive,Artery_system/Arm_L/Circumflex_humeral_anterior_L_A
T07_Dorsal_root_ganglion_L,Inactive,Nervous_system/Back/Common/T07_Dorsal_root_ganglion_L
T05_Spinal_nerve_456ventral_ramus789_L,Inactive,Nervous_system/Thorax/Common/T05_Spinal_nerve_456ventral_ramus789_L
CN_05_456V789_Trigeminal_L,Inactive,Nervous_system/Head_and_Neck/Common/CN_05_456V789_Trigeminal_L
T12_456subcostal789_Dorsal_root_R,Inactive,Nervous_system/Back/Common/T12_456subcostal789_Dorsal_root_R
Supraorbital_L_V,Inactive,Vein_system/Head_and_Neck/Supraorbital_L_V
Intertransverse_ligaments_lumbar_region_female_L,Inactive,Ligament_system/Back/Female/Intertransverse_ligaments_lumbar_region_female_L
Inferior_epigastric_male_L_A,Inactive,Artery_system/Abdomen/Male/Inferior_epigastric_male_L_A
Posterior_atlantoaxial_ligament,Inactive,Ligament_system/Head_and_Neck/Common/Posterior_atlantoaxial_ligament
Common_iliac_female_L_A,Active,Artery_system/Pelvis_and_Hip/Female/Common_iliac_female_L_A
T11_Dorsal_root_ganglion_L,Inactive,Nervous_system/Back/Common/T11_Dorsal_root_ganglion_L
Nuclei_pulvinaris_L,Inactive,Nervous_system/Head_and_Neck/Common/brain/Nuclei_pulvinaris_L
Superficial_lymph_vessels_from_the_penis_L,Inactive,Lymphatic_system/Pelvis_and_Hip/OPQRSTMale/Superficial_lymph_vessels_from_the_penis_L
Intertransverse_ligaments_thoracic_region_L,Inactive,Ligament_system/Thorax/Repetition_with_Back/Common/Intertransverse_ligaments_thoracic_region_L
Male,Inactive,Urinary_system/Abdomen/Repetition_with_Pelvis_and_Hip_Reproductive/Male
Dartos_fascia,Inactive,Reproductive_system/Pelvis_and_Hip/Male/Dartos_fascia
Subdeltoid_bursa_L,Inactive,Muscle_system/Arm_L/Subdeltoid_bursa_L
C06_Dorsal_ramus_medial_branch_L,Inactive,Nervous_system/Head_and_Neck/Common/C06_Dorsal_ramus_medial_branch_L
Cuneiform_tubercles,Inactive,Digestive_system/Head_and_Neck/Cuneiform_tubercles
Supratrochlear_lymph_nodes_L,Inactive,Lymphatic_system/Arm_L/Supratrochlear_lymph_nodes_L
CN09_456IX789_Glossopharyngeal01234pharyngeal_tonsillar_and_lingual_branches_R,Inactive,Nervous_system/Head_and_Neck/Common/CN09_456IX789_Glossopharyngeal01234pharyngeal_tonsillar_and_lingual_branches_R
Male_skin_scrotum_L,Inactive,Skin_system/Pelvis_and_Hip/Male/Male_skin_scrotum_L
Male,Inactive,Vein_system/Lower_Limb_R/Male
Middle_lobar_bronchus,Inactive,Respiratory_system/TABCDEFGhorax/Middle_lobar_bronchus
Superior_frontal_gyrus_R,Inactive,Nervous_system/Head_and_Neck/Common/brain/Cerebral_cortex/Right_cerebral_cortex/Right_frontal_lobe/Superior_frontal_gyrus_R
Globus_pallidus_medialis_L,Inactive,Nervous_system/Head_and_Neck/Common/brain/Globus_pallidus_medialis_L
T08_Ventral_root_L,Inactive,Nervous_system/Back/Common/T08_Ventral_root_L
Plantar_digital_R,Inactive,Vein_system/Lower_Limb_R/Common/Plantar_digital_R
Male,Inactive,Vein_system/Lower_Limb_L/Male
Great_saphenous_female_L,Inactive,Vein_system/Lower_Limb_L/Female/Great_saphenous_female_L
Multifidus_female_L,Inactive,Muscle_system/Back/Female/Multifidus_female_L
Gluteus_medius_male_R,Inactive,Muscle_system/Pelvis_and_Hip/Male/Gluteus_medius_male_R
L03_Dorsal_root_ganglion_R,Active,Nervous_system/Pelvis_and_Hip/Common/L03_Dorsal_root_ganglion_R
L05_Ventral_root_female_L,Inactive,Nervous_system/Pelvis_and_Hip/FemaUVWXYZle/L05_Ventral_root_female_L
Anterior_meningeal_R,Inactive,Artery_system/Head_and_Neck/Anterior_meningeal_R
Seventh_rib_L,Inactive,Skeleton_system/Thorax/Seventh_rib_L
Psoas_major_male_R,Inactive,Muscle_system/Abdomen/Repetition_with_Pelvis_and_Hip/MalZYXQPOe/Psoas_major_male_R
Inferior_rectal_female_L,Inactive,Nervous_system/Pelvis_and_Hip/FemaUVWXYZle/Inferior_rectal_female_L
Corrugator_supercilii_R,Inactive,Muscle_system/Head_and_Neck/Corrugator_supercilii_R
Anal_sphincter_external_male_L,Inactive,Muscle_system/Pelvis_and_Hip/Male/Anal_sphincter_external_male_L
Dorsal_interosseous_3rd_R,Inactive,Muscle_system/Arm_R/Dorsal_interosseous_3rd_R
Left_gastric_lymph_nodes,Inactive,Lymphatic_system/Abdomen/Common/Left_gastric_lymph_nodes
Male,Inactive,Muscle_system/Back/Male
Subpopliteal_456recess789_bursa_L,Inactive,Muscle_system/Lower_Limb_L/Common/Subpopliteal_456recess789_bursa_L
Obturator_internus_male_L,Inactive,Muscle_system/Pelvis_and_Hip/Male/Obturator_internus_male_L
Superficial_middle_cerebral_R,Inactive,Vein_system/Head_and_Neck/Superficial_middle_cerebral_R
Dorsal_interosseous_2nd_R,Inactive,Muscle_system/Arm_R/Dorsal_interosseous_2nd_R
Circumflex_humeral_posterior_L_A,Inactive,Artery_system/Arm_L/Circumflex_humeral_posterior_L_A
Pelvis_and_Hip,Active,Vein_system/Pelvis_and_Hip
T11_Dorsal_root_L,Inactive,Nervous_system/Back/Common/T11_Dorsal_root_L
S05_Ventral_root_female_R,Inactive,Nervous_system/Pelvis_and_Hip/FemaUVWXYZle/S05_Ventral_root_female_R
Posterior_longitudinal_ligament_cervical_region_female_Head_and_NeckABCDEFG,Inactive,Ligament_system/Back/Female/Posterior_longitudinal_ligament_cervical_region_female_Head_and_NeckABCDEFG
Palmar_venous_arch_deep_R,Inactive,Vein_system/Arm_R/Palmar_venous_arch_deep_R
Lower_trunk_456C08357T01789_L,Inactive,Nervous_system/Head_and_Neck/Common/Lower_trunk_456C08357T01789_L
ABCDEFG1st_Proximal_phalanx_hallux_R,Inactive,Skeleton_system/Lower_Limb_R/Common/ABCDEFG1st_Proximal_phalanx_hallux_R
Occipitofrontalis_R,Inactive,Muscle_system/Head_and_Neck/Occipitofrontalis_R
Coracoacromial_ligament_R,Inactive,Ligament_system/Arm_R/Coracoacromial_ligament_R
Axillary_456C05357C06789_L,Inactive,Nervous_system/Arm_L/Axillary_456C05357C06789_L
Levator_veli_palatini_L,Inactive,Muscle_system/Head_and_Neck/Levator_veli_palatini_L
Middle_cardiac_456posterior_interventricular789_vein,Inactive,Artery_system/Thorax/heart/Middle_cardiac_456posterior_interventricular789_vein
Female_skin_hair_L,Active,Skin_system/Head_and_Neck/Female/Female_skin_hair_L
Common_plantar_L,Inactive,Artery_system/Lower_Limb_L/Common/Common_plantar_L
Male,Inactive,Reproductive_system/Pelvis_and_Hip/Male
Circumflex_scapular_L_V,Inactive,Vein_system/Back/Circumflex_scapular_L_V
Repetition_with_Abdomen,Inactive,Nervous_system/Thorax/Repetition_with_Abdomen
Medial_plantar_deep_branch_R,Inactive,Artery_system/Lower_Limb_R/Common/Medial_plantar_deep_branch_R
Anterior_medial_nucleus_of_the_optic_lobe_R,Inactive,Nervous_system/Head_and_Neck/Common/brain/Anterior_medial_nucleus_of_the_optic_lobe_R
Anterior_artery_of_right_ventricle,Inactive,Artery_system/Thorax/heart/Anterior_artery_of_right_ventricle
Inferior_gluteal_female_L_A,Active,Artery_system/Pelvis_and_Hip/Female/Inferior_gluteal_female_L_A
Female_skin_abdomen_L,Active,Skin_system/Abdomen/Female/Female_skin_abdomen_L
Deep_palmar_arch_R,Inactive,Artery_system/Arm_R/Deep_palmar_arch_R
Sympathetic_ganglion_thoracic_region_female_L,Inactive,Nervous_system/Thorax/FemABCDEFGale/Sympathetic_ganglion_thoracic_region_female_L
Common_iliac_female_R_A,Active,Artery_system/Pelvis_and_Hip/Female/Common_iliac_female_R_A
Coracoclavicular_ligament_trapezoid_portion_R,Inactive,Ligament_system/Arm_R/Coracoclavicular_ligament_trapezoid_portion_R
T10_Ventral_root_L,Inactive,Nervous_system/Back/Common/T10_Ventral_root_L
External_iliac_plexus_female_L,Inactive,Nervous_system/Abdomen/Repetition_with_PelvisHip/FUVWXYZemale/External_iliac_plexus_female_L
Right_cerebral_cortex,Inactive,Nervous_system/Head_and_Neck/Common/brain/Cerebral_cortex/Right_cerebral_cortex
Supraorbital_R_V,Inactive,Vein_system/Head_and_Neck/Supraorbital_R_V
Puborectalis_456part_of_levator_ani789_female_L,Active,Muscle_system/Pelvis_and_Hip/Female/Puborectalis_456part_of_levator_ani789_female_L
Foramen_rotundum_R,Inactive,Skeleton_system/Head_and_Neck/Foramen_rotundum_R
Hypophyseal_R,Inactive,Vein_system/Head_and_Neck/Hypophyseal_R
CN_07_456VII789_Facial_R,Inactive,Nervous_system/Head_and_Neck/Common/CN_07_456VII789_Facial_R
Vesical_plexus_male_L,Inactive,Nervous_system/Pelvis_and_Hip/MaleUVWXYZ/Vesical_plexus_male_L
C05_Dorsal_ramus_medial_branch_L,Inactive,Nervous_system/Head_and_Neck/Common/C05_Dorsal_ramus_medial_branch_L
Radiate_carpal_ligament_R,Inactive,Ligament_system/Arm_R/Radiate_carpal_ligament_R
Cubital_lymph_nodes_R,Inactive,Lymphatic_system/Arm_R/Cubital_lymph_nodes_R
Basal_R,Inactive,Vein_system/Head_and_Neck/Basal_R
Lateral_meniscus_R,Inactive,Ligament_system/Lower_Limb_R/Common/Lateral_meniscus_R
Eleventh_rib_L,Inactive,Skeleton_system/Thorax/Eleventh_rib_L
Common,Inactive,Nervous_system/Thorax/Common
Superficial_temporal_frontal_branch_L_A,Inactive,Artery_system/Head_and_Neck/Superficial_temporal_frontal_branch_L_A
Pelvic_splanchnic_nerves_male_R,Inactive,Nervous_system/Abdomen/Repetition_with_PelvisHip/MUVWXYZale/Pelvic_splanchnic_nerves_male_R
Anterior_longitudinal_ligament_thoracic_region_femaleABCDEFG,Inactive,Ligament_system/Back/Female/Anterior_longitudinal_ligament_thoracic_region_femaleABCDEFG
Princeps_pollicis_L,Inactive,Artery_system/Arm_L/Princeps_pollicis_L
Posterior_division_L,Inactive,Nervous_system/Thorax/Common/Posterior_division_L
Female_skin_pelvis_R,Active,Skin_system/Pelvis_and_Hip/Female/Female_skin_pelvis_R
Posterior_sacroiliac_ligament_lower_female_R,Inactive,Ligament_system/Pelvis_and_Hip/Female/Posterior_sacroiliac_ligament_lower_female_R
Zygomaticus_minor_R,Inactive,Muscle_system/Head_and_Neck/Zygomaticus_minor_R
Anterior_axillary_456pectoral789_lymph_vessels_male_L,Inactive,Lymphatic_system/Thorax/MaHIJKle/Anterior_axillary_456pectoral789_lymph_vessels_male_L
Femoral_male_L_A,Inactive,Artery_system/Lower_Limb_L/Male/Femoral_male_L_A
Vertebral_R_V,Inactive,Vein_system/Head_and_Neck/Vertebral_R_V
Anterior_deep_cervical_456pretracheal_and_thyroid789_lymph_nodes_R,Inactive,Lymphatic_system/Head_and_Neck/Anterior_deep_cervical_456pretracheal_and_thyroid789_lymph_nodes_R
Gonadal_456testicular_internal_spermatic789_male_R_VABCDEFG,Inactive,Vein_system/Pelvis_and_Hip/Male/Gonadal_456testicular_internal_spermatic789_male_R_VABCDEFG
Foramen_lacerum_temporal_surface_L,Inactive,Skeleton_system/Head_and_Neck/Foramen_lacerum_temporal_surface_L
Lateral_circumflex_femoral_descending_branch_R,Inactive,Artery_system/Lower_Limb_R/Common/Lateral_circumflex_femoral_descending_branch_R
Male_skin_thorax_L,Inactive,Skin_system/Thorax/Male/Male_skin_thorax_L
C07_Dorsal_root_ganglion_R,Inactive,Nervous_system/Head_and_Neck/Common/C07_Dorsal_root_ganglion_R
Sternothyroid_L,Inactive,Muscle_system/Head_and_Neck/Sternothyroid_L
Transverse_cervical_chain_of_lymph_nodes_R,Inactive,Lymphatic_system/Head_and_Neck/Transverse_cervical_chain_of_lymph_nodes_R
T04_Dorsal_ramus_medial_branch_R,Inactive,Nervous_system/Back/Common/T04_Dorsal_ramus_medial_branch_R
C02_Dorsal_root_ganglion_R,Inactive,Nervous_system/Head_and_Neck/Common/C02_Dorsal_root_ganglion_R
T02_Dorsal_ramus_lateral_branch_L,Inactive,Nervous_system/Back/Common/T02_Dorsal_ramus_lateral_branch_L
Obturator_membrane_female_L,Inactive,Ligament_system/Pelvis_and_Hip/Female/Obturator_membrane_female_L
Gonadal_456testicular_internal_spermatic789_female_R_V,Inactive,Vein_system/Abdomen/Repetition_with_PelvisHip/FemaleDCBA/Gonadal_456testicular_internal_spermatic789_female_R_V
Plantar_calcaneonavicular_456spring789_ligament_L,Inactive,Ligament_system/Lower_Limb_L/Common/Plantar_calcaneonavicular_456spring789_ligament_L
Hypogastric_female_R,Inactive,Nervous_system/Abdomen/Repetition_with_PelvisHip/FUVWXYZemale/Hypogastric_female_R
S02_Dorsal_root_female_R,Inactive,Nervous_system/Pelvis_and_Hip/FemaUVWXYZle/S02_Dorsal_root_female_R
Anterior_superficial_cervical_456anterior_jugular789_lymph_nodes_L,Inactive,Lymphatic_system/Head_and_Neck/Anterior_superficial_cervical_456anterior_jugular789_lymph_nodes_L
T03_Dorsal_root_L,Inactive,Nervous_system/Back/Common/T03_Dorsal_root_L
Internal_iliac_anterior_trunk_female_R_A,Active,Artery_system/Pelvis_and_Hip/Female/Internal_iliac_anterior_trunk_female_R_A
Hepatic_portal_L,Inactive,Vein_system/Abdomen/Common/Hepatic_portal_L
Tibialis_posterior_L,Inactive,Muscle_system/Lower_Limb_L/Common/Tibialis_posterior_L
Sural_L,Inactive,Nervous_system/Lower_Limb_L/Common/Sural_L
Lateral_sacral_male_R_V,Inactive,Vein_system/Pelvis_and_Hip/Male/Lateral_sacral_male_R_V
Superficial_external_pudendal_456pudic789_female_L_A,Active,Artery_system/Pelvis_and_Hip/Female/Superficial_external_pudendal_456pudic789_female_L_A
Lower_Limb_L,Inactive,Lymphatic_system/Lower_Limb_L
Superficial_temporal_L_V,Inactive,Vein_system/Head_and_Neck/Superficial_temporal_L_V
T04_Dorsal_root_R,Inactive,Nervous_system/Back/Common/T04_Dorsal_root_R
Middle_genicular_L,Inactive,Artery_system/Lower_Limb_L/Common/Middle_genicular_L
Nasal_concha_turbinate_inferior_lower_L,Inactive,Skeleton_system/Head_and_Neck/Nasal_concha_turbinate_inferior_lower_L
Superior_cerebral_L,Inactive,Vein_system/Head_and_Neck/Superior_cerebral_L
Supraspinous_ligament_thoracic_region_female,Inactive,Ligament_system/Thorax/Repetition_with_Back/Female/Supraspinous_ligament_thoracic_region_female
Intercostal_456thoracic789_lymph_nodes_L,Inactive,Lymphatic_system/Back/Intercostal_456thoracic789_lymph_nodes_L
Retroaortic_456postaortic789_lymph_nodes,Inactive,Lymphatic_system/Abdomen/Common/Retroaortic_456postaortic789_lymph_nodes
T04_Cutaneous_branches_lateral_R,Inactive,Nervous_system/Thorax/Common/T04_Cutaneous_branches_lateral_R
Lower_Limb_R,Active,Skin_system/Lower_Limb_R
Opponens_digiti_minimi_456hand789_L,Inactive,Muscle_system/Arm_L/Opponens_digiti_minimi_456hand789_L
Interpectoral_lymph_vessels_male_L,Inactive,Lymphatic_system/Thorax/MaHIJKle/Interpectoral_lymph_vessels_male_L
Cingulate_gyrus_R,Inactive,Nervous_system/Head_and_Neck/Common/brain/Cerebral_cortex/Right_cerebral_cortex/Right_limbic_lobe/Cingulate_gyrus_R
Dorsal_radioulnar_ligament_L,Inactive,Ligament_system/Arm_L/Dorsal_radioulnar_ligament_L
C06_Dorsal_ramus_L,Inactive,Nervous_system/Head_and_Neck/Common/C06_Dorsal_ramus_L
Palmar_digital_456median789_L,Inactive,Nervous_system/Arm_L/Palmar_digital_456median789_L
Molar_third_wisdom_17_L,Inactive,Skeleton_system/Head_and_Neck/Molar_third_wisdom_17_L
Testis_and_epididymis_lymph_vessels_R,Inactive,Lymphatic_system/Pelvis_and_Hip/OPQRSTMale/Testis_and_epididymis_lymph_vessels_R
Calcaneus_R,Inactive,Skeleton_system/Lower_Limb_R/Common/Calcaneus_R
Foramen_spinosum_R,Inactive,Skeleton_system/Head_and_Neck/Foramen_spinosum_R
Superior_tracheobronchial_lymph_nodes_L,Inactive,Lymphatic_system/Thorax/Common/Superior_tracheobronchial_lymph_nodes_L
Anococcygeal_male_R,Inactive,Nervous_system/Pelvis_and_Hip/MaleUVWXYZ/Anococcygeal_male_R
T01_Contribution_L,Inactive,Nervous_system/Thorax/Common/T01_Contribution_L
ABCDEFG5th_Metatarsal_R,Inactive,Skeleton_system/Lower_Limb_R/Common/ABCDEFG5th_Metatarsal_R
Coccygeus_ischiococcygeus_male_R,Inactive,Muscle_system/Pelvis_and_Hip/Male/Coccygeus_ischiococcygeus_male_R
Zygomaticoorbital_L_A,Inactive,Artery_system/Head_and_Neck/Zygomaticoorbital_L_A
Central_retinal_R_V,Inactive,Vein_system/Head_and_Neck/Central_retinal_R_V
Internal_iliac_anterior_trunk_female_L_A,Active,Artery_system/Pelvis_and_Hip/Female/Internal_iliac_anterior_trunk_female_L_A
Sciatic_R,Inactive,Nervous_system/Pelvis_and_Hip/Repetition_with_LLR/Common/Sciatic_R
Inferior_frontal_gyrus_R,Inactive,Nervous_system/Head_and_Neck/Common/brain/Cerebral_cortex/Right_cerebral_cortex/Right_frontal_lobe/Inferior_frontal_gyrus_R
Common_iliac_lymph_nodes_female_L,Inactive,Lymphatic_system/Pelvis_and_Hip/OPQRSTFemale/Common_iliac_lymph_nodes_female_L
Superficial_epigastric_male_R_AABCDEFG,Inactive,Artery_system/Pelvis_and_Hip/Male/Superficial_epigastric_male_R_AABCDEFG
Nucleus_ventromedialis_L,Inactive,Nervous_system/Head_and_Neck/Common/brain/Nucleus_ventromedialis_L
Right_colic_plexus,Inactive,Nervous_system/Abdomen/Common/Right_colic_plexus
CN_456X789_Superior_cervical_456vagal789_cardiac_nerve_RABCDEFG,Inactive,Nervous_system/Thorax/Common/CN_456X789_Superior_cervical_456vagal789_cardiac_nerve_RABCDEFG
Ileocolic_V,Inactive,Vein_system/Abdomen/Common/Ileocolic_V
Lateral_plantar_L,Inactive,Nervous_system/Lower_Limb_L/Common/Lateral_plantar_L
T04_Vertebra,Inactive,Skeleton_system/Thorax/Repetition_with_Back/T04_Vertebra
Prostatic_capsule_L,Inactive,Reproductive_system/Pelvis_and_Hip/Male/Prostatic_capsule_L
L01_Dorsal_ramus_lateral_branch_L,Active,Nervous_system/Pelvis_and_Hip/Common/L01_Dorsal_ramus_lateral_branch_L
Superior_cervical_456sympathetic789_cardiac_nerve_RABCDEFG,Inactive,Nervous_system/Thorax/Common/Superior_cervical_456sympathetic789_cardiac_nerve_RABCDEFG
Medial_brachial_cutaneous_456T01789_L,Inactive,Nervous_system/Arm_L/Medial_brachial_cutaneous_456T01789_L
Hypoglossal_canal_L,Inactive,Skeleton_system/Head_and_Neck/Hypoglossal_canal_L
Superior_sagittal_sinus,Inactive,Vein_system/Head_and_Neck/Superior_sagittal_sinus
ABCDEFG1st_Distal_phalanx_hallux_R,Inactive,Skeleton_system/Lower_Limb_R/Common/ABCDEFG1st_Distal_phalanx_hallux_R
Bladder_neck_L_half,Inactive,Reproductive_system/Pelvis_and_Hip/Male/Bladder_neck_L_half
Phrenic_nerve_456C03246C05789_LABCDEFG,Inactive,Nervous_system/Thorax/Common/Phrenic_nerve_456C03246C05789_LABCDEFG
Superior_mesenteric_A,Inactive,Artery_system/Abdomen/Common/Superior_mesenteric_A
Superior_cervical_456sympathetic789_cardiac_nerve_LABCDEFG,Inactive,Nervous_system/Thorax/Common/Superior_cervical_456sympathetic789_cardiac_nerve_LABCDEFG
Iliofemoral_ligament_female_R,Inactive,Ligament_system/Lower_Limb_R/Female/Iliofemoral_ligament_female_R
Right_frontal_lobe,Inactive,Nervous_system/Head_and_Neck/Common/brain/Cerebral_cortex/Right_cerebral_cortex/Right_frontal_lobe
Pars_intermedialis_L,Inactive,Nervous_system/Head_and_Neck/Common/brain/Pars_intermedialis_L
Supraspinous_ligament_thoracic_region_femaleABCDEFG,Inactive,Ligament_system/Back/Female/Supraspinous_ligament_thoracic_region_femaleABCDEFG
Circumflex_scapular_L_A,Inactive,Artery_system/Back/Circumflex_scapular_L_A
Inferior_pancreatic,Inactive,Artery_system/Abdomen/Common/Inferior_pancreatic
Profunda_femoris_456deep_femoral_vein_accompanying_deep_artery_of_the_thigh789_female_L,Inactive,Vein_system/Lower_Limb_L/Female/Profunda_femoris_456deep_femoral_vein_accompanying_deep_artery_of_the_thigh789_female_L
Ulnar_collateral_L,Inactive,Artery_system/Arm_L/Ulnar_collateral_L
CN_10_456X789_Vagus01234Recurrent_laryngeal_R,Inactive,Nervous_system/Head_and_Neck/Repetition_with_Thorax/Common/CN_10_456X789_Vagus01234Recurrent_laryngeal_R
Thyroarytenoid_L,Inactive,Muscle_system/Head_and_Neck/Thyroarytenoid_L
Palmar_digital_456median789_R,Inactive,Nervous_system/Arm_R/Palmar_digital_456median789_R
Paratracheal_lymph_vessels_R,Inactive,Lymphatic_system/Thorax/Common/Paratracheal_lymph_vessels_R
Talonavicular_ligament_R,Inactive,Ligament_system/Lower_Limb_R/Common/Talonavicular_ligament_R
Node_of_Cloquet_or_Rosenmuller_456superior246most_deep_inguinal789_lymph_node_R,Inactive,Lymphatic_system/Pelvis_and_Hip/Common/Node_of_Cloquet_or_Rosenmuller_456superior246most_deep_inguinal789_lymph_node_R
Infraorbital_R_V,Inactive,Vein_system/Head_and_Neck/Infraorbital_R_V
C07_Dorsal_ramus_lateral_branch_L,Inactive,Nervous_system/Head_and_Neck/Common/C07_Dorsal_ramus_lateral_branch_L
Genioglossus_L,Inactive,Muscle_system/Head_and_Neck/Genioglossus_L
Deep_artery_of_the_penis_L,Inactive,Artery_system/Pelvis_and_Hip/Male/Deep_artery_of_the_penis_L
First_rib_R,Inactive,Skeleton_system/Thorax/First_rib_R
Superficial_epigastric_female_R_A,Inactive,Artery_system/Abdomen/Repetition_with_PelvisHip/Female/Superficial_epigastric_female_R_A
Dorsal_radiocarpal_ligament_R,Inactive,Ligament_system/Arm_R/Dorsal_radiocarpal_ligament_R
Repetition_with_Pelvis_and_Hip_Reproductive,Inactive,Urinary_system/Abdomen/Repetition_with_Pelvis_and_Hip_Reproductive
Soft_palate,Inactive,Digestive_system/Head_and_Neck/Soft_palate
L01_Dorsal_root_ganglion_L,Inactive,Nervous_system/Back/Common/L01_Dorsal_root_ganglion_L
Pterygopalatine_456sphenopalatine789_ganglion_R,Inactive,Nervous_system/Head_and_Neck/Common/Pterygopalatine_456sphenopalatine789_ganglion_R
T02_Cutaneous_branches_anterior_L,Inactive,Nervous_system/Thorax/Common/T02_Cutaneous_branches_anterior_L
Thyroepiglottic_R,Inactive,Muscle_system/Head_and_Neck/Thyroepiglottic_R
Posterior_tibiofibular_ligament_L,Inactive,Ligament_system/Lower_Limb_L/Common/Posterior_tibiofibular_ligament_L
Flexor_pollicis_longus_L,Inactive,Muscle_system/Arm_L/Flexor_pollicis_longus_L
Facial_lymph_vessel_L,Inactive,Lymphatic_system/Head_and_Neck/Facial_lymph_vessel_L
External_urethral_sphincter,Active,Reproductive_system/Pelvis_and_Hip/Female/External_urethral_sphincter
Circumflex_femoral_lateral_L_V,Inactive,Vein_system/Lower_Limb_L/Common/Circumflex_femoral_lateral_L_V
L04_Dorsal_root_female_R,Inactive,Nervous_system/Pelvis_and_Hip/FemaUVWXYZle/L04_Dorsal_root_female_R
Lateral_superior_genicular_R_V,Inactive,Vein_system/Lower_Limb_R/Common/Lateral_superior_genicular_R_V
Lateral_thoracic_L_A,Inactive,Artery_system/Thorax/Lateral_thoracic_L_A
Anal_sphincter_external_female_R,Active,Muscle_system/Pelvis_and_Hip/Female/Anal_sphincter_external_female_R
Transverse_facial_L_V,Inactive,Vein_system/Head_and_Neck/Transverse_facial_L_V
Intercostal_lymph_vessels_R,Inactive,Lymphatic_system/Back/Intercostal_lymph_vessels_R
Uterine_ovarian_branch_R_A,Active,Artery_system/Pelvis_and_Hip/Female/Uterine_ovarian_branch_R_A
T11_Cutaneous_branches_anterior_female_R,Inactive,Nervous_system/Abdomen/UVWXYZFemale/T11_Cutaneous_branches_anterior_female_R
Ligamenta_flava_thoracic_regionABCDEFG,Inactive,Ligament_system/Back/Common/Ligamenta_flava_thoracic_regionABCDEFG
Intertransverse_ligaments_cervical_region_L,Inactive,Ligament_system/Head_and_Neck/Common/Intertransverse_ligaments_cervical_region_L
Femoral_female_R_A,Inactive,Artery_system/Lower_Limb_R/Female/Femoral_female_R_A
Mandibular_lymph_nodes_L,Inactive,Lymphatic_system/Head_and_Neck/Mandibular_lymph_nodes_L
Calcaneal_456of_medial_malleolus789_bursa_L,Inactive,Muscle_system/Lower_Limb_L/Common/Calcaneal_456of_medial_malleolus789_bursa_L
Internal_pudendal_female_R_V,Inactive,Vein_system/Pelvis_and_Hip/Female/Internal_pudendal_female_R_V
Coccygeal_female_L,Inactive,Nervous_system/Pelvis_and_Hip/FemaUVWXYZle/Coccygeal_female_L
T01_Dorsal_ramus_L,Inactive,Nervous_system/Back/Common/T01_Dorsal_ramus_L
Subparotid_lymph_node_L,Inactive,Lymphatic_system/Head_and_Neck/Subparotid_lymph_node_L
L05_Ventral_root_male_R,Inactive,Nervous_system/Pelvis_and_Hip/MaleUVWXYZ/L05_Ventral_root_male_R
Iliococcygeus_456part_of_levator_ani789_male_R,Inactive,Muscle_system/Pelvis_and_Hip/Male/Iliococcygeus_456part_of_levator_ani789_male_R
T04_Dorsal_ramus_lateral_branch_L,Inactive,Nervous_system/Back/Common/T04_Dorsal_ramus_lateral_branch_L
ABCDEFG2nd_Metatarsal_R,Inactive,Skeleton_system/Lower_Limb_R/Common/ABCDEFG2nd_Metatarsal_R
Quadratus_femoris_male_R,Inactive,Muscle_system/Pelvis_and_Hip/Male/Quadratus_femoris_male_R
Fibular_456peroneal789_R_V,Inactive,Vein_system/Lower_Limb_R/Common/Fibular_456peroneal789_R_V
Tertiary_456segmental789_bronchus_456VII789_R,Inactive,Respiratory_system/TABCDEFGhorax/Tertiary_456segmental789_bronchus_456VII789_R
Repetition_with_LLL,Active,Nervous_system/Pelvis_and_Hip/Repetition_with_LLL
T07_Vertebra,Inactive,Skeleton_system/Thorax/Repetition_with_Back/T07_Vertebra
Orbital_branches_R,Inactive,Nervous_system/Head_and_Neck/Common/Orbital_branches_R
Incisor_lateral_23_L,Inactive,Skeleton_system/Head_and_Neck/Incisor_lateral_23_L
Extensor_digitorum_L,Inactive,Muscle_system/Arm_L/Extensor_digitorum_L
Temporal_L,Inactive,Skeleton_system/Head_and_Neck/Temporal_L
Pudendal_female_L,Inactive,Nervous_system/Pelvis_and_Hip/FemaUVWXYZle/Pudendal_female_L
Iliolumbar_female_R_V,Inactive,Vein_system/Pelvis_and_Hip/Female/Iliolumbar_female_R_V
Superior_vesical_male_L_A,Inactive,Artery_system/Pelvis_and_Hip/Male/Superior_vesical_male_L_A
Male,Inactive,Artery_system/Abdomen/Repetition_with_PelvisHip/Male
Flexor_digitorum_profundus_L,Inactive,Muscle_system/Arm_L/Flexor_digitorum_profundus_L
T01_Dorsal_ramus_lateral_branch_R,Inactive,Nervous_system/Back/Common/T01_Dorsal_ramus_lateral_branch_R
Internal_iliac_456epigastric789_lymph_nodes_female_L,Inactive,Lymphatic_system/Pelvis_and_Hip/OPQRSTFemale/Internal_iliac_456epigastric789_lymph_nodes_female_L
T08_Cutaneous_branches_anterior_R,Inactive,Nervous_system/Abdomen/Common/T08_Cutaneous_branches_anterior_R
Central_retinal_L_A,Inactive,Artery_system/Head_and_Neck/Central_retinal_L_A
T04_Dorsal_ramus_L,Inactive,Nervous_system/Back/Common/T04_Dorsal_ramus_L
Lumbrical_1st_L,Inactive,Muscle_system/Arm_L/Lumbrical_1st_L
S04_Dorsal_root_ganglion_male_L,Inactive,Nervous_system/Pelvis_and_Hip/MaleUVWXYZ/S04_Dorsal_root_ganglion_male_L
Oblique_muscle_layer,Inactive,Digestive_system/Abdomen/Oblique_muscle_layer
Superior_palpebral_arterial_arch_R,Inactive,Artery_system/Head_and_Neck/Superior_palpebral_arterial_arch_R
Posterior_labial_female_L,Inactive,Nervous_system/Pelvis_and_Hip/FemaUVWXYZle/Posterior_labial_female_L
Prostate_lateral_lobe,Inactive,Reproductive_system/Pelvis_and_Hip/Male/Prostate_lateral_lobe
Ureter_plexus_female_LABCDEFG,Inactive,Nervous_system/Pelvis_and_Hip/FemaUVWXYZle/Ureter_plexus_female_LABCDEFG
Male,Inactive,Skin_system/Lower_Limb_R/Male
Corpus_spongiosum,Inactive,Reproductive_system/Pelvis_and_Hip/Male/Corpus_spongiosum
Dorsal_metacarpal_L_A,Inactive,Artery_system/Arm_L/Dorsal_metacarpal_L_A
Transverse_cervical_L_A,Inactive,Artery_system/Thorax/Transverse_cervical_L_A
Acetabular_labrum_male_R,Inactive,Skeleton_system/Pelvis_and_Hip/Male/Acetabular_labrum_male_R
Superficial_external_pudendal_456pudic789_female_R_V,Inactive,Vein_system/Pelvis_and_Hip/Female/Superficial_external_pudendal_456pudic789_female_R_V
T10_Dorsal_ramus_lateral_branch_L,Inactive,Nervous_system/Back/Common/T10_Dorsal_ramus_lateral_branch_L
Psoas_minor_male_RABCDEFG,Inactive,Muscle_system/Pelvis_and_Hip/Male/Psoas_minor_male_RABCDEFG
Superior_thyroid_lymph_nodes_R,Inactive,Lymphatic_system/Head_and_Neck/Superior_thyroid_lymph_nodes_R
Palmar_456volar789_carpal_ligament_R,Inactive,Ligament_system/Arm_R/Palmar_456volar789_carpal_ligament_R
Seventh_rib_R,Inactive,Skeleton_system/Thorax/Seventh_rib_R
Tensor_fascia_lata_456fasciae_latae789_male_L,Inactive,Muscle_system/Lower_Limb_L/Common/Tensor_fascia_lata_456fasciae_latae789_male_L
ABCDEFG5th_Middle_phalanx_hand_R,Inactive,Skeleton_system/Arm_R/ABCDEFG5th_Middle_phalanx_hand_R
Superficial_inguinal_lymph_nodes_456horizontal_tract789_male_L,Inactive,Lymphatic_system/Pelvis_and_Hip/OPQRSTMale/Superficial_inguinal_lymph_nodes_456horizontal_tract789_male_L
Flexor_hallucis_brevis_R,Inactive,Muscle_system/Lower_Limb_R/Common/Flexor_hallucis_brevis_R
External_iliac_plexus_female_R,Inactive,Nervous_system/Abdomen/Repetition_with_PelvisHip/FUVWXYZemale/External_iliac_plexus_female_R
External_oblique_male_L,Inactive,Muscle_system/Abdomen/Male/External_oblique_male_L
Interphalangeal_456distal789_articular_capsules_of_the_hand_456DIP_joints789_R,Inactive,Ligament_system/Arm_R/Interphalangeal_456distal789_articular_capsules_of_the_hand_456DIP_joints789_R
Pharyngeal_R_A,Inactive,Artery_system/Head_and_Neck/Pharyngeal_R_A
Anterior_superior_alveolar_R,Inactive,Nervous_system/Head_and_Neck/Common/Anterior_superior_alveolar_R
Medial_456deltoid789_ligament_456posterior_tibiotalar_part789_L,Inactive,Ligament_system/Lower_Limb_L/Common/Medial_456deltoid789_ligament_456posterior_tibiotalar_part789_L
Vestibule,Active,Reproductive_system/Pelvis_and_Hip/Female/Vestibule
Tibiofibular_ligament_anterior_L,Inactive,Ligament_system/Lower_Limb_L/Common/Tibiofibular_ligament_anterior_L
Common,Inactive,Artery_system/Lower_Limb_R/Common
Semispinalis_cervicis_R,Inactive,Muscle_system/Back/Common/Semispinalis_cervicis_R
Inferior_vesical_male_R_A,Inactive,Artery_system/Pelvis_and_Hip/Male/Inferior_vesical_male_R_A
T12246L01_Intervertebral_disc,Inactive,Skeleton_system/Thorax/Repetition_with_Back/T12246L01_Intervertebral_disc
Superficial_palmar_arch_L,Inactive,Artery_system/Arm_L/Superficial_palmar_arch_L
Middle_rectal_male_R_V,Inactive,Vein_system/Pelvis_and_Hip/Male/Middle_rectal_male_R_V
T06_Dorsal_ramus_medial_branch_L,Inactive,Nervous_system/Back/Common/T06_Dorsal_ramus_medial_branch_L
Nasopalatine_L,Inactive,Nervous_system/Head_and_Neck/Common/Nasopalatine_L
S03_Spinal_nerve_male_L,Inactive,Nervous_system/Pelvis_and_Hip/MaleUVWXYZ/S03_Spinal_nerve_male_L
Repetition_with_PelvisHip,Inactive,Vein_system/Abdomen/Repetition_with_PelvisHip
Omohyoid_R,Inactive,Muscle_system/Head_and_Neck/Omohyoid_R
Female,Active,Skin_system/Lower_Limb_L/Female
Submandibular_lymph_vessel_L,Inactive,Lymphatic_system/Head_and_Neck/Submandibular_lymph_vessel_L
Middle_temporal_branch_R,Inactive,Artery_system/Head_and_Neck/Middle_temporal_branch_R
Accessory_lymph_vessel_L,Inactive,Lymphatic_system/Head_and_Neck/Accessory_lymph_vessel_L
Vas_deferens_R,Inactive,Reproductive_system/Pelvis_and_Hip/Male/Vas_deferens_R
Sacrospinous_ligament_male_R,Inactive,Ligament_system/Pelvis_and_Hip/Male/Sacrospinous_ligament_male_R
T08_Spinal_nerve_456ventral_ramus789_R,Inactive,Nervous_system/Thorax/Repetition_with_Abdomen/Common/T08_Spinal_nerve_456ventral_ramus789_R
Radial_R_A,Inactive,Artery_system/Arm_R/Radial_R_A
Omohyoid_L,Inactive,Muscle_system/Head_and_Neck/Omohyoid_L
Subclavius_L,Active,Muscle_system/Thorax/Subclavius_L
Transverse_facial_R_A,Inactive,Artery_system/Head_and_Neck/Transverse_facial_R_A
Anterior_longitudinal_ligament_thoracic_region_female,Inactive,Ligament_system/Thorax/Repetition_with_Back/Female/Anterior_longitudinal_ligament_thoracic_region_female
T12_456subcostal789_Cutaneous_branches_anterior_female_LABCDEFG,Inactive,Nervous_system/Pelvis_and_Hip/FemaUVWXYZle/T12_456subcostal789_Cutaneous_branches_anterior_female_LABCDEFG
Sympathetic_trunk_thoracic_region_female_L,Inactive,Nervous_system/Thorax/FemABCDEFGale/Sympathetic_trunk_thoracic_region_female_L
Ulnar_collateral_R,Inactive,Artery_system/Arm_R/Ulnar_collateral_R
Auricularis_superior_R,Inactive,Muscle_system/Head_and_Neck/Auricularis_superior_R
T09_Cutaneous_branches_lateral_L,Inactive,Nervous_system/Thorax/Repetition_with_Abdomen/Common/T09_Cutaneous_branches_lateral_L
Superior_gluteal_female_R_A,Active,Artery_system/Pelvis_and_Hip/Female/Superior_gluteal_female_R_A
Sacral_ganglion_male_L,Inactive,Nervous_system/Pelvis_and_Hip/MaleUVWXYZ/Sacral_ganglion_male_L
Popliteal_L_A,Inactive,Artery_system/Lower_Limb_L/Common/Popliteal_L_A
Lumbrical_3rd_R,Inactive,Muscle_system/Arm_R/Lumbrical_3rd_R
S04_Dorsal_root_female_L,Inactive,Nervous_system/Pelvis_and_Hip/FemaUVWXYZle/S04_Dorsal_root_female_L
Uterine_ovarian_branch_L_A,Active,Artery_system/Pelvis_and_Hip/Female/Uterine_ovarian_branch_L_A
Ischiogluteal_bursa_female_R,Inactive,Muscle_system/Lower_Limb_R/Female/Ischiogluteal_bursa_female_R
Male,Inactive,Skin_system/Lower_Limb_L/Male
Genioglossus_R,Inactive,Muscle_system/Head_and_Neck/Genioglossus_R
Common,Inactive,Vein_system/Pelvis_and_Hip/Common
Seminal_vesicle_R,Inactive,Reproductive_system/Pelvis_and_Hip/Male/Seminal_vesicle_R
Lesser_splanchnic_nerves_R,Inactive,Nervous_system/Thorax/Repetition_with_Abdomen/Common/Lesser_splanchnic_nerves_R
Anterior_auricular_R_A,Inactive,Artery_system/Head_and_Neck/Anterior_auricular_R_A
Superficial_fibular_456peroneal789_intermediate_dorsal_cutaneous_branch_R,Inactive,Nervous_system/Lower_Limb_R/Common/Superficial_fibular_456peroneal789_intermediate_dorsal_cutaneous_branch_R
Vesical_venous_plexus_male_R,Inactive,Vein_system/Pelvis_and_Hip/Male/Vesical_venous_plexus_male_R
External_intercostal_L,Active,Muscle_system/Thorax/External_intercostal_L
Interphalangeal_456distal789_ligaments_of_the_foot_456DIP_joints789_L,Inactive,Ligament_system/Lower_Limb_L/Common/Interphalangeal_456distal789_ligaments_of_the_foot_456DIP_joints789_L
Male_hair_R,Inactive,Skin_system/Head_and_Neck/Male/Male_hair_R
Sartorius_male_R,Inactive,Muscle_system/Lower_Limb_R/Male/Sartorius_male_R
T10_Cutaneous_branches_lateral_L,Inactive,Nervous_system/Thorax/Repetition_with_Abdomen/Common/T10_Cutaneous_branches_lateral_L
CN_10_456X789_Superior_laryngeal_nerve_L,Inactive,Nervous_system/Head_and_Neck/Common/CN_10_456X789_Superior_laryngeal_nerve_L
Inferior_phrenic_lymph_nodes,Inactive,Lymphatic_system/Thorax/Common/Inferior_phrenic_lymph_nodes
Occipital_L_V,Inactive,Vein_system/Head_and_Neck/Occipital_L_V
Supramarginal_gyrus_R,Inactive,Nervous_system/Head_and_Neck/Common/brain/Cerebral_cortex/Right_cerebral_cortex/Right_parietal_lobe/Supramarginal_gyrus_R
Palmaris_longus_L,Inactive,Muscle_system/Arm_L/Palmaris_longus_L
ABCDEFG5th_lumbar_splanchnic_nerve_female_L,Inactive,Nervous_system/Pelvis_and_Hip/FemaUVWXYZle/ABCDEFG5th_lumbar_splanchnic_nerve_female_L
Superior_medial_palpebral_R_V,Inactive,Vein_system/Head_and_Neck/Superior_medial_palpebral_R_V
Zygomaticoorbital_R_V,Inactive,Vein_system/Head_and_Neck/Zygomaticoorbital_R_V
Precaval_456right_lateral_aortic789_lymph_nodes_male,Inactive,Lymphatic_system/Abdomen/MalHIJKe/Precaval_456right_lateral_aortic789_lymph_nodes_male
Superficial_temporal_frontal_branch_L_V,Inactive,Vein_system/Head_and_Neck/Superficial_temporal_frontal_branch_L_V
Articular_capsule_456elbow789_L,Inactive,Ligament_system/Arm_L/Articular_capsule_456elbow789_L
S02_Spinal_nerve_female_L,Inactive,Nervous_system/Pelvis_and_Hip/FemaUVWXYZle/S02_Spinal_nerve_female_L
Lateral_456collateral789_ligament_456calcaneofibular_part789_L,Inactive,Ligament_system/Lower_Limb_L/Common/Lateral_456collateral789_ligament_456calcaneofibular_part789_L
Subscapularis_R,Inactive,Muscle_system/Arm_R/Subscapularis_R
Deep_petrosal_L,Inactive,Nervous_system/Head_and_Neck/Common/Deep_petrosal_L
Olecranon_bursa_L,Inactive,Muscle_system/Arm_L/Olecranon_bursa_L
T12_456subcostal789_Spinal_nerve_456ventral_ramus789_male_R,Inactive,Nervous_system/Thorax/Repetition_with_Abdomen/MaleABCDEFG/T12_456subcostal789_Spinal_nerve_456ventral_ramus789_male_R
Intermediomedial_frontal_branch_R,Inactive,Artery_system/Head_and_Neck/Intermediomedial_frontal_branch_R
Obturator_lymph_nodes_male_R,Inactive,Lymphatic_system/Pelvis_and_Hip/OPQRSTMale/Obturator_lymph_nodes_male_R
White_rami_communicantes_L,Active,Nervous_system/Pelvis_and_Hip/Common/White_rami_communicantes_L
Sternohyoid_L,Inactive,Muscle_system/Head_and_Neck/Sternohyoid_L
Deep_plantar_R,Inactive,Artery_system/Lower_Limb_R/Common/Deep_plantar_R
Maxillary_R_V,Inactive,Vein_system/Head_and_Neck/Maxillary_R_V
Ulnar_recurrent_posterior_L,Inactive,Artery_system/Arm_L/Ulnar_recurrent_posterior_L
Cardinal_ligament_female_R,Inactive,Ligament_system/Pelvis_and_Hip/Female/Cardinal_ligament_female_R
Aorta_descending_456abdominal789_male,Inactive,Artery_system/Abdomen/Male/Aorta_descending_456abdominal789_male
Tenth_rib_R,Inactive,Skeleton_system/Thorax/Tenth_rib_R
Middle_rectal_female_L_A,Active,Artery_system/Pelvis_and_Hip/Female/Middle_rectal_female_L_A
Superior_thoracic_R,Inactive,Artery_system/Thorax/Superior_thoracic_R
Iliacus_female_L,Active,Muscle_system/Abdomen/Female/Iliacus_female_L
Left_lateral_aortic_lymph_nodes_female,Inactive,Lymphatic_system/Abdomen/FemHIJKale/Left_lateral_aortic_lymph_nodes_female
Longissimus_thoracis_male_L,Inactive,Muscle_system/Back/Male/Longissimus_thoracis_male_L
Female_skin_back_R,Active,Skin_system/Back/Female/Female_skin_back_R
Anterior_tibial_R_V,Inactive,Vein_system/Lower_Limb_R/Common/Anterior_tibial_R_V
Vagal_branch_to_fundus_and_cardiac_part_of_stomach,Inactive,Nervous_system/Thorax/Repetition_with_Abdomen/Common/Vagal_branch_to_fundus_and_cardiac_part_of_stomach
Lateral_collateral_456fibular_collateral789_ligament_456LCL789_L,Inactive,Ligament_system/Lower_Limb_L/Common/Lateral_collateral_456fibular_collateral789_ligament_456LCL789_L
Prostate_R_half,Inactive,Reproductive_system/Pelvis_and_Hip/Male/Prostate_R_half
Iliocostalis_cervicis_L,Inactive,Muscle_system/Back/Common/Iliocostalis_cervicis_L
T12_456subcostal789_Spinal_nerve_456ventral_ramus789_female_LABCDEFG,Inactive,Nervous_system/Abdomen/UVWXYZFemale/T12_456subcostal789_Spinal_nerve_456ventral_ramus789_female_LABCDEFG
T07_Ventral_root_L,Inactive,Nervous_system/Back/Common/T07_Ventral_root_L
Iliolumbar_male_R_V,Inactive,Vein_system/Pelvis_and_Hip/Male/Iliolumbar_male_R_V
Deep_branch_of_ulnar_R,Inactive,Nervous_system/Arm_R/Deep_branch_of_ulnar_R
Longissimus_cervicis_L,Inactive,Muscle_system/Back/Common/Longissimus_cervicis_L
T12_456subcostal789_Cutaneous_branches_anterior_female_RABCDEFG,Inactive,Nervous_system/Pelvis_and_Hip/FemaUVWXYZle/T12_456subcostal789_Cutaneous_branches_anterior_female_RABCDEFG
Plantar_metatarsal_ligaments_R,Inactive,Ligament_system/Lower_Limb_R/Common/Plantar_metatarsal_ligaments_R
Abductor_pollicis_longus_L,Inactive,Muscle_system/Arm_L/Abductor_pollicis_longus_L
Common,Inactive,Muscle_system/Lower_Limb_R/Common
Medial_clunial_456cluneal789_female_R,Inactive,Nervous_system/Pelvis_and_Hip/FemaUVWXYZle/Medial_clunial_456cluneal789_female_R
Nervous_system,Active,Nervous_system
Dorsal_interossei_456foot789_R,Inactive,Muscle_system/Lower_Limb_R/Common/Dorsal_interossei_456foot789_R
C04_Ventral_root_L,Inactive,Nervous_system/Head_and_Neck/Common/C04_Ventral_root_L
Long_plantar_ligament_L,Inactive,Ligament_system/Lower_Limb_L/Common/Long_plantar_ligament_L
Piriformis_male_L,Inactive,Muscle_system/Pelvis_and_Hip/Male/Piriformis_male_L
Supinator_L,Inactive,Muscle_system/Arm_L/Supinator_L
Zygomatic_body_L,Inactive,Skeleton_system/Head_and_Neck/Zygomatic_body_L
S03_Spinal_nerve_female_R,Inactive,Nervous_system/Pelvis_and_Hip/FemaUVWXYZle/S03_Spinal_nerve_female_R
T03_Cutaneous_branches_anterior_L,Inactive,Nervous_system/Thorax/Common/T03_Cutaneous_branches_anterior_L
Medial_pterygoid_L,Inactive,Muscle_system/Head_and_Neck/Medial_pterygoid_L
Gluteus_medius_male_L,Inactive,Muscle_system/Pelvis_and_Hip/Male/Gluteus_medius_male_L
Pons_L,Inactive,Nervous_system/Head_and_Neck/Common/brain/Pons_L
Dorsal_tarsometatarsal_ligaments_L,Inactive,Ligament_system/Lower_Limb_L/Common/Dorsal_tarsometatarsal_ligaments_L
Adductor_magnus_male_L,Inactive,Muscle_system/Lower_Limb_L/Male/Adductor_magnus_male_L
Stomach_fundic_and_pyloric_cap_layered2,Inactive,Digestive_system/Abdomen/Stomach_fundic_and_pyloric_cap_layered2
Gluteus_maximus_male_R,Inactive,Muscle_system/Pelvis_and_Hip/Male/Gluteus_maximus_male_R
Aorta_descending_456thoracic789,Inactive,Artery_system/Thorax/Aorta_descending_456thoracic789
Rectus_capitis_lateralis_L,Inactive,Muscle_system/Head_and_Neck/Rectus_capitis_lateralis_L
Superficial_fibular_456peroneal789_R,Inactive,Nervous_system/Lower_Limb_R/Common/Superficial_fibular_456peroneal789_R
Talus_L,Inactive,Skeleton_system/Lower_Limb_L/Common/Talus_L
Intertransversarii_mediales_lumborum_female_L,Inactive,Muscle_system/Back/Female/Intertransversarii_mediales_lumborum_female_L
White_matter_of_left_cerebral_hemisphere,Inactive,Nervous_system/Head_and_Neck/Common/brain/White_matter_of_brain/White_matter_of_left_cerebral_hemisphere
Median_456middle789_sacral_female_V,Inactive,Vein_system/Pelvis_and_Hip/Female/Median_456middle789_sacral_female_V
CN_05_456V789_Auriculotemporal_branch_L,Inactive,Nervous_system/Head_and_Neck/Common/CN_05_456V789_Auriculotemporal_branch_L
Middle_rectal_female_L_V,Inactive,Vein_system/Pelvis_and_Hip/Female/Middle_rectal_female_L_V
Dorsalis_pedis_R_V,Inactive,Vein_system/Lower_Limb_R/Common/Dorsalis_pedis_R_V
Popliteus_R,Inactive,Muscle_system/Lower_Limb_R/Common/Popliteus_R
SKRMale,Inactive,Skeleton_system/Lower_Limb_R/SKRMale
T12_456subcostal789_Spinal_nerve_456ventral_ramus789_female_RABCDEFG,Inactive,Nervous_system/Abdomen/UVWXYZFemale/T12_456subcostal789_Spinal_nerve_456ventral_ramus789_female_RABCDEFG
Dorsal_digital_456ulnar789_R,Inactive,Nervous_system/Arm_R/Dorsal_digital_456ulnar789_R
Sural_R,Inactive,Nervous_system/Lower_Limb_R/Common/Sural_R
Dorsal_venous_arch_foot_L,Inactive,Vein_system/Lower_Limb_L/Common/Dorsal_venous_arch_foot_L
Suboccipital_L,Inactive,Nervous_system/Head_and_Neck/Common/Suboccipital_L
Parietal_branch_R,Inactive,Artery_system/Head_and_Neck/Parietal_branch_R
Superior_lateral_palpebral_R_A,Inactive,Artery_system/Head_and_Neck/Superior_lateral_palpebral_R_A
Jugular_foramen_occipital_surface_L,Inactive,Skeleton_system/Head_and_Neck/Jugular_foramen_occipital_surface_L
Uterine_branch_of_lymph_vessels_female_R,Inactive,Lymphatic_system/Abdomen/Repetition_with_Pelvis_and_Hip/FemaHIJKle/Uterine_branch_of_lymph_vessels_female_R
External_iliac_plexus_female_RABCDEFG,Inactive,Nervous_system/Pelvis_and_Hip/FemaUVWXYZle/External_iliac_plexus_female_RABCDEFG
Tertiary_456segmental789_bronchus_456VII357VIII789_L,Inactive,Respiratory_system/TABCDEFGhorax/Tertiary_456segmental789_bronchus_456VII357VIII789_L
Secondary_cartilaginous_rings_R,Inactive,Respiratory_system/TABCDEFGhorax/Secondary_cartilaginous_rings_R
C07_Dorsal_ramus_medial_branch_L,Inactive,Nervous_system/Head_and_Neck/Common/C07_Dorsal_ramus_medial_branch_L
Anterior_interosseous_R_N,Inactive,Nervous_system/Arm_R/Anterior_interosseous_R_N
Interpectoral_lymph_vessels_male_R,Inactive,Lymphatic_system/Thorax/MaHIJKle/Interpectoral_lymph_vessels_male_R
T12_Vertebra,Inactive,Skeleton_system/Thorax/Repetition_with_Back/T12_Vertebra
Inferior_epigastric_male_L_V,Inactive,Vein_system/Abdomen/Male/Inferior_epigastric_male_L_V
Inferior_gluteal_female_R_A,Active,Artery_system/Pelvis_and_Hip/Female/Inferior_gluteal_female_R_A
L02_Spinal_nerve_R,Active,Nervous_system/Pelvis_and_Hip/Common/L02_Spinal_nerve_R
Flexor_pollicis_brevis_R,Inactive,Muscle_system/Arm_R/Flexor_pollicis_brevis_R
Sternocleidomastoid_R,Inactive,Muscle_system/Head_and_Neck/Sternocleidomastoid_R
L04_Dorsal_ramus_female_L,Inactive,Nervous_system/Pelvis_and_Hip/FemaUVWXYZle/L04_Dorsal_ramus_female_L
Ophthalmic_R,Inactive,Artery_system/Head_and_Neck/Ophthalmic_R
Ascending_lumbar_R,Inactive,Vein_system/Back/Ascending_lumbar_R
T05_Ventral_root_R,Inactive,Nervous_system/Back/Common/T05_Ventral_root_R
Ganglionic_branches_R,Inactive,Nervous_system/Head_and_Neck/Common/Ganglionic_branches_R
Facial_L_V,Inactive,Vein_system/Head_and_Neck/Facial_L_V
ABCDEFG456I789Liver_caudate_lobe,Inactive,Digestive_system/Abdomen/ABCDEFG456I789Liver_caudate_lobe
Dorsal_carpometacarpal_ligaments_L,Inactive,Ligament_system/Arm_L/Dorsal_carpometacarpal_ligaments_L
Abdomen,Inactive,Endocrine_system/Abdomen
Anterior_divisions_L,Inactive,Nervous_system/Thorax/Common/Anterior_divisions_L
Papillary_muscle_posterior_R,Inactive,Artery_system/Thorax/heart/group10/Papillary_muscle_posterior_R
Teres_major_R,Inactive,Muscle_system/Arm_R/Teres_major_R
C05_Dorsal_ramus_medial_branch_R,Inactive,Nervous_system/Head_and_Neck/Common/C05_Dorsal_ramus_medial_branch_R
Callosomarginal_L,Inactive,Artery_system/Head_and_Neck/Callosomarginal_L
Gluteus_minimus_male_L,Inactive,Muscle_system/Pelvis_and_Hip/Male/Gluteus_minimus_male_L
Superficial_external_pudendal_456pudic789_male_L_A,Inactive,Artery_system/Pelvis_and_Hip/Male/Superficial_external_pudendal_456pudic789_male_L_A
Nerve_of_pterygoid_canal_L,Inactive,Nervous_system/Head_and_Neck/Common/Nerve_of_pterygoid_canal_L
L02_Spinal_nerve_L,Active,Nervous_system/Pelvis_and_Hip/Common/L02_Spinal_nerve_L
Internal_iliac_posterior_trunk_female_R_V,Inactive,Vein_system/Pelvis_and_Hip/Female/Internal_iliac_posterior_trunk_female_R_V
Longus_colli_456vertical789_R,Inactive,Muscle_system/Head_and_Neck/Longus_colli_456vertical789_R
Proximal_perforating_branches_L_A,Inactive,Artery_system/Lower_Limb_L/Common/Proximal_perforating_branches_L_A
Transversus_abdominis_female_L,Active,Muscle_system/Abdomen/Female/Transversus_abdominis_female_L
Proper_plantar_digital_R_A,Inactive,Artery_system/Lower_Limb_R/Common/Proper_plantar_digital_R_A
Superficial_temporal_parietal_branch_R_V,Inactive,Vein_system/Head_and_Neck/Superficial_temporal_parietal_branch_R_V
Occipital_sinus,Inactive,Vein_system/Head_and_Neck/Occipital_sinus
L05_Spinal_nerve_male_R,Inactive,Nervous_system/Pelvis_and_Hip/MaleUVWXYZ/L05_Spinal_nerve_male_R
Depressor_supercilii_L,Inactive,Muscle_system/Head_and_Neck/Depressor_supercilii_L
Tertiary_456segmental789_bronchus_456VI789_R,Inactive,Respiratory_system/TABCDEFGhorax/Tertiary_456segmental789_bronchus_456VI789_R
Superficial_456dorsal789_metatarsal_L,Inactive,Vein_system/Lower_Limb_L/Common/Superficial_456dorsal789_metatarsal_L
Lesser_palatine_L,Inactive,Nervous_system/Head_and_Neck/Common/Lesser_palatine_L
Superficial_epigastric_male_R_V,Inactive,Vein_system/Abdomen/Male/Superficial_epigastric_male_R_V
Interphalangeal_ligament_of_hallux_L,Inactive,Ligament_system/Lower_Limb_L/Common/Interphalangeal_ligament_of_hallux_L
Inferior_gluteal_female_L,Inactive,Nervous_system/Pelvis_and_Hip/FemaUVWXYZle/Inferior_gluteal_female_L
Obturator_externus_female_R,Active,Muscle_system/Pelvis_and_Hip/Female/Obturator_externus_female_R
Ischiocavernosus_male_L,Inactive,Muscle_system/Lower_Limb_L/Male/Ischiocavernosus_male_L
Supratrochlear_L_V,Inactive,Vein_system/Head_and_Neck/Supratrochlear_L_V
Nuclei_pulvinaris_R,Inactive,Nervous_system/Head_and_Neck/Common/brain/Nuclei_pulvinaris_R
Bicipital_aponeurosis_L,Inactive,Muscle_system/Arm_L/Bicipital_aponeurosis_L
Subclavian_R_V,Inactive,Vein_system/Thorax/Subclavian_R_V
Depressor_supercilii_R,Inactive,Muscle_system/Head_and_Neck/Depressor_supercilii_R
T11_Spinal_nerve_456ventral_ramus789_female_RABCDEFG,Inactive,Nervous_system/Abdomen/UVWXYZFemale/T11_Spinal_nerve_456ventral_ramus789_female_RABCDEFG
Digastric_fibrous_loop_R,Inactive,Muscle_system/Head_and_Neck/Digastric_fibrous_loop_R
Dura_mater_sacral_region_maleABCDEFG,Inactive,Nervous_system/Pelvis_and_Hip/MaleUVWXYZ/Dura_mater_sacral_region_maleABCDEFG
Female,Inactive,Ligament_system/Back/Repetition_with_PelvisHip/Female
Ischiofemoral_ligament_female_L,Inactive,Ligament_system/Lower_Limb_L/Female/Ischiofemoral_ligament_female_L
Vesical_plexus_male_R,Inactive,Nervous_system/Pelvis_and_Hip/MaleUVWXYZ/Vesical_plexus_male_R
Nerve_to_levator_ani_male_R,Inactive,Nervous_system/Pelvis_and_Hip/MaleUVWXYZ/Nerve_to_levator_ani_male_R
Thyrohyoid_L,Inactive,Muscle_system/Head_and_Neck/Thyrohyoid_L
ABCDEFG5th_Middle_phalanx_foot_R,Inactive,Skeleton_system/Lower_Limb_R/Common/ABCDEFG5th_Middle_phalanx_foot_R
Psoas_major_female_RABCDEFG,Active,Muscle_system/Pelvis_and_Hip/Female/Psoas_major_female_RABCDEFG
T09_Cutaneous_branches_lateral_LABCDEFG,Inactive,Nervous_system/Abdomen/Common/T09_Cutaneous_branches_lateral_LABCDEFG
Posterior_tibial_L_V,Inactive,Vein_system/Lower_Limb_L/Common/Posterior_tibial_L_V
T05_Cutaneous_branches_lateral_L,Inactive,Nervous_system/Thorax/Common/T05_Cutaneous_branches_lateral_L
Dorsal_tarsometatarsal_ligaments_R,Inactive,Ligament_system/Lower_Limb_R/Common/Dorsal_tarsometatarsal_ligaments_R
Superficial_456dorsal789_digital_L,Inactive,Vein_system/Lower_Limb_L/Common/Superficial_456dorsal789_digital_L
Ansa_cervicalis_branch_to_omohyoid_superior_belly_L,Inactive,Nervous_system/Head_and_Neck/Common/Ansa_cervicalis_branch_to_omohyoid_superior_belly_L
CN_10_456X789_Vagus01234Recurrent_laryngeal_L,Inactive,Nervous_system/Head_and_Neck/Common/CN_10_456X789_Vagus01234Recurrent_laryngeal_L
Calcaneal_branches_L_A,Inactive,Artery_system/Lower_Limb_L/Common/Calcaneal_branches_L_A
L05_Ventral_root_female_R,Inactive,Nervous_system/Pelvis_and_Hip/FemaUVWXYZle/L05_Ventral_root_female_R
Adrenal_gland_L,Inactive,Endocrine_system/Abdomen/Adrenal_gland_L
Anterior_tibial_recurrent_R_V,Inactive,Vein_system/Lower_Limb_R/Common/Anterior_tibial_recurrent_R_V
Medial_pterygoid_R,Inactive,Muscle_system/Head_and_Neck/Medial_pterygoid_R
Anterior_scrotal_L_V,Inactive,Vein_system/Pelvis_and_Hip/Male/Anterior_scrotal_L_V
Sympathetic_ganglion_male_L,Inactive,Nervous_system/Thorax/MalABCDEFGe/Sympathetic_ganglion_male_L
Paracentral_branches_L,Inactive,Artery_system/Head_and_Neck/Paracentral_branches_L
Celiac_lymph_vessels,Inactive,Lymphatic_system/Abdomen/Common/Celiac_lymph_vessels
Superficial_circumflex_iliac_female_R_A,Active,Artery_system/Pelvis_and_Hip/Female/Superficial_circumflex_iliac_female_R_A
Thorax,Active,Reproductive_system/Thorax
MalUVWXYZe,Inactive,Nervous_system/Back/Repetition_with_PelvisHip/MalUVWXYZe
Common,Inactive,Nervous_system/Lower_Limb_L/Common
Pronator_teres_L,Inactive,Muscle_system/Arm_L/Pronator_teres_L
Superior_division_bronchus,Inactive,Respiratory_system/TABCDEFGhorax/Superior_division_bronchus
Extensor_indicis_R,Inactive,Muscle_system/Arm_R/Extensor_indicis_R
Anterior_scrotal_456branch_of_ilioinguinal789_male_L,Inactive,Nervous_system/Pelvis_and_Hip/MaleUVWXYZ/Anterior_scrotal_456branch_of_ilioinguinal789_male_L
Cuboid_L,Inactive,Skeleton_system/Lower_Limb_L/Common/Cuboid_L
Flexor_hallucis_longus_R,Inactive,Muscle_system/Lower_Limb_R/Common/Flexor_hallucis_longus_R
Inferior_gemellus_female_L,Active,Muscle_system/Pelvis_and_Hip/Female/Inferior_gemellus_female_L
Levator_scapulae_L,Inactive,Muscle_system/Back/Common/Levator_scapulae_L
Posterior_parietal_R,Inactive,Artery_system/Head_and_Neck/Posterior_parietal_R
Molar_third_wisdom_16_L,Inactive,Skeleton_system/Head_and_Neck/Molar_third_wisdom_16_L
Occipital_lymph_vessel_R,Inactive,Lymphatic_system/Head_and_Neck/Occipital_lymph_vessel_R
Mastoid_foramen_R,Inactive,Skeleton_system/Head_and_Neck/Mastoid_foramen_R
Supraclavicular_lymph_nodes_L,Inactive,Lymphatic_system/Thorax/Common/Supraclavicular_lymph_nodes_L
Cephalic_L,Inactive,Vein_system/Arm_L/Cephalic_L
Adrenal_gland_R,Inactive,Endocrine_system/Abdomen/Adrenal_gland_R
Tibia_leg_L,Inactive,Skeleton_system/Lower_Limb_L/Common/Tibia_leg_L
Radial_superficial_branch_R,Inactive,Nervous_system/Arm_R/Radial_superficial_branch_R
Biceps_brachii_short_head_R,Inactive,Muscle_system/Arm_R/Biceps_brachii_short_head_R
Extensor_pollicis_brevis_L,Inactive,Muscle_system/Arm_L/Extensor_pollicis_brevis_L
Lower_Limb_L,Inactive,Nervous_system/Lower_Limb_L
Palmar_interosseous_2nd_L,Inactive,Muscle_system/Arm_L/Palmar_interosseous_2nd_L
Lateral_superior_genicular_L_V,Inactive,Vein_system/Lower_Limb_L/Common/Lateral_superior_genicular_L_V
Female,Active,Muscle_system/Abdomen/Female
Pubic_symphysis_female,Active,Skeleton_system/Pelvis_and_Hip/Female/Pubic_symphysis_female
Brachioradialis_R,Inactive,Muscle_system/Arm_R/Brachioradialis_R
Female,Inactive,Muscle_system/Lower_Limb_R/Female
Female_skin_shoulder_and_arm_R,Active,Skin_system/Arm_R/Female/Female_skin_shoulder_and_arm_R
L05_Dorsal_root_ganglion_female_L,Inactive,Nervous_system/Pelvis_and_Hip/FemaUVWXYZle/L05_Dorsal_root_ganglion_female_L
Lower_Limb_L,Active,Skin_system/Lower_Limb_L
Acetabular_labrum_female_R,Active,Skeleton_system/Pelvis_and_Hip/Female/Acetabular_labrum_female_R
Inferior_hypogastric_plexus_LABCDEFG,Active,Nervous_system/Pelvis_and_Hip/Common/Inferior_hypogastric_plexus_LABCDEFG
Greater_palatine_R_A,Inactive,Artery_system/Head_and_Neck/Greater_palatine_R_A
Spinal_cord,Inactive,Nervous_system/Head_and_Neck/Common/Spinal_cord
Median_456middle789_sacral_male_V,Inactive,Vein_system/Pelvis_and_Hip/Male/Median_456middle789_sacral_male_V
Submental_lymph_nodes_R,Inactive,Lymphatic_system/Head_and_Neck/Submental_lymph_nodes_R
Biceps_femoris_long_head_male_L,Inactive,Muscle_system/Lower_Limb_L/Male/Biceps_femoris_long_head_male_L
Humerus_arm_brachium_R,Inactive,Skeleton_system/Arm_R/Humerus_arm_brachium_R
Subcutaneous_calcaneal_456of_medial_malleolus789_bursa_R,Inactive,Muscle_system/Lower_Limb_R/Common/Subcutaneous_calcaneal_456of_medial_malleolus789_bursa_R
MalORZe,Inactive,Skeleton_system/Back/MalORZe
Interosseous_456anterior789_talocalcaneal_ligament_R,Inactive,Ligament_system/Lower_Limb_R/Common/Interosseous_456anterior789_talocalcaneal_ligament_R
Basilic_L,Inactive,Vein_system/Arm_L/Basilic_L
L03_Ventral_root_R,Active,Nervous_system/Pelvis_and_Hip/Common/L03_Ventral_root_R
Medial_cord_456C08357T01789_R,Inactive,Nervous_system/Thorax/Common/Medial_cord_456C08357T01789_R
ABCDEFG4th_Metacarpal_L,Inactive,Skeleton_system/Arm_L/ABCDEFG4th_Metacarpal_L
Lateral_caval_lymph_nodes_female_R,Inactive,Lymphatic_system/Abdomen/FemHIJKale/Lateral_caval_lymph_nodes_female_R
T02_Dorsal_root_ganglion_R,Inactive,Nervous_system/Back/Common/T02_Dorsal_root_ganglion_R
Amygdaloid_nucleus_R,Inactive,Nervous_system/Head_and_Neck/Common/brain/Amygdaloid_nucleus_R
Male,Inactive,Artery_system/Abdomen/Male
Infraspinatus_L,Inactive,Muscle_system/Arm_L/Infraspinatus_L
Pectineus_L,Inactive,Muscle_system/Lower_Limb_L/Common/Pectineus_L
Sympathetic_trunk_cervical_region_R,Inactive,Nervous_system/Head_and_Neck/Common/Sympathetic_trunk_cervical_region_R
Biceps_brachii_long_head_L,Inactive,Muscle_system/Arm_L/Biceps_brachii_long_head_L
C03_Contribution_to_ansa_cervicalis_R,Inactive,Nervous_system/Head_and_Neck/Common/C03_Contribution_to_ansa_cervicalis_R
ABCDEFG3rd_lumbar_splanchnic_L,Inactive,Nervous_system/Abdomen/Common/ABCDEFG3rd_lumbar_splanchnic_L
Abductor_hallucis_L,Inactive,Muscle_system/Lower_Limb_L/Common/Abductor_hallucis_L
Flexor_hallucis_brevis_L,Inactive,Muscle_system/Lower_Limb_L/Common/Flexor_hallucis_brevis_L
Pubofemoral_ligament_male_L,Inactive,Ligament_system/Lower_Limb_L/Male/Pubofemoral_ligament_male_L
Filum_terminale_femaleABCDEFG,Inactive,Nervous_system/Pelvis_and_Hip/FemaUVWXYZle/Filum_terminale_femaleABCDEFG
Coccygeus_ischiococcygeus_male_L,Inactive,Muscle_system/Pelvis_and_Hip/Male/Coccygeus_ischiococcygeus_male_L
Dorsal_cuneonavicular_ligament_R,Inactive,Ligament_system/Lower_Limb_R/Common/Dorsal_cuneonavicular_ligament_R
CN_05_456V789_Mandibular_L,Inactive,Nervous_system/Head_and_Neck/Common/CN_05_456V789_Mandibular_L
Pubis_female_R,Active,Skeleton_system/Pelvis_and_Hip/Female/Pubis_female_R
T09_Dorsal_root_L,Inactive,Nervous_system/Back/Common/T09_Dorsal_root_L
Deep_branch_of_radial_R,Inactive,Nervous_system/Arm_R/Deep_branch_of_radial_R
Small_saphenous_R,Inactive,Vein_system/Lower_Limb_R/Common/Small_saphenous_R
Palmar_digital_L_V,Inactive,Vein_system/Arm_L/Palmar_digital_L_V
L04_Dorsal_root_ganglion_male_L,Inactive,Nervous_system/Pelvis_and_Hip/MaleUVWXYZ/L04_Dorsal_root_ganglion_male_L
Dorsal_digital_Foot_L_A,Inactive,Artery_system/Lower_Limb_L/Common/Dorsal_digital_Foot_L_A
Back,Inactive,Artery_system/Back
Left_lymphatic_456thoracic789_duct,Inactive,Lymphatic_system/Thorax/Common/Left_lymphatic_456thoracic789_duct
CN_10_456X789_Pharyngeal_branch_L,Inactive,Nervous_system/Head_and_Neck/Common/CN_10_456X789_Pharyngeal_branch_L
Lumbosacral_trunk_L,Active,Nervous_system/Pelvis_and_Hip/Common/Lumbosacral_trunk_L
T05_Dorsal_ramus_lateral_branch_L,Inactive,Nervous_system/Back/Common/T05_Dorsal_ramus_lateral_branch_L
Spinalis_cervicis_R,Inactive,Muscle_system/Back/Common/Spinalis_cervicis_R
Grey_rami_communicantes_lumbar_region_female_L,Inactive,Nervous_system/Pelvis_and_Hip/FemaUVWXYZle/Grey_rami_communicantes_lumbar_region_female_L
Distal_perforating_branches_R_V,Inactive,Vein_system/Lower_Limb_R/Common/Distal_perforating_branches_R_V
Palmar_456volar789_intercarpal_ligament_456scaphotrapezium789_R,Inactive,Ligament_system/Arm_R/Palmar_456volar789_intercarpal_ligament_456scaphotrapezium789_R
ABCDEFG2nd_lumber_splanchnic_L,Inactive,Nervous_system/Abdomen/Common/ABCDEFG2nd_lumber_splanchnic_L
Proper_palmar_digital_R,Inactive,Artery_system/Arm_R/Proper_palmar_digital_R
ABCDEFG2nd_Metacarpal_L,Inactive,Skeleton_system/Arm_L/ABCDEFG2nd_Metacarpal_L
T04246T05_Intervertebral_discABCDEFG,Inactive,Skeleton_system/Back/Common/T04246T05_Intervertebral_discABCDEFG
Superior_palpebral_arterial_arch_L,Inactive,Artery_system/Head_and_Neck/Superior_palpebral_arterial_arch_L
Stomach_fundic_and_pyloric_cap_layered,Inactive,Digestive_system/Abdomen/Stomach_fundic_and_pyloric_cap_layered
Ansa_cervicalis_branch_to_sternothyroid_R,Inactive,Nervous_system/Head_and_Neck/Common/Ansa_cervicalis_branch_to_sternothyroid_R
Superficial_external_pudendal_456pudic789_male_R_V,Inactive,Vein_system/Pelvis_and_Hip/Male/Superficial_external_pudendal_456pudic789_male_R_V
Posterior_sacroiliac_ligament_upper_female_R,Inactive,Ligament_system/Pelvis_and_Hip/Female/Posterior_sacroiliac_ligament_upper_female_R
Cricothyroid_456oblique_part789_R,Inactive,Muscle_system/Head_and_Neck/Cricothyroid_456oblique_part789_R
Anterior_tibial_L_V,Inactive,Vein_system/Lower_Limb_L/Common/Anterior_tibial_L_V
Male,Inactive,Muscle_system/Lower_Limb_R/Male
Repetition_with_LLR,Active,Nervous_system/Pelvis_and_Hip/Repetition_with_LLR
Sacral_splanchnic_nerves_female_R,Inactive,Nervous_system/Abdomen/Repetition_with_PelvisHip/FUVWXYZemale/Sacral_splanchnic_nerves_female_R
Pulmonary_arteries_R,Inactive,Artery_system/Thorax/heart/Pulmonary_arteries_R
Uterine_ovarian_branch_L_V,Inactive,Vein_system/Pelvis_and_Hip/Female/Uterine_ovarian_branch_L_V
Fibular_456peroneal789_R_A,Inactive,Artery_system/Lower_Limb_R/Common/Fibular_456peroneal789_R_A
Corpus_callosum_R,Inactive,Nervous_system/Head_and_Neck/Common/brain/Corpus_callosum_R
Anterior_tibial_lymph_node_L,Inactive,Lymphatic_system/Lower_Limb_L/Common/Anterior_tibial_lymph_node_L
Anterior_sacroiliac_ligament_female_L,Inactive,Ligament_system/Pelvis_and_Hip/Female/Anterior_sacroiliac_ligament_female_L
Inferior_epigastric_female_L_A,Inactive,Artery_system/Abdomen/Female/Inferior_epigastric_female_L_A
Femoral_female_L_A,Inactive,Artery_system/Lower_Limb_L/Female/Femoral_female_L_A
Dura_mater_female,Inactive,Nervous_system/Head_and_Neck/FABCDEFGemale/Dura_mater_female
ABCDEFG4th_Metacarpal_R,Inactive,Skeleton_system/Arm_R/ABCDEFG4th_Metacarpal_R
Precaval_456right_lateral_aortic789_lymph_nodes_female,Inactive,Lymphatic_system/Abdomen/FemHIJKale/Precaval_456right_lateral_aortic789_lymph_nodes_female
S03_Dorsal_root_male_L,Inactive,Nervous_system/Pelvis_and_Hip/MaleUVWXYZ/S03_Dorsal_root_male_L
CN_07_456VII789_Buccal_branches_R,Inactive,Nervous_system/Head_and_Neck/Common/CN_07_456VII789_Buccal_branches_R
CN_11_456XI789_Internal_branch_L,Inactive,Nervous_system/Head_and_Neck/Common/CN_11_456XI789_Internal_branch_L
C03_Dorsal_ramus_R,Inactive,Nervous_system/Head_and_Neck/Common/C03_Dorsal_ramus_R
Female,Inactive,Vein_system/Lower_Limb_L/Female
Superior_intercostal_L,Inactive,Vein_system/Thorax/Superior_intercostal_L
L01_Dorsal_ramus_medial_branch_L,Active,Nervous_system/Pelvis_and_Hip/Common/L01_Dorsal_ramus_medial_branch_L
Costocervical_trunk_L,Inactive,Artery_system/Thorax/Costocervical_trunk_L
T03_Dorsal_ramus_medial_branch_L,Inactive,Nervous_system/Back/Common/T03_Dorsal_ramus_medial_branch_L
Indusium_griseum_L,Inactive,Nervous_system/Head_and_Neck/Common/brain/Indusium_griseum_L
Radiate_carpal_ligament_capitotrapezial_L,Inactive,Ligament_system/Arm_L/Radiate_carpal_ligament_capitotrapezial_L
C01_Dorsal_root_R,Inactive,Nervous_system/Head_and_Neck/Common/C01_Dorsal_root_R
Inferior_temporal_gyrus_R,Inactive,Nervous_system/Head_and_Neck/Common/brain/Cerebral_cortex/Right_cerebral_cortex/Right_temporal_lobe/Inferior_temporal_gyrus_R
T07_Dorsal_ramus_medial_branch_R,Inactive,Nervous_system/Back/Common/T07_Dorsal_ramus_medial_branch_R
ABCDEFG3rd_Distal_phalanx_foot_R,Inactive,Skeleton_system/Lower_Limb_R/Common/ABCDEFG3rd_Distal_phalanx_foot_R
Middle_meningeal_R,Inactive,Artery_system/Head_and_Neck/Middle_meningeal_R
Fusiform_gyrus_R,Inactive,Nervous_system/Head_and_Neck/Common/brain/Cerebral_cortex/Right_cerebral_cortex/Right_temporal_lobe/Fusiform_gyrus_R
T01_Dorsal_ramus_medial_branch_L,Inactive,Nervous_system/Back/Common/T01_Dorsal_ramus_medial_branch_L
Superficial_external_pudendal_456pudic789_female_L_V,Inactive,Vein_system/Pelvis_and_Hip/Female/Superficial_external_pudendal_456pudic789_female_L_V
T12_456subcostal789_Cutaneous_branches_anterior_male_L,Inactive,Nervous_system/Abdomen/Repetition_with_PelvisHip/MUVWXYZale/T12_456subcostal789_Cutaneous_branches_anterior_male_L
Hepatic_portal_R,Inactive,Vein_system/Abdomen/Common/Hepatic_portal_R
Branches_to_the_intrinsic_muscles_of_the_tongue_R,Inactive,Nervous_system/Head_and_Neck/Common/Branches_to_the_intrinsic_muscles_of_the_tongue_R
Sacrospinous_ligament_male_L,Inactive,Ligament_system/Pelvis_and_Hip/Male/Sacrospinous_ligament_male_L
Suprachiasmatic_nucleus_L,Inactive,Nervous_system/Head_and_Neck/Common/brain/Suprachiasmatic_nucleus_L
T05_Dorsal_root_ganglion_L,Inactive,Nervous_system/Back/Common/T05_Dorsal_root_ganglion_L
Superficial_temporal_parietal_branch_L_V,Inactive,Vein_system/Head_and_Neck/Superficial_temporal_parietal_branch_L_V
Lateral_sacral_female_L_V,Inactive,Vein_system/Pelvis_and_Hip/Female/Lateral_sacral_female_L_V
Filum_terminale_female,Inactive,Nervous_system/Back/Repetition_with_PelvisHip/FemUVWXYZale/Filum_terminale_female
Ulnar_collateral_ligament_anterior_L,Inactive,Ligament_system/Arm_L/Ulnar_collateral_ligament_anterior_L
Metatarsophalangeal_articular_capsule_of_hallux_R,Inactive,Ligament_system/Lower_Limb_R/Common/Metatarsophalangeal_articular_capsule_of_hallux_R
Medial_plantar_R_A,Inactive,Artery_system/Lower_Limb_R/Common/Medial_plantar_R_A
Posterior_interventricular_branch_456posterior_descending789_of_right_coronary_artery,Inactive,Artery_system/Thorax/heart/Posterior_interventricular_branch_456posterior_descending789_of_right_coronary_artery
Grey_rami_communicantes_thoracic_region_male_R,Inactive,Nervous_system/Thorax/MalABCDEFGe/Grey_rami_communicantes_thoracic_region_male_R
Extensor_carpi_ulnaris_R,Inactive,Muscle_system/Arm_R/Extensor_carpi_ulnaris_R
Levator_anguli_oris_L,Inactive,Muscle_system/Head_and_Neck/Levator_anguli_oris_L
Transversus_thoracis_456innermost_intercostal789_R,Active,Muscle_system/Thorax/Transversus_thoracis_456innermost_intercostal789_R
Ejaculatory_duct_L,Inactive,Reproductive_system/Pelvis_and_Hip/Male/Ejaculatory_duct_L
Hypogastric_female_LABCDEFG,Inactive,Nervous_system/Pelvis_and_Hip/FemaUVWXYZle/Hypogastric_female_LABCDEFG
Superior_epigastric_L_A,Inactive,Artery_system/Abdomen/Common/Superior_epigastric_L_A
T04_Dorsal_root_ganglion_R,Inactive,Nervous_system/Back/Common/T04_Dorsal_root_ganglion_R
Gastrocnemius_456triceps_surae_part789_R,Inactive,Muscle_system/Lower_Limb_R/Common/Gastrocnemius_456triceps_surae_part789_R
T12_456subcostal789_Cutaneous_branches_anterior_male_RABCDEFG,Inactive,Nervous_system/Pelvis_and_Hip/MaleUVWXYZ/T12_456subcostal789_Cutaneous_branches_anterior_male_RABCDEFG
S05_Ventral_root_male_L,Inactive,Nervous_system/Pelvis_and_Hip/MaleUVWXYZ/S05_Ventral_root_male_L
Anterior_scrotal_R_V,Inactive,Vein_system/Pelvis_and_Hip/Male/Anterior_scrotal_R_V
Common_hepatic,Inactive,Artery_system/Abdomen/Common/Common_hepatic
Foramen_rotundum_L,Inactive,Skeleton_system/Head_and_Neck/Foramen_rotundum_L
Deep_circumflex_iliac_male_R,Inactive,Vein_system/Pelvis_and_Hip/Male/Deep_circumflex_iliac_male_R
Rectus_abdominis_male_R,Inactive,Muscle_system/Abdomen/Male/Rectus_abdominis_male_R
Hypogastric_male_R,Inactive,Nervous_system/Pelvis_and_Hip/MaleUVWXYZ/Hypogastric_male_R
ABCDEFG5th_Metacarpal_R,Inactive,Skeleton_system/Arm_R/ABCDEFG5th_Metacarpal_R
Inferior_mesenteric_V,Inactive,Vein_system/Abdomen/Common/Inferior_mesenteric_V
Thoracodorsal_456middle_subscapular_long_subscapular789456C06246C08789_L,Inactive,Nervous_system/Back/Common/Thoracodorsal_456middle_subscapular_long_subscapular789456C06246C08789_L
Sphenoid,Inactive,Skeleton_system/Head_and_Neck/Sphenoid
External_auditory_acoustic_meatus_R,Inactive,Skeleton_system/Head_and_Neck/External_auditory_acoustic_meatus_R
T06_Ventral_root_R,Inactive,Nervous_system/Back/Common/T06_Ventral_root_R
Preaortic_lymph_nodes_male,Inactive,Lymphatic_system/Abdomen/MalHIJKe/Preaortic_lymph_nodes_male
Premolar_bicuspid_second_13_L,Inactive,Skeleton_system/Head_and_Neck/Premolar_bicuspid_second_13_L
T12_456subcostal789_Ventral_root_L,Inactive,Nervous_system/Back/Common/T12_456subcostal789_Ventral_root_L
Central_retinal_L_V,Inactive,Vein_system/Head_and_Neck/Central_retinal_L_V
Nasalis_transverse_portion_R,Inactive,Muscle_system/Head_and_Neck/Nasalis_transverse_portion_R
T12_456subcostal789_Cutaneous_branches_anterior_female_L,Inactive,Nervous_system/Abdomen/Repetition_with_PelvisHip/FUVWXYZemale/T12_456subcostal789_Cutaneous_branches_anterior_female_L
Zygomaticofacial_R,Inactive,Nervous_system/Head_and_Neck/Common/Zygomaticofacial_R
Gonadal_456ovarian789_tubal_branch_L,Active,Artery_system/Pelvis_and_Hip/Female/Gonadal_456ovarian789_tubal_branch_L
ABCDEFG4th_Proximal_phalanx_hand_L,Inactive,Skeleton_system/Arm_L/ABCDEFG4th_Proximal_phalanx_hand_L
Inferior_epigastric_female_L_V,Inactive,Vein_system/Abdomen/Female/Inferior_epigastric_female_L_V
Extensor_hallucis_longus_R,Inactive,Muscle_system/Lower_Limb_R/Common/Extensor_hallucis_longus_R
Pubofemoral_ligament_male_R,Inactive,Ligament_system/Lower_Limb_R/Male/Pubofemoral_ligament_male_R
Subscapular_456posterior789_axillary_lymph_nodes_R,Inactive,Lymphatic_system/Arm_R/Subscapular_456posterior789_axillary_lymph_nodes_R
Male,Inactive,Skin_system/Back/Male
Superior_alveolar_L,Inactive,Artery_system/Head_and_Neck/Superior_alveolar_L
Female,Inactive,Muscle_system/Lower_Limb_L/Female
Flexor_retinaculum_R,Inactive,Ligament_system/Lower_Limb_R/Common/Flexor_retinaculum_R
Thorax,Inactive,Nervous_system/Thorax
Abdomen,Inactive,Urinary_system/Abdomen
Inferior_palpebral_arterial_arch_R,Inactive,Artery_system/Head_and_Neck/Inferior_palpebral_arterial_arch_R
Female,Inactive,Ligament_system/Lower_Limb_L/Female
Saphenous_R,Inactive,Nervous_system/Lower_Limb_R/Common/Saphenous_R
Inferior_pharyngeal_constrictor_456thyropharyngeal_part789_L,Inactive,Muscle_system/Head_and_Neck/Inferior_pharyngeal_constrictor_456thyropharyngeal_part789_L
Female_skin_leg_lower_R,Active,Skin_system/Lower_Limb_R/Female/Female_skin_leg_lower_R
Anterior_hypothalamic_region_L,Inactive,Nervous_system/Head_and_Neck/Common/brain/Anterior_hypothalamic_region_L
Pubofemoral_ligament_female_L,Inactive,Ligament_system/Lower_Limb_L/Female/Pubofemoral_ligament_female_L
Dorsal_hypothalamic_area_RABCDEFG,Inactive,Nervous_system/Head_and_Neck/Common/brain/Dorsal_hypothalamic_area_RABCDEFG
Purkinje_fibers_R,Inactive,Artery_system/Thorax/heart/group4/Purkinje_fibers_R
Intercostal_lymph_vessels_L,Inactive,Lymphatic_system/Back/Intercostal_lymph_vessels_L
Superficial_456subcutaneous789_infrapatellar_bursa_L,Inactive,Muscle_system/Lower_Limb_L/Common/Superficial_456subcutaneous789_infrapatellar_bursa_L
Repetition_with_Thorax,Inactive,Respiratory_system/HABCDEFGead_and_Neck/Repetition_with_Thorax
Rhomboideus_minor_R,Inactive,Muscle_system/Back/Common/Rhomboideus_minor_R
ABCDEFG2nd_lumber_splanchnic_R,Inactive,Nervous_system/Abdomen/Common/ABCDEFG2nd_lumber_splanchnic_R
Lesser_occipital_R,Inactive,Nervous_system/Head_and_Neck/Common/Lesser_occipital_R
Semimembranosus_female_R,Inactive,Muscle_system/Lower_Limb_R/Female/Semimembranosus_female_R
Posterior_sacroiliac_ligament_upper_male_R,Inactive,Ligament_system/Pelvis_and_Hip/Male/Posterior_sacroiliac_ligament_upper_male_R
Lesser_splanchnic_nerves_RABCDEFG,Inactive,Nervous_system/Abdomen/Common/Lesser_splanchnic_nerves_RABCDEFG
Nasal_L,Inactive,Skeleton_system/Head_and_Neck/Nasal_L
S01_Ventral_root_male_L,Inactive,Nervous_system/Pelvis_and_Hip/MaleUVWXYZ/S01_Ventral_root_male_L
Depressor_septi_R,Inactive,Muscle_system/Head_and_Neck/Depressor_septi_R
ABCDEFG3rd_Proximal_phalanx_hand_R,Inactive,Skeleton_system/Arm_R/ABCDEFG3rd_Proximal_phalanx_hand_R
C02_Dorsal_root_ganglion_L,Inactive,Nervous_system/Head_and_Neck/Common/C02_Dorsal_root_ganglion_L
Medial_456deltoid789_ligament_456anterior_tibiotalar_part789_L,Inactive,Ligament_system/Lower_Limb_L/Common/Medial_456deltoid789_ligament_456anterior_tibiotalar_part789_L
Common_plantar_digital_L,Inactive,Nervous_system/Lower_Limb_L/Common/Common_plantar_digital_L
Superior_medial_palpebral_R_A,Inactive,Artery_system/Head_and_Neck/Superior_medial_palpebral_R_A
Parietal_L,Inactive,Skeleton_system/Head_and_Neck/Parietal_L
Quadratus_femoris_male_L,Inactive,Muscle_system/Pelvis_and_Hip/Male/Quadratus_femoris_male_L
Renal_R_V,Inactive,Vein_system/Abdomen/Common/Renal_R_V
Uterine_L_V,Inactive,Vein_system/Pelvis_and_Hip/Female/Uterine_L_V
Adductor_hallucis_456oblique_head789_L,Inactive,Muscle_system/Lower_Limb_L/Common/Adductor_hallucis_456oblique_head789_L
Bulbourethral_glands_R,Inactive,Reproductive_system/Pelvis_and_Hip/Male/Bulbourethral_glands_R
Common_iliac_male_L_V,Inactive,Vein_system/Pelvis_and_Hip/Male/Common_iliac_male_L_V
CN_05_456V789_Lingual_L,Inactive,Nervous_system/Head_and_Neck/Common/CN_05_456V789_Lingual_L
Testicle_medial_half_R,Inactive,Reproductive_system/Pelvis_and_Hip/Male/Testicle_medial_half_R
Superior_pharyngeal_constrictor_L,Inactive,Muscle_system/Head_and_Neck/Superior_pharyngeal_constrictor_L
Ureter_plexus_female_L,Inactive,Nervous_system/Abdomen/Repetition_with_PelvisHip/FUVWXYZemale/Ureter_plexus_female_L
Lateral_sacral_male_R_A,Inactive,Artery_system/Pelvis_and_Hip/Male/Lateral_sacral_male_R_A
Thyroid_cartilage,Inactive,Skeleton_system/Head_and_Neck/Thyroid_cartilage
Internal_thoracic_456mammary789_R_V,Inactive,Vein_system/Thorax/Internal_thoracic_456mammary789_R_V
Female,Inactive,Artery_system/Lower_Limb_L/Female
T12_456subcostal789_Cutaneous_branches_lateral_male_L,Inactive,Nervous_system/Pelvis_and_Hip/MaleUVWXYZ/T12_456subcostal789_Cutaneous_branches_lateral_male_L
Musculocutaneous_456C05246C07789_L,Inactive,Nervous_system/Arm_L/Musculocutaneous_456C05246C07789_L
Sacral_lymph_vessels_male_L,Inactive,Lymphatic_system/Pelvis_and_Hip/OPQRSTMale/Sacral_lymph_vessels_male_L
Juxtaesophageal_lymph_nodes_R,Inactive,Lymphatic_system/Thorax/Common/Juxtaesophageal_lymph_nodes_R
Endopelvic_fascia_female_R,Inactive,Ligament_system/Pelvis_and_Hip/Female/Endopelvic_fascia_female_R
Superior_labial_R_V,Inactive,Vein_system/Head_and_Neck/Superior_labial_R_V
Inferior_rectal_male_L,Inactive,Nervous_system/Pelvis_and_Hip/MaleUVWXYZ/Inferior_rectal_male_L
L04_Dorsal_root_ganglion_female_L,Inactive,Nervous_system/Pelvis_and_Hip/FemaUVWXYZle/L04_Dorsal_root_ganglion_female_L
Median_456C06246T01789_R,Inactive,Nervous_system/Arm_R/Median_456C06246T01789_R
Semitendinosus_female_L,Inactive,Muscle_system/Lower_Limb_L/Female/Semitendinosus_female_L
Purkinje_fibers_L,Inactive,Artery_system/Thorax/heart/group4/Purkinje_fibers_L
Salivary_456submandibular_submaxillary789_duct_R,Inactive,Digestive_system/Head_and_Neck/Salivary_456submandibular_submaxillary789_duct_R
Lumbar_R_V,Inactive,Vein_system/Back/Lumbar_R_V
Pyloric_sphincter_456valve789357front_portion,Inactive,Digestive_system/Abdomen/Pyloric_sphincter_456valve789357front_portion
Common,Inactive,Vein_system/Lower_Limb_R/Common
T07_Spinal_nerve_456ventral_ramus789_LABCDEFG,Inactive,Nervous_system/Abdomen/Common/T07_Spinal_nerve_456ventral_ramus789_LABCDEFG
C06_Dorsal_root_R,Inactive,Nervous_system/Head_and_Neck/Common/C06_Dorsal_root_R
Intercostals_6540324610987_L,Inactive,Artery_system/Thorax/Intercostals_6540324610987_L
CN_11_456XI789_Spinal_portion_R,Inactive,Nervous_system/Head_and_Neck/Common/CN_11_456XI789_Spinal_portion_R
Radial_collateral_R,Inactive,Artery_system/Arm_R/Radial_collateral_R
Descending_genicular_R,Inactive,Artery_system/Lower_Limb_R/Common/Descending_genicular_R
Superior_petrosal_sinus_R,Inactive,Vein_system/Head_and_Neck/Superior_petrosal_sinus_R
Thalamus_R,Inactive,Nervous_system/Head_and_Neck/Common/brain/Thalamus_R
Anterior_scrotal_L_A,Inactive,Artery_system/Pelvis_and_Hip/Male/Anterior_scrotal_L_A
Superior_oblique_L,Inactive,Muscle_system/Head_and_Neck/Superior_oblique_L
Vomer,Inactive,Skeleton_system/Head_and_Neck/Vomer
Dura_mater_male,Inactive,Nervous_system/Head_and_Neck/MABCDEFGale/Dura_mater_male
Internal_iliac_456epigastric789_lymph_nodes_male_R,Inactive,Lymphatic_system/Pelvis_and_Hip/OPQRSTMale/Internal_iliac_456epigastric789_lymph_nodes_male_R
Circumflex_humeral_anterior_R_A,Inactive,Artery_system/Arm_R/Circumflex_humeral_anterior_R_A
T03_Cutaneous_branches_anterior_R,Inactive,Nervous_system/Thorax/Common/T03_Cutaneous_branches_anterior_R
Superficial_circumflex_iliac_male_R_A,Inactive,Artery_system/Pelvis_and_Hip/Male/Superficial_circumflex_iliac_male_R_A
T10_Spinal_nerve_456ventral_ramus789_female_R,Inactive,Nervous_system/Thorax/Repetition_with_Abdomen/FemaABCDEFGle/T10_Spinal_nerve_456ventral_ramus789_female_R
Uterine_branch_of_lymph_vessels_female_RABCDEFG,Inactive,Lymphatic_system/Pelvis_and_Hip/OPQRSTFemale/Uterine_branch_of_lymph_vessels_female_RABCDEFG
Dorsal_calcaneocuboid_ligaments_R,Inactive,Ligament_system/Lower_Limb_R/Common/Dorsal_calcaneocuboid_ligaments_R
Temporalis_L,Inactive,Muscle_system/Head_and_Neck/Temporalis_L
Neurohypophysis_456posterior_pituitary789_R,Inactive,Nervous_system/Head_and_Neck/Common/brain/Neurohypophysis_456posterior_pituitary789_R
Pulmonary_veins_superior_L,Inactive,Artery_system/Thorax/heart/Pulmonary_veins_superior_L
Prefrontal_456pre246Rolandic789_R,Inactive,Artery_system/Head_and_Neck/Prefrontal_456pre246Rolandic789_R
Pelvis_and_Hip,Active,Nervous_system/Pelvis_and_Hip
ISDK_RayGrabInteraction,Inactive,Skin_system/Head_and_Neck/Male/Male_skin_neck_L/ISDK_RayGrabInteraction
Puborectalis_456part_of_levator_ani789_male_L,Inactive,Muscle_system/Pelvis_and_Hip/Male/Puborectalis_456part_of_levator_ani789_male_L
Tibial_group_of_lymph_vessels_L,Inactive,Lymphatic_system/Lower_Limb_L/Common/Tibial_group_of_lymph_vessels_L
ABCDEFG3rd_Metatarsal_R,Inactive,Skeleton_system/Lower_Limb_R/Common/ABCDEFG3rd_Metatarsal_R
Lumbosacral_trunk_R,Active,Nervous_system/Pelvis_and_Hip/Common/Lumbosacral_trunk_R
Dorsal_scapular_456C04246C05789_L,Inactive,Nervous_system/Back/Common/Dorsal_scapular_456C04246C05789_L
Brachiocephalic_trunk_456innominate_artery789,Inactive,Artery_system/Thorax/Brachiocephalic_trunk_456innominate_artery789
Interphalangeal_456distal789_ligaments_of_the_foot_456DIP_joints789_R,Inactive,Ligament_system/Lower_Limb_R/Common/Interphalangeal_456distal789_ligaments_of_the_foot_456DIP_joints789_R
Brachialis_L,Inactive,Muscle_system/Arm_L/Brachialis_L
Thoracoepigastric_male_L,Inactive,Vein_system/Abdomen/Male/Thoracoepigastric_male_L
Fallopian_tube_L,Active,Reproductive_system/Pelvis_and_Hip/Female/Fallopian_tube_L
T04_Dorsal_ramus_lateral_branch_R,Inactive,Nervous_system/Back/Common/T04_Dorsal_ramus_lateral_branch_R
Inferior_gemellus_female_R,Active,Muscle_system/Pelvis_and_Hip/Female/Inferior_gemellus_female_R
Esophageal_A,Inactive,Artery_system/Thorax/Esophageal_A
Vagal_branch_to_fundus_and_body_of_stomachABCDEFG,Inactive,Nervous_system/Abdomen/Common/Vagal_branch_to_fundus_and_body_of_stomachABCDEFG
Grey_rami_communicantes_cervical_region_female_L,Inactive,Nervous_system/Head_and_Neck/Repetition_with_Thorax/FeABCDEFGmale/Grey_rami_communicantes_cervical_region_female_L
Ovarian_plexus_female_RABCDEFG,Inactive,Nervous_system/Pelvis_and_Hip/FemaUVWXYZle/Ovarian_plexus_female_RABCDEFG
S03_Dorsal_root_ganglion_female_R,Inactive,Nervous_system/Pelvis_and_Hip/FemaUVWXYZle/S03_Dorsal_root_ganglion_female_R
T09_Ventral_root_L,Inactive,Nervous_system/Back/Common/T09_Ventral_root_L
CN_05_456V789_Infraorbital_R,Inactive,Nervous_system/Head_and_Neck/Common/CN_05_456V789_Infraorbital_R
Female,Inactive,Artery_system/Abdomen/Female
Basilar_L,Inactive,Artery_system/Head_and_Neck/Basilar_L
Coracoclavicular_ligament_trapezoid_portion_L,Inactive,Ligament_system/Arm_L/Coracoclavicular_ligament_trapezoid_portion_L
Esophageal,Inactive,Vein_system/Abdomen/Common/Esophageal
Ischiofemoral_ligament_female_R,Inactive,Ligament_system/Lower_Limb_R/Female/Ischiofemoral_ligament_female_R
Deep_transverse_metatarsal_ligament_R,Inactive,Ligament_system/Lower_Limb_R/Common/Deep_transverse_metatarsal_ligament_R
Sphenoparietal_sinus_R,Inactive,Vein_system/Head_and_Neck/Sphenoparietal_sinus_R
Mitral_456bicuspid789_valve_chordae_tendineae,Inactive,Artery_system/Thorax/heart/group5/Mitral_456bicuspid789_valve_chordae_tendineae
Ansa_cervicalis_branch_to_sternohyoid_R,Inactive,Nervous_system/Head_and_Neck/Common/Ansa_cervicalis_branch_to_sternohyoid_R
Ilium_male_R,Inactive,Skeleton_system/Pelvis_and_Hip/Male/Ilium_male_R
Posterior_longitudinal_ligament_thoracic_region_female,Inactive,Ligament_system/Thorax/Repetition_with_Back/Female/Posterior_longitudinal_ligament_thoracic_region_female
Accessory_meningeal_R,Inactive,Artery_system/Head_and_Neck/Accessory_meningeal_R
Interosseous_456anterior789_talocalcaneal_ligament_L,Inactive,Ligament_system/Lower_Limb_L/Common/Interosseous_456anterior789_talocalcaneal_ligament_L
Common_palmar_digital_R,Inactive,Nervous_system/Arm_R/Common_palmar_digital_R
T12_456subcostal789_Spinal_nerve_456ventral_ramus789_female_R,Inactive,Nervous_system/Thorax/Repetition_with_Abdomen/FemaABCDEFGle/T12_456subcostal789_Spinal_nerve_456ventral_ramus789_female_R
Iliotibial_456Maissiat2689s789_tract_456band789_L,Inactive,Muscle_system/Lower_Limb_L/Common/Iliotibial_456Maissiat2689s789_tract_456band789_L
Inferior_thyroid_456thyroidea_ima789,Inactive,Vein_system/Head_and_Neck/Inferior_thyroid_456thyroidea_ima789
ABCDEFG456VII789Liver_posteromedial_segment,Inactive,Digestive_system/Abdomen/ABCDEFG456VII789Liver_posteromedial_segment
T12_456subcostal789_Spinal_nerve_456ventral_ramus789_female_L,Inactive,Nervous_system/Thorax/Repetition_with_Abdomen/FemaABCDEFGle/T12_456subcostal789_Spinal_nerve_456ventral_ramus789_female_L
T01_Dorsal_root_L,Inactive,Nervous_system/Back/Common/T01_Dorsal_root_L
C01_Dorsal_root_ganglion_L,Inactive,Nervous_system/Head_and_Neck/Common/C01_Dorsal_root_ganglion_L
Lateral_sural_cutaneous_R,Inactive,Nervous_system/Lower_Limb_R/Common/Lateral_sural_cutaneous_R
Lateral_cricoarytenoid_R,Inactive,Muscle_system/Head_and_Neck/Lateral_cricoarytenoid_R
Branches_of_submandibular_lymph_vessel_R,Inactive,Lymphatic_system/Head_and_Neck/Branches_of_submandibular_lymph_vessel_R
Anterior_tibial_lymph_node_R,Inactive,Lymphatic_system/Lower_Limb_R/Common/Anterior_tibial_lymph_node_R
Subsartorial_456Pes_anserine789_bursa_L,Inactive,Muscle_system/Lower_Limb_L/Common/Subsartorial_456Pes_anserine789_bursa_L
Deep_infrapatellar_bursa_R,Inactive,Muscle_system/Lower_Limb_R/Common/Deep_infrapatellar_bursa_R
Anterior_longitudinal_ligament_cervical_region_male_Head_and_Neck,Inactive,Ligament_system/Head_and_Neck/Repetition_with_Back/MaSKRle/Anterior_longitudinal_ligament_cervical_region_male_Head_and_Neck
Urethra_spongy_portion_456penile789_R_half,Inactive,Reproductive_system/Pelvis_and_Hip/Male/Urethra_spongy_portion_456penile789_R_half
Anal_sphincter_internal_R,Active,Muscle_system/Pelvis_and_Hip/Common/Anal_sphincter_internal_R
Semimembranosus_bursa_R,Inactive,Muscle_system/Lower_Limb_R/Common/Semimembranosus_bursa_R
Superior_orbital_fissure_L,Inactive,Skeleton_system/Head_and_Neck/Superior_orbital_fissure_L
T09_VertebraABCDEFG,Inactive,Skeleton_system/Back/Common/T09_VertebraABCDEFG
Nasalis_alar_portion_R,Inactive,Muscle_system/Head_and_Neck/Nasalis_alar_portion_R
MalZYXQPOe,Inactive,Muscle_system/Abdomen/Repetition_with_Pelvis_and_Hip/MalZYXQPOe
T02_Dorsal_ramus_R,Inactive,Nervous_system/Back/Common/T02_Dorsal_ramus_R
Ovary_anterior_half_R,Active,Reproductive_system/Pelvis_and_Hip/Female/Ovary_anterior_half_R
Central_retinal_R_A,Inactive,Artery_system/Head_and_Neck/Central_retinal_R_A
Sesamoid_medial_L,Inactive,Skeleton_system/Lower_Limb_L/Common/Sesamoid_medial_L
Supraspinous_ligament_sacral_region_female,Inactive,Ligament_system/Back/Repetition_with_PelvisHip/Female/Supraspinous_ligament_sacral_region_female
Median_456middle789_sacral_male_A,Inactive,Artery_system/Pelvis_and_Hip/Male/Median_456middle789_sacral_male_A
Superior_gemellus_female_L,Active,Muscle_system/Pelvis_and_Hip/Female/Superior_gemellus_female_L
Iliolumbar_ligament_female_R,Inactive,Ligament_system/Pelvis_and_Hip/Female/Iliolumbar_ligament_female_R
Iliofemoral_ligament_female_L,Inactive,Ligament_system/Lower_Limb_L/Female/Iliofemoral_ligament_female_L
Obliquus_capitis_inferior_R,Inactive,Muscle_system/Head_and_Neck/Obliquus_capitis_inferior_R
Conus_branch,Inactive,Artery_system/Thorax/heart/Conus_branch
T06_Dorsal_root_ganglion_L,Inactive,Nervous_system/Back/Common/T06_Dorsal_root_ganglion_L
Splenic_456lienal789_lymph_nodes,Inactive,Lymphatic_system/Abdomen/Common/Splenic_456lienal789_lymph_nodes
T05_Dorsal_root_R,Inactive,Nervous_system/Back/Common/T05_Dorsal_root_R
Palmar_radiocarpal_ligament_radiocapitate_part_L,Inactive,Ligament_system/Arm_L/Palmar_radiocarpal_ligament_radiocapitate_part_L
Brachialis_R,Inactive,Muscle_system/Arm_R/Brachialis_R
Masseter_deep_R,Inactive,Muscle_system/Head_and_Neck/Masseter_deep_R
S04_Ventral_root_male_R,Inactive,Nervous_system/Pelvis_and_Hip/MaleUVWXYZ/S04_Ventral_root_male_R
Femoral_group_of_lymph_vessels_male_L,Inactive,Lymphatic_system/Lower_Limb_L/MaOPQRSTle/Femoral_group_of_lymph_vessels_male_L
Sympathetic_trunk_thoracic_region_male_L,Inactive,Nervous_system/Thorax/MalABCDEFGe/Sympathetic_trunk_thoracic_region_male_L
Greater_splanchnic_nerves_R,Inactive,Nervous_system/Thorax/Repetition_with_Abdomen/Common/Greater_splanchnic_nerves_R
Female,Inactive,Muscle_system/Back/Female
Deltoid_middle_head_R,Inactive,Muscle_system/Arm_R/Deltoid_middle_head_R
Zygomatic_R,Inactive,Nervous_system/Head_and_Neck/Common/Zygomatic_R
Intermediate_cuneiform_L,Inactive,Skeleton_system/Lower_Limb_L/Common/Intermediate_cuneiform_L
L01_Spinal_nerve_L,Active,Nervous_system/Pelvis_and_Hip/Common/L01_Spinal_nerve_L
Lateral_pterygoid_R,Inactive,Artery_system/Head_and_Neck/Lateral_pterygoid_R
C08_Dorsal_ramus_R,Inactive,Nervous_system/Head_and_Neck/Common/C08_Dorsal_ramus_R
Tertiary_456segmental789_bronchus_456II789_L,Inactive,Respiratory_system/TABCDEFGhorax/Tertiary_456segmental789_bronchus_456II789_L
Lower_Limb_R,Inactive,Artery_system/Lower_Limb_R
Lumbricals_456foot789_L,Inactive,Muscle_system/Lower_Limb_L/Common/Lumbricals_456foot789_L
Retromandibular_R,Inactive,Vein_system/Head_and_Neck/Retromandibular_R
Extensor_carpi_radialis_longus_R,Inactive,Muscle_system/Arm_R/Extensor_carpi_radialis_longus_R
Female_skin_hand_L,Active,Skin_system/Arm_L/Female/Female_skin_hand_L
L03_Dorsal_ramus_L,Active,Nervous_system/Pelvis_and_Hip/Common/L03_Dorsal_ramus_L
Metatarsophalangeal_articular_capsule_of_hallux_L,Inactive,Ligament_system/Lower_Limb_L/Common/Metatarsophalangeal_articular_capsule_of_hallux_L
Superior_glenohumeral_ligament_R,Inactive,Ligament_system/Arm_R/Superior_glenohumeral_ligament_R
Sacral_splanchnic_nerves_female_LABCDEFG,Inactive,Nervous_system/Pelvis_and_Hip/FemaUVWXYZle/Sacral_splanchnic_nerves_female_LABCDEFG
Lateral_cuneiform_L,Inactive,Skeleton_system/Lower_Limb_L/Common/Lateral_cuneiform_L
Medial_456deltoid789_ligament_456tibiocalcaneal_part789_L,Inactive,Ligament_system/Lower_Limb_L/Common/Medial_456deltoid789_ligament_456tibiocalcaneal_part789_L
Inferior_vesical_male_L_A,Inactive,Artery_system/Pelvis_and_Hip/Male/Inferior_vesical_male_L_A
Tectorial_membrane_of_atlanto246axial_joint,Inactive,Ligament_system/Head_and_Neck/Common/Tectorial_membrane_of_atlanto246axial_joint
Intertransverse_ligaments_thoracic_region_RABCDEFG,Inactive,Ligament_system/Back/Common/Intertransverse_ligaments_thoracic_region_RABCDEFG
Iliolumbar_ligament_female_L,Inactive,Ligament_system/Pelvis_and_Hip/Female/Iliolumbar_ligament_female_L
Anterior_longitudinal_ligament_thoracic_region_maleABCDEFG,Inactive,Ligament_system/Back/Male/Anterior_longitudinal_ligament_thoracic_region_maleABCDEFG
Inferior_lobar_bronchus_L,Inactive,Respiratory_system/TABCDEFGhorax/Inferior_lobar_bronchus_L
Superior_thyroid_R_A,Inactive,Artery_system/Head_and_Neck/Superior_thyroid_R_A
Vaginal_L,Active,Artery_system/Pelvis_and_Hip/Female/Vaginal_L
Twelfth_rib_L,Inactive,Skeleton_system/Thorax/Twelfth_rib_L
Left_aorticorenal_ganglion,Inactive,Nervous_system/Abdomen/Common/Left_aorticorenal_ganglion
Thoracic_duct,Inactive,Lymphatic_system/Thorax/Common/Thoracic_duct
Triquetral_triangular_R,Inactive,Skeleton_system/Arm_R/Triquetral_triangular_R
Stylohyoid_L,Inactive,Muscle_system/Head_and_Neck/Stylohyoid_L
Superficial_epigastric_female_R_V,Inactive,Vein_system/Abdomen/Female/Superficial_epigastric_female_R_V
MaleUVWXYZ,Active,Nervous_system/Pelvis_and_Hip/MaleUVWXYZ
T09_Cutaneous_branches_lateral_R,Inactive,Nervous_system/Thorax/Repetition_with_Abdomen/Common/T09_Cutaneous_branches_lateral_R
Anterior_internodal_bundle,Inactive,Artery_system/Thorax/heart/group4/Anterior_internodal_bundle
External_iliac_female_R_V,Inactive,Vein_system/Pelvis_and_Hip/Female/External_iliac_female_R_V
Submental_lymph_vessels_L,Inactive,Lymphatic_system/Head_and_Neck/Submental_lymph_vessels_L
FemORZale,Inactive,Skeleton_system/Back/FemORZale
CN_10_456X789_Superior_cervical_456vagal789_cardiac_nerve_LABCDEFG,Inactive,Nervous_system/Thorax/Common/CN_10_456X789_Superior_cervical_456vagal789_cardiac_nerve_LABCDEFG
Male,Inactive,Muscle_system/Abdomen/Male
Anterior_cruciate_ligament_456ACL789_R,Inactive,Ligament_system/Lower_Limb_R/Common/Anterior_cruciate_ligament_456ACL789_R
Fusiform_gyrus_L,Inactive,Nervous_system/Head_and_Neck/Common/brain/Cerebral_cortex/Left_cerebral_cortex/Left_temporal_lobe/Fusiform_gyrus_L
Hamate_L,Inactive,Skeleton_system/Arm_L/Hamate_L
Jugular_nerve_R,Inactive,Nervous_system/Head_and_Neck/Common/Jugular_nerve_R
Lower_Limb_R,Inactive,Vein_system/Lower_Limb_R
Interspinales_cervicis_R,Inactive,Muscle_system/Back/Common/Interspinales_cervicis_R
Sternoclavicular_ligament_L,Inactive,Ligament_system/Arm_L/Sternoclavicular_ligament_L
Lumbar_L_V,Inactive,Vein_system/Back/Lumbar_L_V
Third_rib_R,Inactive,Skeleton_system/Thorax/Third_rib_R
Fifth_rib_L,Inactive,Skeleton_system/Thorax/Fifth_rib_L
Lateral_frontobasal_456orbitofrontal789_L,Inactive,Artery_system/Head_and_Neck/Lateral_frontobasal_456orbitofrontal789_L
Iliolumbar_male_R_A,Inactive,Artery_system/Pelvis_and_Hip/Male/Iliolumbar_male_R_A
Inferior_pharyngeal_constrictor_456cricopharyngeal_part789_L,Inactive,Muscle_system/Head_and_Neck/Inferior_pharyngeal_constrictor_456cricopharyngeal_part789_L
Gracilis_female_L,Inactive,Muscle_system/Lower_Limb_L/Female/Gracilis_female_L
Deep_circumflex_iliac_female_R,Inactive,Vein_system/Pelvis_and_Hip/Female/Deep_circumflex_iliac_female_R
Articular_cartilage_acetabulum_male_L,Inactive,Skeleton_system/Pelvis_and_Hip/Male/Articular_cartilage_acetabulum_male_L
Thoracoepigastric_male_R,Inactive,Vein_system/Abdomen/Male/Thoracoepigastric_male_R
Anastomosis_456superior_mesenteric_and_inferior_pancreatic789,Inactive,Artery_system/Abdomen/Common/Anastomosis_456superior_mesenteric_and_inferior_pancreatic789
Palmaris_longus_R,Inactive,Muscle_system/Arm_R/Palmaris_longus_R
Dura_mater_sacral_region_female,Inactive,Nervous_system/Back/Repetition_with_PelvisHip/FemUVWXYZale/Dura_mater_sacral_region_female
Radiate_carpal_ligament_capitohamate_R,Inactive,Ligament_system/Arm_R/Radiate_carpal_ligament_capitohamate_R
Nasal_concha_turbinate_inferior_lower_R,Inactive,Skeleton_system/Head_and_Neck/Nasal_concha_turbinate_inferior_lower_R
Adductor_hallucis_456oblique_head789_R,Inactive,Muscle_system/Lower_Limb_R/Common/Adductor_hallucis_456oblique_head789_R
C05_Dorsal_ramus_L,Inactive,Nervous_system/Head_and_Neck/Common/C05_Dorsal_ramus_L
External_iliac_plexus_female_LABCDEFG,Inactive,Nervous_system/Pelvis_and_Hip/FemaUVWXYZle/External_iliac_plexus_female_LABCDEFG
Latissimus_dorsi_female_L,Inactive,Muscle_system/Back/Female/Latissimus_dorsi_female_L
Geniohyoid_R,Inactive,Muscle_system/Head_and_Neck/Geniohyoid_R
Hepatic_lymph_vessels,Inactive,Lymphatic_system/Abdomen/Common/Hepatic_lymph_vessels
Suprapyloric_lymph_nodes,Inactive,Lymphatic_system/Abdomen/MalHIJKe/Suprapyloric_lymph_nodes
S04_Dorsal_root_female_R,Inactive,Nervous_system/Pelvis_and_Hip/FemaUVWXYZle/S04_Dorsal_root_female_R
Thoracoacromial_deltoid_branch_L,Inactive,Artery_system/Arm_L/Thoracoacromial_deltoid_branch_L
Carotid_canal_R,Inactive,Skeleton_system/Head_and_Neck/Carotid_canal_R
Third_456least789_occipital_R,Inactive,Nervous_system/Head_and_Neck/Common/Third_456least789_occipital_R
T08_Dorsal_ramus_lateral_branch_L,Inactive,Nervous_system/Back/Common/T08_Dorsal_ramus_lateral_branch_L
Serratus_anterior_L,Active,Muscle_system/Thorax/Serratus_anterior_L
Facial_R_V,Inactive,Vein_system/Head_and_Neck/Facial_R_V
Deltopectoral_456infraclavicular789_lymph_nodes_L,Inactive,Lymphatic_system/Thorax/Common/Deltopectoral_456infraclavicular789_lymph_nodes_L
Stylopharyngeus_L,Inactive,Muscle_system/Head_and_Neck/Stylopharyngeus_L
Iliofemoral_ligament_male_R,Inactive,Ligament_system/Lower_Limb_R/Male/Iliofemoral_ligament_male_R
Depressor_labii_inferioris_R,Inactive,Muscle_system/Head_and_Neck/Depressor_labii_inferioris_R
Median_456C06246T01789_L,Inactive,Nervous_system/Arm_L/Median_456C06246T01789_L
T05_Dorsal_root_L,Inactive,Nervous_system/Back/Common/T05_Dorsal_root_L
Lumbrical_3rd_L,Inactive,Muscle_system/Arm_L/Lumbrical_3rd_L
Mandible_mental_foramen_L,Inactive,Skeleton_system/Head_and_Neck/Mandible_mental_foramen_L
Ischium_male_R,Inactive,Skeleton_system/Pelvis_and_Hip/Male/Ischium_male_R
Dorsal_interossei_456foot789_L,Inactive,Muscle_system/Lower_Limb_L/Common/Dorsal_interossei_456foot789_L
Arm_R,Inactive,Skeleton_system/Arm_R
Nerve_to_the_subclavius_456C05357C06789_L,Inactive,Nervous_system/Thorax/Common/Nerve_to_the_subclavius_456C05357C06789_L
Zygomaticus_minor_L,Inactive,Muscle_system/Head_and_Neck/Zygomaticus_minor_L
Inferior_labial_R_V,Inactive,Vein_system/Head_and_Neck/Inferior_labial_R_V
L04_Ventral_root_male_L,Inactive,Nervous_system/Pelvis_and_Hip/MaleUVWXYZ/L04_Ventral_root_male_L
Superficial_external_pudendal_456pudic789_female_R_A,Active,Artery_system/Pelvis_and_Hip/Female/Superficial_external_pudendal_456pudic789_female_R_A
Second_rib_R,Inactive,Skeleton_system/Thorax/Second_rib_R
Bifurcate_456calcaneocuboid_and_calcaneonavicular789_ligament_L,Inactive,Ligament_system/Lower_Limb_L/Common/Bifurcate_456calcaneocuboid_and_calcaneonavicular789_ligament_L
T07_Cutaneous_branches_anterior_L,Inactive,Nervous_system/Abdomen/Common/T07_Cutaneous_branches_anterior_L
Deep_transverse_perineal_male_R,Inactive,Muscle_system/Pelvis_and_Hip/Male/Deep_transverse_perineal_male_R
Pectoralis_major_R,Active,Muscle_system/Thorax/Pectoralis_major_R
Vaginal_venous_plexus_R,Inactive,Vein_system/Pelvis_and_Hip/Female/Vaginal_venous_plexus_R
Arm_R,Inactive,Artery_system/Arm_R
Left_gastric_V,Inactive,Vein_system/Abdomen/Common/Left_gastric_V
Internal_carotid_cervical_part_R,Inactive,Artery_system/Head_and_Neck/Internal_carotid_cervical_part_R
Medulla_oblongata_L,Inactive,Nervous_system/Head_and_Neck/Common/brain/Medulla_oblongata_L
T12_456subcostal789_Spinal_nerve_456ventral_ramus789_male_L,Inactive,Nervous_system/Thorax/Repetition_with_Abdomen/MaleABCDEFG/T12_456subcostal789_Spinal_nerve_456ventral_ramus789_male_L
Posterior_labial_female_R,Inactive,Nervous_system/Pelvis_and_Hip/FemaUVWXYZle/Posterior_labial_female_R
Kidney_front_L,Inactive,Urinary_system/Abdomen/Common/Kidney_front_L
Aryepiglottic_L,Inactive,Muscle_system/Head_and_Neck/Aryepiglottic_L
Lower_Limb_L,Inactive,Ligament_system/Lower_Limb_L
Buccinator_node_of_the_facial_lymph_vessel_L,Inactive,Lymphatic_system/Head_and_Neck/Buccinator_node_of_the_facial_lymph_vessel_L
Subcutaneous_acromial_bursa_R,Inactive,Muscle_system/Arm_R/Subcutaneous_acromial_bursa_R
Articular_capsule_R,Inactive,Ligament_system/Arm_R/Articular_capsule_R
Rectus_capitis_lateralis_R,Inactive,Muscle_system/Head_and_Neck/Rectus_capitis_lateralis_R
CN_10_456X789_Vagus_RABCDEFG,Inactive,Nervous_system/Thorax/Common/CN_10_456X789_Vagus_RABCDEFG
Posterior_longitudinal_ligament_lumbar_region_male,Inactive,Ligament_system/Back/Male/Posterior_longitudinal_ligament_lumbar_region_male
Rectovaginal_fascia_female,Inactive,Ligament_system/Pelvis_and_Hip/Female/Rectovaginal_fascia_female
Arm_R,Inactive,Ligament_system/Arm_R
Ilium_female_L,Active,Skeleton_system/Pelvis_and_Hip/Female/Ilium_female_L
heart,Inactive,Artery_system/Thorax/heart
Facial_R_A,Inactive,Artery_system/Head_and_Neck/Facial_R_A
Intermediate_bronchus,Inactive,Respiratory_system/TABCDEFGhorax/Intermediate_bronchus
Angular_R_A,Inactive,Artery_system/Head_and_Neck/Angular_R_A
Longissimus_thoracis_male_R,Inactive,Muscle_system/Back/Male/Longissimus_thoracis_male_R
Retropyloric_lymph_node,Inactive,Lymphatic_system/Abdomen/Common/Retropyloric_lymph_node
Posterior_ciliary_R,Inactive,Artery_system/Head_and_Neck/Posterior_ciliary_R
T01_Cutaneous_branches_lateral_L,Inactive,Nervous_system/Thorax/Common/T01_Cutaneous_branches_lateral_L
MaHIJKle,Inactive,Lymphatic_system/Thorax/MaHIJKle
Prepuce,Active,Reproductive_system/Pelvis_and_Hip/Female/Prepuce
ABCDEFG456VI789Liver_right_anterolateral_segment,Inactive,Digestive_system/Abdomen/ABCDEFG456VI789Liver_right_anterolateral_segment
Pars_tuberalis_R,Inactive,Nervous_system/Head_and_Neck/Common/brain/Pars_tuberalis_R
T12_456subcostal789_Dorsal_root_ganglion_L,Inactive,Nervous_system/Back/Common/T12_456subcostal789_Dorsal_root_ganglion_L
Premolar_bicuspid_first_05_R,Inactive,Skeleton_system/Head_and_Neck/Premolar_bicuspid_first_05_R
Ophthalmic_L,Inactive,Artery_system/Head_and_Neck/Ophthalmic_L
Retromandibular_posterior_division_L,Inactive,Vein_system/Head_and_Neck/Retromandibular_posterior_division_L
S03_Dorsal_root_ganglion_male_L,Inactive,Nervous_system/Pelvis_and_Hip/MaleUVWXYZ/S03_Dorsal_root_ganglion_male_L
Male_skin_foot_L,Inactive,Skin_system/Lower_Limb_L/Male/Male_skin_foot_L
Labial_branches_R,Inactive,Vein_system/Head_and_Neck/Labial_branches_R
CN_09_456IX789_Carotid_branch_L,Inactive,Nervous_system/Head_and_Neck/Common/CN_09_456IX789_Carotid_branch_L
Abdomen,Inactive,Ligament_system/Abdomen
Puborectalis_456part_of_levator_ani789_female_R,Active,Muscle_system/Pelvis_and_Hip/Female/Puborectalis_456part_of_levator_ani789_female_R
Common_tendinous_ring_L,Inactive,Muscle_system/Head_and_Neck/Common_tendinous_ring_L
Thyroarytenoid_R,Inactive,Muscle_system/Head_and_Neck/Thyroarytenoid_R
Cricoid_cartilage,Inactive,Skeleton_system/Head_and_Neck/Cricoid_cartilage
Medial_meniscus_R,Inactive,Ligament_system/Lower_Limb_R/Common/Medial_meniscus_R
ABCDEFG5th_Distal_phalanx_hand_L,Inactive,Skeleton_system/Arm_L/ABCDEFG5th_Distal_phalanx_hand_L
Masseter_superficial_L,Inactive,Muscle_system/Head_and_Neck/Masseter_superficial_L
Proper_palmar_digital_L,Inactive,Artery_system/Arm_L/Proper_palmar_digital_L
Inferior_rectal_female_R_V,Inactive,Vein_system/Pelvis_and_Hip/Female/Inferior_rectal_female_R_V
Iliocostalis_lumborum_female_L,Inactive,Muscle_system/Back/Female/Iliocostalis_lumborum_female_L
Sigmoid_colon,Active,Digestive_system/Pelvis_and_Hip/Sigmoid_colon
Lateral_femoral_cutaneous_male_R,Inactive,Nervous_system/Pelvis_and_Hip/MaleUVWXYZ/Lateral_femoral_cutaneous_male_R
ABCDEFG4th_Middle_phalanx_hand_L,Inactive,Skeleton_system/Arm_L/ABCDEFG4th_Middle_phalanx_hand_L
Ulnar_collateral_ligament_pisiform_portion_456internal_lateral_ligament_ulnar_carpal_collateral_ligament789_L,Inactive,Ligament_system/Arm_L/Ulnar_collateral_ligament_pisiform_portion_456internal_lateral_ligament_ulnar_carpal_collateral_ligament789_L
T12_Dorsal_ramus_L,Inactive,Nervous_system/Back/Common/T12_Dorsal_ramus_L
Proper_plantar_digital_L,Inactive,Nervous_system/Lower_Limb_L/Common/Proper_plantar_digital_L
T08_Ventral_root_R,Inactive,Nervous_system/Back/Common/T08_Ventral_root_R
Posterior_temporal_branch_R,Inactive,Artery_system/Head_and_Neck/Posterior_temporal_branch_R
Primary_capillary_plexus_L,Inactive,Vein_system/Head_and_Neck/Primary_capillary_plexus_L
Anterior_deep_cervical_456paratracheal789_lymph_nodes_R,Inactive,Lymphatic_system/Thorax/Common/Anterior_deep_cervical_456paratracheal789_lymph_nodes_R
C07_Dorsal_root_ganglion_L,Inactive,Nervous_system/Head_and_Neck/Common/C07_Dorsal_root_ganglion_L
Male,Inactive,Vein_system/Abdomen/Male
C08_Ventral_root_L,Inactive,Nervous_system/Head_and_Neck/Common/C08_Ventral_root_L
T04_Spinal_nerve_456ventral_ramus789_L,Inactive,Nervous_system/Thorax/Common/T04_Spinal_nerve_456ventral_ramus789_L
Great_auricular_L,Inactive,Nervous_system/Head_and_Neck/Common/Great_auricular_L
Profunda_femoris_456deep_femoral_deep_artery_of_the_thigh789_male_R,Inactive,Artery_system/Lower_Limb_R/Male/Profunda_femoris_456deep_femoral_deep_artery_of_the_thigh789_male_R
Cardiac_plexus,Inactive,Nervous_system/Thorax/Common/Cardiac_plexus
Capitate_R,Inactive,Skeleton_system/Arm_R/Capitate_R
Anterior_atlanto246axial_ligament,Inactive,Ligament_system/Head_and_Neck/Common/Anterior_atlanto246axial_ligament
Posterior_sacroiliac_ligament_lower_female_L,Inactive,Ligament_system/Pelvis_and_Hip/Female/Posterior_sacroiliac_ligament_lower_female_L
Sacrotuberous_ligament_female_L,Inactive,Ligament_system/Pelvis_and_Hip/Female/Sacrotuberous_ligament_female_L
Deltoid_posterior_head_L,Inactive,Muscle_system/Arm_L/Deltoid_posterior_head_L
L03246L04_Intervertebral_disc,Inactive,Skeleton_system/Back/Common/L03246L04_Intervertebral_disc
Third_456least789_occipital_L,Inactive,Nervous_system/Head_and_Neck/Common/Third_456least789_occipital_L
Foramen_ovale_R,Inactive,Skeleton_system/Head_and_Neck/Foramen_ovale_R
Pisiform_L,Inactive,Skeleton_system/Arm_L/Pisiform_L
Male_skin_penis_R,Inactive,Skin_system/Pelvis_and_Hip/Male/Male_skin_penis_R
Popliteal_lymph_nodes_L,Inactive,Lymphatic_system/Lower_Limb_L/Common/Popliteal_lymph_nodes_L
Inferior_phrenic_R_V,Inactive,Vein_system/Abdomen/Common/Inferior_phrenic_R_V
Quadratus_lumborum_female_L,Active,Muscle_system/Abdomen/Female/Quadratus_lumborum_female_L
Interphalangeal_456distal789_articular_capsules_of_the_hand_456DIP_joints789_L,Inactive,Ligament_system/Arm_L/Interphalangeal_456distal789_articular_capsules_of_the_hand_456DIP_joints789_L
Interspinales_lumborum_male_L,Inactive,Muscle_system/Back/Male/Interspinales_lumborum_male_L
Internal_iliac_plexus_male_L,Inactive,Nervous_system/Pelvis_and_Hip/MaleUVWXYZ/Internal_iliac_plexus_male_L
C02246C03_Intervertebral_disc,Inactive,Skeleton_system/Head_and_Neck/C02246C03_Intervertebral_disc
CN_12_456XII789_Hypoglossal_L,Inactive,Nervous_system/Head_and_Neck/Common/CN_12_456XII789_Hypoglossal_L
Mandible_mandibular_foramen_R,Inactive,Skeleton_system/Head_and_Neck/Mandible_mandibular_foramen_R
First_intercostal_R,Inactive,Artery_system/Thorax/First_intercostal_R
Extensor_retinaculum_L,Inactive,Ligament_system/Arm_L/Extensor_retinaculum_L
Deep_plantar_arch_L,Inactive,Artery_system/Lower_Limb_L/Common/Deep_plantar_arch_L
Ulna_forearm_antebrachium_R,Inactive,Skeleton_system/Arm_R/Ulna_forearm_antebrachium_R
Inferior_peroneal_retinaculum_L,Inactive,Ligament_system/Lower_Limb_L/Common/Inferior_peroneal_retinaculum_L
Basilic_R,Inactive,Vein_system/Arm_R/Basilic_R
Lumbricals_456foot789_R,Inactive,Muscle_system/Lower_Limb_R/Common/Lumbricals_456foot789_R
T10_Dorsal_root_ganglion_L,Inactive,Nervous_system/Back/Common/T10_Dorsal_root_ganglion_L
Incisor_central_24_L,Inactive,Skeleton_system/Head_and_Neck/Incisor_central_24_L
Pulmonary_arteries_456base_of789_L,Inactive,Artery_system/Thorax/heart/Pulmonary_arteries_456base_of789_L
Ulnar_superficial_branch_R,Inactive,Nervous_system/Arm_R/Ulnar_superficial_branch_R
S02_Ventral_root_male_L,Inactive,Nervous_system/Pelvis_and_Hip/MaleUVWXYZ/S02_Ventral_root_male_L
Iliopsoas_456iliopectineal789_bursa_female_L,Active,Muscle_system/Pelvis_and_Hip/Female/Iliopsoas_456iliopectineal789_bursa_female_L
Lacrimal_R,Inactive,Skeleton_system/Head_and_Neck/Lacrimal_R
C04_Ventral_root_R,Inactive,Nervous_system/Head_and_Neck/Common/C04_Ventral_root_R
Head_and_Neck,Inactive,Skeleton_system/Head_and_Neck
Fibular_group_of_lymph_vessels_L,Inactive,Lymphatic_system/Lower_Limb_L/Common/Fibular_group_of_lymph_vessels_L
Sphenoparietal_sinus_L,Inactive,Vein_system/Head_and_Neck/Sphenoparietal_sinus_L
Brachioradialis_L,Inactive,Muscle_system/Arm_L/Brachioradialis_L
Repetition_with_Back,Inactive,Skeleton_system/Thorax/Repetition_with_Back
ABCDEFG4th_lumbar_splanchnic_female_L,Inactive,Nervous_system/Pelvis_and_Hip/FemaUVWXYZle/ABCDEFG4th_lumbar_splanchnic_female_L
Commissura_anterior_L,Inactive,Nervous_system/Head_and_Neck/Common/brain/Commissura_anterior_L
Iliohypogastric_female_R,Inactive,Nervous_system/Pelvis_and_Hip/FemaUVWXYZle/Iliohypogastric_female_R
S04_Spinal_nerve_male_R,Inactive,Nervous_system/Pelvis_and_Hip/MaleUVWXYZ/S04_Spinal_nerve_male_R
Auricularis_anterior_R,Inactive,Muscle_system/Head_and_Neck/Auricularis_anterior_R
Interspinales_lumborum_male_R,Inactive,Muscle_system/Back/Male/Interspinales_lumborum_male_R
Marginal_A,Inactive,Artery_system/Abdomen/Common/Marginal_A
Medial_inferior_genicular_L_V,Inactive,Vein_system/Lower_Limb_L/Common/Medial_inferior_genicular_L_V
Thoracodorsal_L_V,Inactive,Vein_system/Back/Thoracodorsal_L_V
Internal_iliac_female_R_V,Inactive,Vein_system/Pelvis_and_Hip/Female/Internal_iliac_female_R_V
Suboccipital_R,Inactive,Nervous_system/Head_and_Neck/Common/Suboccipital_R
Lateral_plantar_L_A,Inactive,Artery_system/Lower_Limb_L/Common/Lateral_plantar_L_A
Cardinal_ligament_female_L,Inactive,Ligament_system/Pelvis_and_Hip/Female/Cardinal_ligament_female_L
Dorsal_digital_Foot_R_A,Inactive,Artery_system/Lower_Limb_R/Common/Dorsal_digital_Foot_R_A
Middle_thyroid_L,Inactive,Vein_system/Head_and_Neck/Middle_thyroid_L
C03_Dorsal_root_ganglion_R,Inactive,Nervous_system/Head_and_Neck/Common/C03_Dorsal_root_ganglion_R
Masseteric_R,Inactive,Artery_system/Head_and_Neck/Masseteric_R
Pancreaticoduodenal_anterior_inferior_A,Inactive,Artery_system/Abdomen/Common/Pancreaticoduodenal_anterior_inferior_A
Internal_intercostal_L,Active,Muscle_system/Thorax/Internal_intercostal_L
Internal_iliac_anterior_trunk_male_R_V,Inactive,Vein_system/Pelvis_and_Hip/Male/Internal_iliac_anterior_trunk_male_R_V
Zygomaticus_major_L,Inactive,Muscle_system/Head_and_Neck/Zygomaticus_major_L
Ulnar_superficial_branch_R_A,Inactive,Artery_system/Arm_R/Ulnar_superficial_branch_R_A
Anterior_jugular_lymph_vessel_L,Inactive,Lymphatic_system/Head_and_Neck/Anterior_jugular_lymph_vessel_L
Abdomen,Active,Artery_system/Abdomen
Interosseous_recurrent_L,Inactive,Artery_system/Arm_L/Interosseous_recurrent_L
T07_Cutaneous_branches_lateral_L,Inactive,Nervous_system/Thorax/Repetition_with_Abdomen/Common/T07_Cutaneous_branches_lateral_L
L04_Ventral_root_female_R,Inactive,Nervous_system/Pelvis_and_Hip/FemaUVWXYZle/L04_Ventral_root_female_R
Infraspinatus_R,Inactive,Muscle_system/Arm_R/Infraspinatus_R
Prerectal_fibers_456part_of_levator_ani789_male_L,Inactive,Muscle_system/Pelvis_and_Hip/Male/Prerectal_fibers_456part_of_levator_ani789_male_L
Quadratus_femoris_female_R,Active,Muscle_system/Pelvis_and_Hip/Female/Quadratus_femoris_female_R
Medial_talocalcaneal_ligament_L,Inactive,Ligament_system/Lower_Limb_L/Common/Medial_talocalcaneal_ligament_L
Male,Inactive,Artery_system/Lower_Limb_R/Male
Cricothyroid_456straight_part789_R,Inactive,Muscle_system/Head_and_Neck/Cricothyroid_456straight_part789_R
Superior_peroneal_retinaculum_L,Inactive,Ligament_system/Lower_Limb_L/Common/Superior_peroneal_retinaculum_L
CN_01_456I789_Olfactory_olfactory_fibers_R,Inactive,Nervous_system/Head_and_Neck/Common/CN_01_456I789_Olfactory_olfactory_fibers_R
Female,Active,Skin_system/Head_and_Neck/Female
Annular_ligament_of_radius_L,Inactive,Ligament_system/Arm_L/Annular_ligament_of_radius_L
group10,Inactive,Artery_system/Thorax/heart/group10
Anterior_communicating_L,Inactive,Artery_system/Head_and_Neck/Anterior_communicating_L
Axillary_L_A,Inactive,Artery_system/Arm_L/Axillary_L_A
Internal_iliac_posterior_trunk_female_L_A,Active,Artery_system/Pelvis_and_Hip/Female/Internal_iliac_posterior_trunk_female_L_A
Dorsal_venous_arch_foot_R,Inactive,Vein_system/Lower_Limb_R/Common/Dorsal_venous_arch_foot_R
Right_parietal_lobe,Inactive,Nervous_system/Head_and_Neck/Common/brain/Cerebral_cortex/Right_cerebral_cortex/Right_parietal_lobe
Axillary_456C05357C06789_R,Inactive,Nervous_system/Arm_R/Axillary_456C05357C06789_R
Anterior_longitudinal_ligament_sacral_region_femaleABCDEFG,Inactive,Ligament_system/Pelvis_and_Hip/Female/Anterior_longitudinal_ligament_sacral_region_femaleABCDEFG
Anterior_cerebral_segment_L,Inactive,Artery_system/Head_and_Neck/Anterior_cerebral_segment_L
Submental_lymph_vessels_R,Inactive,Lymphatic_system/Head_and_Neck/Submental_lymph_vessels_R
Splenius_cervicis_R,Inactive,Muscle_system/Back/Common/Splenius_cervicis_R
Zygomaticotemporal_L,Inactive,Nervous_system/Head_and_Neck/Common/Zygomaticotemporal_L
Extensor_indicis_L,Inactive,Muscle_system/Arm_L/Extensor_indicis_L
Fibulopopliteal_bursa_R,Inactive,Muscle_system/Lower_Limb_R/Common/Fibulopopliteal_bursa_R
Cartilage_of_auditory_tube_L,Inactive,Skeleton_system/Head_and_Neck/Cartilage_of_auditory_tube_L
Deep_cervical_L,Inactive,Artery_system/Head_and_Neck/Deep_cervical_L
ABCDEFG3rd_Distal_phalanx_foot_L,Inactive,Skeleton_system/Lower_Limb_L/Common/ABCDEFG3rd_Distal_phalanx_foot_L
Extensor_retinaculum_R,Inactive,Ligament_system/Arm_R/Extensor_retinaculum_R
Anterior_scrotal_456branch_of_ilioinguinal789_male_R,Inactive,Nervous_system/Pelvis_and_Hip/MaleUVWXYZ/Anterior_scrotal_456branch_of_ilioinguinal789_male_R
Medial_plantar_L_A,Inactive,Artery_system/Lower_Limb_L/Common/Medial_plantar_L_A
Lateral_456upper_lateral_nasal789_cartilage_R,Inactive,Skeleton_system/Head_and_Neck/Lateral_456upper_lateral_nasal789_cartilage_R
Flexor_carpi_radialis_L,Inactive,Muscle_system/Arm_L/Flexor_carpi_radialis_L
Lower_Limb_R,Inactive,Muscle_system/Lower_Limb_R
Gluteus_medius_bursa_L,Active,Muscle_system/Pelvis_and_Hip/Female/Gluteus_medius_bursa_L
Subcutaneous_acromial_bursa_L,Inactive,Muscle_system/Arm_L/Subcutaneous_acromial_bursa_L
L02_Dorsal_ramus_lateral_branch_female_R,Inactive,Nervous_system/Pelvis_and_Hip/FemaUVWXYZle/L02_Dorsal_ramus_lateral_branch_female_R
Apical_ligament_of_the_dens,Inactive,Ligament_system/Head_and_Neck/Common/Apical_ligament_of_the_dens
Female_skin_head_L,Active,Skin_system/Head_and_Neck/Female/Female_skin_head_L
Ascending_cervical_L,Inactive,Artery_system/Head_and_Neck/Ascending_cervical_L
Radiate_carpal_ligament_capitotrapezial_R,Inactive,Ligament_system/Arm_R/Radiate_carpal_ligament_capitotrapezial_R
Femoral_female_R_V,Inactive,Vein_system/Lower_Limb_R/Female/Femoral_female_R_V
T10_Cutaneous_branches_lateral_LABCDEFG,Inactive,Nervous_system/Abdomen/Common/T10_Cutaneous_branches_lateral_LABCDEFG
Distal_perforating_branches_L_A,Inactive,Artery_system/Lower_Limb_L/Common/Distal_perforating_branches_L_A
T03_Dorsal_root_ganglion_L,Inactive,Nervous_system/Back/Common/T03_Dorsal_root_ganglion_L
Deep_fibular_456peroneal789_medial_branch_L,Inactive,Nervous_system/Lower_Limb_L/Common/Deep_fibular_456peroneal789_medial_branch_L
T09_Vertebra,Inactive,Skeleton_system/Thorax/Repetition_with_Back/T09_Vertebra
Lumbar_trunk_female_LABCDEFG,Inactive,Lymphatic_system/Pelvis_and_Hip/OPQRSTFemale/Lumbar_trunk_female_LABCDEFG
Phrenic_nerve_456C03246C05789_L,Inactive,Nervous_system/Head_and_Neck/Repetition_with_Thorax/Common/Phrenic_nerve_456C03246C05789_L
Bronchial,Inactive,Artery_system/Thorax/Bronchial
Ureter_plexus_female_R,Inactive,Nervous_system/Abdomen/Repetition_with_PelvisHip/FUVWXYZemale/Ureter_plexus_female_R
FemaHIJKle,Inactive,Lymphatic_system/Abdomen/Repetition_with_Pelvis_and_Hip/FemaHIJKle
Lateral_inferior_genicular_L_V,Inactive,Vein_system/Lower_Limb_L/Common/Lateral_inferior_genicular_L_V
C08_Dorsal_root_ganglion_R,Inactive,Nervous_system/Head_and_Neck/Common/C08_Dorsal_root_ganglion_R
Accessory_cephalic_L,Inactive,Vein_system/Arm_L/Accessory_cephalic_L
Hypophyseal_portal_R,Inactive,Vein_system/Head_and_Neck/Hypophyseal_portal_R
T07_Ventral_root_R,Inactive,Nervous_system/Back/Common/T07_Ventral_root_R
Dorsal_digital_456ulnar789_L,Inactive,Nervous_system/Arm_L/Dorsal_digital_456ulnar789_L
T09_Spinal_nerve_456ventral_ramus789_LABCDEFG,Inactive,Nervous_system/Abdomen/Common/T09_Spinal_nerve_456ventral_ramus789_LABCDEFG
Coracoacromial_ligament_L,Inactive,Ligament_system/Arm_L/Coracoacromial_ligament_L
Superior_vena_cava_456base_of789,Inactive,Artery_system/Thorax/heart/Superior_vena_cava_456base_of789
Inferior_palpebral_arterial_arch_L,Inactive,Artery_system/Head_and_Neck/Inferior_palpebral_arterial_arch_L
Fibular_group_of_lymph_vessels_R,Inactive,Lymphatic_system/Lower_Limb_R/Common/Fibular_group_of_lymph_vessels_R
Pancreas_head,Inactive,Digestive_system/Abdomen/Pancreas_head
Artery_of_central_sulcus_R,Inactive,Artery_system/Head_and_Neck/Artery_of_central_sulcus_R
Peritoneum,Inactive,Digestive_system/Abdomen/Peritoneum
Extensor_pollicis_brevis_R,Inactive,Muscle_system/Arm_R/Extensor_pollicis_brevis_R
Pectoralis_minor_L,Active,Muscle_system/Thorax/Pectoralis_minor_L
Inferior_epigastric_male_R_V,Inactive,Vein_system/Abdomen/Male/Inferior_epigastric_male_R_V
Male_skin_thorax_R,Inactive,Skin_system/Thorax/Male/Male_skin_thorax_R
Obturator_female_R_V,Inactive,Vein_system/Pelvis_and_Hip/Female/Obturator_female_R_V
Cavernous_sinus_L,Inactive,Vein_system/Head_and_Neck/Cavernous_sinus_L
S05_Spinal_nerve_contribution_to_coccygeal_plexus_female_L,Inactive,Nervous_system/Pelvis_and_Hip/FemaUVWXYZle/S05_Spinal_nerve_contribution_to_coccygeal_plexus_female_L
Female,Inactive,Vein_system/Lower_Limb_R/Female
C05_Dorsal_ramus_R,Inactive,Nervous_system/Head_and_Neck/Common/C05_Dorsal_ramus_R
Lymph_vessels_of_the_bladder_male_L,Inactive,Lymphatic_system/Pelvis_and_Hip/OPQRSTMale/Lymph_vessels_of_the_bladder_male_L
Lateral_plantar_R_A,Inactive,Artery_system/Lower_Limb_R/Common/Lateral_plantar_R_A
Male_skin_pelvis_L,Inactive,Skin_system/Pelvis_and_Hip/Male/Male_skin_pelvis_L
Psoas_major_female_R,Inactive,Muscle_system/Abdomen/Repetition_with_Pelvis_and_Hip/FemZYXQPOale/Psoas_major_female_R
Rectus_capitis_posterior_major_R,Inactive,Muscle_system/Head_and_Neck/Rectus_capitis_posterior_major_R
S01_Ventral_root_female_R,Inactive,Nervous_system/Pelvis_and_Hip/FemaUVWXYZle/S01_Ventral_root_female_R
CN_10_456X789_Vagus_R,Inactive,Nervous_system/Head_and_Neck/Repetition_with_Thorax/Common/CN_10_456X789_Vagus_R
T09_Dorsal_ramus_R,Inactive,Nervous_system/Back/Common/T09_Dorsal_ramus_R
Angular_L_V,Inactive,Vein_system/Head_and_Neck/Angular_L_V
Dorsal_radiocarpal_ligament_L,Inactive,Ligament_system/Arm_L/Dorsal_radiocarpal_ligament_L
Calcaneal_branches_R_V,Inactive,Vein_system/Lower_Limb_R/Common/Calcaneal_branches_R_V
C03_Dorsal_ramus_medial_branch_L,Inactive,Nervous_system/Head_and_Neck/Common/C03_Dorsal_ramus_medial_branch_L
Iliolumbar_ligament_male_R,Inactive,Ligament_system/Pelvis_and_Hip/Male/Iliolumbar_ligament_male_R
T07_Dorsal_ramus_medial_branch_L,Inactive,Nervous_system/Back/Common/T07_Dorsal_ramus_medial_branch_L
T10246T11_Intervertebral_discABCDEFG,Inactive,Skeleton_system/Back/Common/T10246T11_Intervertebral_discABCDEFG
ABCDEFG1st_Proximal_phalanx_pollex_L,Inactive,Skeleton_system/Arm_L/ABCDEFG1st_Proximal_phalanx_pollex_L
Medial_meniscus_L,Inactive,Ligament_system/Lower_Limb_L/Common/Medial_meniscus_L
Obturator_male_L_A,Inactive,Artery_system/Pelvis_and_Hip/Male/Obturator_male_L_A
Superior_cerebellar_L,Inactive,Artery_system/Head_and_Neck/Superior_cerebellar_L
T09246T10_Intervertebral_disc,Inactive,Skeleton_system/Thorax/Repetition_with_Back/T09246T10_Intervertebral_disc
Radial_R_V,Inactive,Vein_system/Arm_R/Radial_R_V
Digestive_system,Active,Digestive_system
Opponens_pollicis_R,Inactive,Muscle_system/Arm_R/Opponens_pollicis_R
Medial_inferior_genicular_R_A,Inactive,Artery_system/Lower_Limb_R/Common/Medial_inferior_genicular_R_A
Round_ligament_of_uterus_female_L,Inactive,Ligament_system/Pelvis_and_Hip/Female/Round_ligament_of_uterus_female_L
Lower_subscapular_456C05246C06789_L,Inactive,Nervous_system/Thorax/Common/Lower_subscapular_456C05246C06789_L
Posterior_deep_temporal_L,Inactive,Artery_system/Head_and_Neck/Posterior_deep_temporal_L
Lateral_pericardial_lymph_nodes,Inactive,Lymphatic_system/Thorax/Common/Lateral_pericardial_lymph_nodes
Dorsal_penile_nerve_branch_of_pudendal_male_R,Inactive,Nervous_system/Pelvis_and_Hip/MaleUVWXYZ/Dorsal_penile_nerve_branch_of_pudendal_male_R
Brachial_L_A,Inactive,Artery_system/Arm_L/Brachial_L_A
Detrusor_muscle_R_half_female,Active,Reproductive_system/Pelvis_and_Hip/Female/Detrusor_muscle_R_half_female
Intercapitular_L,Inactive,Vein_system/Arm_L/Intercapitular_L
Sphenopalatine_L,Inactive,Artery_system/Head_and_Neck/Sphenopalatine_L
Dorsal_metacarpal_R_A,Inactive,Artery_system/Arm_R/Dorsal_metacarpal_R_A
Supratrochlear_R_V,Inactive,Vein_system/Head_and_Neck/Supratrochlear_R_V
Superficial_456subcutaneous789_prepatellar_bursa_L,Inactive,Muscle_system/Lower_Limb_L/Common/Superficial_456subcutaneous789_prepatellar_bursa_L
Greater_occipital_R,Inactive,Nervous_system/Head_and_Neck/Common/Greater_occipital_R
Suprapatellar_bursa_L,Inactive,Muscle_system/Lower_Limb_L/Common/Suprapatellar_bursa_L
Anterior_longitudinal_ligament_cervical_region_male_Head_and_NeckABCDEFG,Inactive,Ligament_system/Back/Male/Anterior_longitudinal_ligament_cervical_region_male_Head_and_NeckABCDEFG
L02_Dorsal_ramus_L,Active,Nervous_system/Pelvis_and_Hip/Common/L02_Dorsal_ramus_L
T03_Dorsal_ramus_lateral_branch_R,Inactive,Nervous_system/Back/Common/T03_Dorsal_ramus_lateral_branch_R
Quadratus_lumborum_male_L,Inactive,Muscle_system/Abdomen/Male/Quadratus_lumborum_male_L
Sacral_lymph_vessels_female_L,Inactive,Lymphatic_system/Pelvis_and_Hip/OPQRSTFemale/Sacral_lymph_vessels_female_L
T11_Cutaneous_branches_lateral_R,Inactive,Nervous_system/Thorax/Repetition_with_Abdomen/Common/T11_Cutaneous_branches_lateral_R
Abductor_digiti_minimi_456foot789_L,Inactive,Muscle_system/Lower_Limb_L/Common/Abductor_digiti_minimi_456foot789_L
Maxillary_sinus_R,Inactive,Skeleton_system/Head_and_Neck/Maxillary_sinus_R
Tricuspid_valve_septal_leaflet,Inactive,Artery_system/Thorax/heart/group8/Tricuspid_valve_septal_leaflet
T08_Dorsal_ramus_medial_branch_R,Inactive,Nervous_system/Back/Common/T08_Dorsal_ramus_medial_branch_R
T12_456subcostal789_Spinal_nerve_456ventral_ramus789_male_RABCDEFG,Inactive,Nervous_system/Abdomen/UVWXYZMale/T12_456subcostal789_Spinal_nerve_456ventral_ramus789_male_RABCDEFG
HIJKMale,Inactive,Nervous_system/Pelvis_and_Hip/Repetition_with_LLR/HIJKMale
Lingual_R_V,Inactive,Vein_system/Head_and_Neck/Lingual_R_V
Inferior_palpebral_venous_arch_R,Inactive,Vein_system/Head_and_Neck/Inferior_palpebral_venous_arch_R
L04_Dorsal_root_ganglion_male_R,Inactive,Nervous_system/Pelvis_and_Hip/MaleUVWXYZ/L04_Dorsal_root_ganglion_male_R
Medial_umbilical_ligament_456cord_of_umbilical_artery789_L,Inactive,Artery_system/Abdomen/Common/Medial_umbilical_ligament_456cord_of_umbilical_artery789_L
Ureter_plexus_male_L,Inactive,Nervous_system/Abdomen/Repetition_with_PelvisHip/MUVWXYZale/Ureter_plexus_male_L
Palmar_interosseous_3rd_R,Inactive,Muscle_system/Arm_R/Palmar_interosseous_3rd_R
Middle_internodal_bundle,Inactive,Artery_system/Thorax/heart/group4/Middle_internodal_bundle
Common_iliac_lymph_nodes_female_R,Inactive,Lymphatic_system/Pelvis_and_Hip/OPQRSTFemale/Common_iliac_lymph_nodes_female_R
T02_VertebraABCDEFG,Inactive,Skeleton_system/Back/Common/T02_VertebraABCDEFG
Inferior_lateral_palpebral_L_V,Inactive,Vein_system/Head_and_Neck/Inferior_lateral_palpebral_L_V
Occipital,Inactive,Skeleton_system/Head_and_Neck/Occipital
Retrocaval_456posterior_caval789_lymph_nodes_female,Inactive,Lymphatic_system/Abdomen/FemHIJKale/Retrocaval_456posterior_caval789_lymph_nodes_female
Femoral_male_R,Inactive,Nervous_system/Pelvis_and_Hip/Repetition_with_LLR/HIJKMale/Femoral_male_R
Supraspinatus_R,Inactive,Muscle_system/Arm_R/Supraspinatus_R
C05_Spinal_nerve_456ventral_ramus789_R,Inactive,Nervous_system/Head_and_Neck/Common/C05_Spinal_nerve_456ventral_ramus789_R
Palatine_tonsil_L,Inactive,Lymphatic_system/Head_and_Neck/Palatine_tonsil_L
C04_Dorsal_ramus_lateral_branch_L,Inactive,Nervous_system/Head_and_Neck/Common/C04_Dorsal_ramus_lateral_branch_L
Ethmoid_sinuses_anterior_group456membranes789,Inactive,Respiratory_system/HABCDEFGead_and_Neck/Ethmoid_sinuses_anterior_group456membranes789
ABCDEFG4th_Middle_phalanx_foot_L,Inactive,Skeleton_system/Lower_Limb_L/Common/ABCDEFG4th_Middle_phalanx_foot_L
Hepatic_plexus,Inactive,Nervous_system/Abdomen/Common/Hepatic_plexus
Radial_collateral_ligament_R,Inactive,Ligament_system/Arm_R/Radial_collateral_ligament_R
Posterior_auricular_R_A,Inactive,Artery_system/Head_and_Neck/Posterior_auricular_R_A
CN_01_456I789_Olfactory_L,Inactive,Nervous_system/Head_and_Neck/Common/CN_01_456I789_Olfactory_L
Brachial_456lateral789_lymph_nodes_L,Inactive,Lymphatic_system/Arm_L/Brachial_456lateral789_lymph_nodes_L
Grey_rami_communicantes_cervical_region_male_LABCDEFG,Inactive,Nervous_system/Thorax/MalABCDEFGe/Grey_rami_communicantes_cervical_region_male_LABCDEFG
Celiac_456preaortic789_lymph_nodes,Inactive,Lymphatic_system/Abdomen/Common/Celiac_456preaortic789_lymph_nodes
Tertiary_456segmental789_bronchus_456V789_R,Inactive,Respiratory_system/TABCDEFGhorax/Tertiary_456segmental789_bronchus_456V789_R
Long_thoracic_456C05246C07789_L,Inactive,Nervous_system/Thorax/Common/Long_thoracic_456C05246C07789_L
MOPQRSTale,Inactive,Lymphatic_system/Lower_Limb_R/MOPQRSTale
Orbicularis_oculi_L,Inactive,Muscle_system/Head_and_Neck/Orbicularis_oculi_L
Lateral_sacral_female_R_V,Inactive,Vein_system/Pelvis_and_Hip/Female/Lateral_sacral_female_R_V
Thorax,Inactive,Artery_system/Thorax
Anterior_longitudinal_ligament_thoracic_region_male,Inactive,Ligament_system/Thorax/Repetition_with_Back/Male/Anterior_longitudinal_ligament_thoracic_region_male
Femoral_group_of_lymph_vessels_female_R,Inactive,Lymphatic_system/Lower_Limb_R/FOPQRSTemale/Femoral_group_of_lymph_vessels_female_R
Medial_clunial_456cluneal789_male_R,Inactive,Nervous_system/Pelvis_and_Hip/MaleUVWXYZ/Medial_clunial_456cluneal789_male_R
T06_VertebraABCDEFG,Inactive,Skeleton_system/Back/Common/T06_VertebraABCDEFG
Maxillary_L_A,Inactive,Artery_system/Head_and_Neck/Maxillary_L_A
Lower_Limb_R,Inactive,Lymphatic_system/Lower_Limb_R
Superficial_temporal_R_A,Inactive,Artery_system/Head_and_Neck/Superficial_temporal_R_A
Pterygoid_canal_L,Inactive,Skeleton_system/Head_and_Neck/Pterygoid_canal_L
T04_Cutaneous_branches_anterior_R,Inactive,Nervous_system/Thorax/Common/T04_Cutaneous_branches_anterior_R
Arm_L,Inactive,Nervous_system/Arm_L
Coccygeal_male_L,Inactive,Nervous_system/Pelvis_and_Hip/MaleUVWXYZ/Coccygeal_male_L
Iliolumbar_female_L_V,Inactive,Vein_system/Pelvis_and_Hip/Female/Iliolumbar_female_L_V
Superior_rectus_R,Inactive,Muscle_system/Head_and_Neck/Superior_rectus_R
Medial_pterygoid_L_A,Inactive,Artery_system/Head_and_Neck/Medial_pterygoid_L_A
CN_01_456I789_Olfactory_R,Inactive,Nervous_system/Head_and_Neck/Common/CN_01_456I789_Olfactory_R
Repetition_with_Respiratory,Inactive,Digestive_system/Head_and_Neck/Repetition_with_Respiratory
Superior_epigastric_L_V,Inactive,Vein_system/Abdomen/Common/Superior_epigastric_L_V
Breast_L,Active,Reproductive_system/Thorax/Breast_L
Medial_superior_genicular_R_V,Inactive,Vein_system/Lower_Limb_R/Common/Medial_superior_genicular_R_V
Straight_Sinus,Inactive,Vein_system/Head_and_Neck/Straight_Sinus
Left_colic_plexus,Inactive,Nervous_system/Abdomen/Common/Left_colic_plexus
Posterior_vagal_branch_to_lesser_curvature,Inactive,Nervous_system/Thorax/Repetition_with_Abdomen/Common/Posterior_vagal_branch_to_lesser_curvature
Lateral_pterygoid_456superior_head789_L,Inactive,Muscle_system/Head_and_Neck/Lateral_pterygoid_456superior_head789_L
CN_05_456V789_Ophthalmic_ciliary_branch_R,Inactive,Nervous_system/Head_and_Neck/Common/CN_05_456V789_Ophthalmic_ciliary_branch_R
Common,Inactive,Skeleton_system/Back/Common
Medial_rectus_R,Inactive,Muscle_system/Head_and_Neck/Medial_rectus_R
Circumflex_femoral_lateral_L_A,Inactive,Artery_system/Lower_Limb_L/Common/Circumflex_femoral_lateral_L_A
Ureter_female_RABCDEFG,Active,Reproductive_system/Pelvis_and_Hip/Female/Ureter_female_RABCDEFG
T08_Dorsal_root_L,Inactive,Nervous_system/Back/Common/T08_Dorsal_root_L
Circumflex_femoral_medial_R_A,Inactive,Artery_system/Lower_Limb_R/Common/Circumflex_femoral_medial_R_A
Superior_gemellus_male_R,Inactive,Muscle_system/Pelvis_and_Hip/Male/Superior_gemellus_male_R
Distal_intercarpal_ligaments_R,Inactive,Ligament_system/Arm_R/Distal_intercarpal_ligaments_R
Uterine_vaginal_branch_R,Active,Artery_system/Pelvis_and_Hip/Female/Uterine_vaginal_branch_R
T02_Cutaneous_branches_anterior_R,Inactive,Nervous_system/Thorax/Common/T02_Cutaneous_branches_anterior_R
Female_skin_perineum,Active,Skin_system/Pelvis_and_Hip/Female/Female_skin_perineum
L02_Ventral_root_L,Active,Nervous_system/Pelvis_and_Hip/Common/L02_Ventral_root_L
T12_Dorsal_ramus_lateral_branch_R,Inactive,Nervous_system/Back/Common/T12_Dorsal_ramus_lateral_branch_R
Papillary_muscle_medial,Inactive,Artery_system/Thorax/heart/group10/Papillary_muscle_medial
Sigmoid_sinus_L,Inactive,Vein_system/Head_and_Neck/Sigmoid_sinus_L
Internal_pudendal_male_L_A,Inactive,Artery_system/Pelvis_and_Hip/Male/Internal_pudendal_male_L_A
Intertransverse_ligaments_thoracic_region_LABCDEFG,Inactive,Ligament_system/Back/Common/Intertransverse_ligaments_thoracic_region_LABCDEFG
Aortic_valve_posterior_semilunar_cusp,Inactive,Artery_system/Thorax/heart/group7/Aortic_valve_posterior_semilunar_cusp
Common,Active,Nervous_system/Pelvis_and_Hip/Common
Common,Inactive,Skeleton_system/Lower_Limb_L/Common
Rectus_femoris_male_L,Inactive,Muscle_system/Lower_Limb_L/Male/Rectus_femoris_male_L
T03_Dorsal_root_R,Inactive,Nervous_system/Back/Common/T03_Dorsal_root_R
Endocrine_system,Inactive,Endocrine_system
Tensor_fascia_lata_456fasciae_latae789_female_L,Inactive,Muscle_system/Lower_Limb_L/Female/Tensor_fascia_lata_456fasciae_latae789_female_L
CN_07_456VII789_Posterior_auricular_L,Inactive,Nervous_system/Head_and_Neck/Common/CN_07_456VII789_Posterior_auricular_L
Obturator_female_L_V,Inactive,Vein_system/Pelvis_and_Hip/Female/Obturator_female_L_V
Incisor_lateral_10_L,Inactive,Skeleton_system/Head_and_Neck/Incisor_lateral_10_L
Gracilis_female_R,Inactive,Muscle_system/Lower_Limb_R/Female/Gracilis_female_R
Common,Inactive,Muscle_system/Lower_Limb_L/Common
Abductor_pollicis_longus_R,Inactive,Muscle_system/Arm_R/Abductor_pollicis_longus_R
Accessory_lymph_vessel_R,Inactive,Lymphatic_system/Head_and_Neck/Accessory_lymph_vessel_R
Sympathetic_trunk_male_L,Inactive,Nervous_system/Pelvis_and_Hip/MaleUVWXYZ/Sympathetic_trunk_male_L
Nuclei_lateralis_thalami_R,Inactive,Nervous_system/Head_and_Neck/Common/brain/Nuclei_lateralis_thalami_R
Neurohypophysis_456posterior_pituitary789_L,Inactive,Nervous_system/Head_and_Neck/Common/brain/Neurohypophysis_456posterior_pituitary789_L
Epiglottis,Inactive,Skeleton_system/Head_and_Neck/Epiglottis
Subsartorial_456Pes_anserine789_bursa_R,Inactive,Muscle_system/Lower_Limb_R/Common/Subsartorial_456Pes_anserine789_bursa_R
Left_cerebral_cortex,Inactive,Nervous_system/Head_and_Neck/Common/brain/Cerebral_cortex/Left_cerebral_cortex
Medial_superior_genicular_L_V,Inactive,Vein_system/Lower_Limb_L/Common/Medial_superior_genicular_L_V
Dorsal_metatarsal_ligaments_L,Inactive,Ligament_system/Lower_Limb_L/Common/Dorsal_metatarsal_ligaments_L
T04_Cutaneous_branches_lateral_L,Inactive,Nervous_system/Thorax/Common/T04_Cutaneous_branches_lateral_L
Internal_pudendal_male_R_V,Inactive,Vein_system/Pelvis_and_Hip/Male/Internal_pudendal_male_R_V
Inferior_lateral_palpebral_L_A,Inactive,Artery_system/Head_and_Neck/Inferior_lateral_palpebral_L_A
Left_coronary_artery,Inactive,Artery_system/Thorax/heart/Left_coronary_artery
Posterior_sacroiliac_ligament_upper_female_L,Inactive,Ligament_system/Pelvis_and_Hip/Female/Posterior_sacroiliac_ligament_upper_female_L
Cricotracheal_ligament,Inactive,Ligament_system/Head_and_Neck/Common/Cricotracheal_ligament
Flexor_retinaculum_L,Inactive,Ligament_system/Lower_Limb_L/Common/Flexor_retinaculum_L
L04246L05_Intervertebral_disc_female,Inactive,Skeleton_system/Back/FemORZale/L04246L05_Intervertebral_disc_female
ABCDEFG5th_Proximal_phalanx_foot_L,Inactive,Skeleton_system/Lower_Limb_L/Common/ABCDEFG5th_Proximal_phalanx_foot_L
S03_Dorsal_root_ganglion_male_R,Inactive,Nervous_system/Pelvis_and_Hip/MaleUVWXYZ/S03_Dorsal_root_ganglion_male_R
C02_Spinal_nerve_456ventral_ramus789_L,Inactive,Nervous_system/Head_and_Neck/Common/C02_Spinal_nerve_456ventral_ramus789_L
Fibularis_peroneus_tertius_L,Inactive,Muscle_system/Lower_Limb_L/Common/Fibularis_peroneus_tertius_L
Thoracodorsal_R_A,Inactive,Artery_system/Back/Thoracodorsal_R_A
ABCDEFG3rd_Metatarsal_L,Inactive,Skeleton_system/Lower_Limb_L/Common/ABCDEFG3rd_Metatarsal_L
Uterine_L_A,Active,Artery_system/Pelvis_and_Hip/Female/Uterine_L_A
Gluteus_maximus_male_L,Inactive,Muscle_system/Pelvis_and_Hip/Male/Gluteus_maximus_male_L
S05_Dorsal_root_male_R,Inactive,Nervous_system/Pelvis_and_Hip/MaleUVWXYZ/S05_Dorsal_root_male_R
T12_456subcostal789_Cutaneous_branches_anterior_female_R,Inactive,Nervous_system/Abdomen/Repetition_with_PelvisHip/FUVWXYZemale/T12_456subcostal789_Cutaneous_branches_anterior_female_R
Ureter_male_R,Inactive,Urinary_system/Abdomen/Repetition_with_Pelvis_and_Hip_Reproductive/Male/Ureter_male_R
Fourth_rib_L,Inactive,Skeleton_system/Thorax/Fourth_rib_L
Anterior_interosseous_L_N,Inactive,Nervous_system/Arm_L/Anterior_interosseous_L_N
FSKRemale,Inactive,Skeleton_system/Lower_Limb_L/FSKRemale
Serratus_anterior_R,Active,Muscle_system/Thorax/Serratus_anterior_R
Common,Inactive,Lymphatic_system/Lower_Limb_R/Common
Ulnocarpal_joint_456articular_disc789_R,Inactive,Ligament_system/Arm_R/Ulnocarpal_joint_456articular_disc789_R
Atlanto246axial_capsule_L,Inactive,Ligament_system/Head_and_Neck/Common/Atlanto246axial_capsule_L
Musculophrenic_L_A,Inactive,Artery_system/Thorax/Musculophrenic_L_A
Subclavian_trunk_L,Inactive,Lymphatic_system/Arm_L/Subclavian_trunk_L
Ulnar_dorsal_branch_R,Inactive,Nervous_system/Arm_R/Ulnar_dorsal_branch_R
Fibular_456peroneal789_L_V,Inactive,Vein_system/Lower_Limb_L/Common/Fibular_456peroneal789_L_V
Greater_splanchnic_nerves_RABCDEFG,Inactive,Nervous_system/Abdomen/Common/Greater_splanchnic_nerves_RABCDEFG
Medial_pectoral_456C08357T01789_R,Inactive,Nervous_system/Thorax/Common/Medial_pectoral_456C08357T01789_R
Ischiofemoral_ligament_male_L,Inactive,Ligament_system/Lower_Limb_L/Male/Ischiofemoral_ligament_male_L
Clavicle_L,Inactive,Skeleton_system/Arm_L/Clavicle_L
C03_Spinal_nerve_456ventral_ramus789_R,Inactive,Nervous_system/Head_and_Neck/Common/C03_Spinal_nerve_456ventral_ramus789_R
Semispinalis_capitis_456medial_fascicle789_L,Inactive,Muscle_system/Back/Common/Semispinalis_capitis_456medial_fascicle789_L
T08_Dorsal_ramus_L,Inactive,Nervous_system/Back/Common/T08_Dorsal_ramus_L
Inferior_rectal_male_R,Inactive,Nervous_system/Pelvis_and_Hip/MaleUVWXYZ/Inferior_rectal_male_R
Jugular_nerve_L,Inactive,Nervous_system/Head_and_Neck/Common/Jugular_nerve_L
Cingulate_gyrus_L,Inactive,Nervous_system/Head_and_Neck/Common/brain/Cerebral_cortex/Left_cerebral_cortex/Left_limbic_lobe/Cingulate_gyrus_L
Internal_iliac_456epigastric789_lymph_nodes_male_L,Inactive,Lymphatic_system/Pelvis_and_Hip/OPQRSTMale/Internal_iliac_456epigastric789_lymph_nodes_male_L
Transverse_colon,Inactive,Digestive_system/Abdomen/Transverse_colon
Pars_distalis_L,Inactive,Nervous_system/Head_and_Neck/Common/brain/Pars_distalis_L
Suprarenal_R,Inactive,Vein_system/Abdomen/Common/Suprarenal_R
Intermediate_lumbar_lymph_nodes_male,Inactive,Lymphatic_system/Abdomen/MalHIJKe/Intermediate_lumbar_lymph_nodes_male
Pons_R,Inactive,Nervous_system/Head_and_Neck/Common/brain/Pons_R
Joint_capsule_456mandible789_R,Inactive,Ligament_system/Head_and_Neck/Common/Joint_capsule_456mandible789_R
Middle_colic_A,Inactive,Artery_system/Abdomen/Common/Middle_colic_A
Scalene_posterior_456scalenus_posterior789_L,Inactive,Muscle_system/Head_and_Neck/Scalene_posterior_456scalenus_posterior789_L
Deep_plantar_venous_arch_R,Inactive,Vein_system/Lower_Limb_R/Common/Deep_plantar_venous_arch_R
Pancreaticoduodenal_posterior_superior_A,Inactive,Artery_system/Abdomen/Common/Pancreaticoduodenal_posterior_superior_A
eyes1,Inactive,Nervous_system/Head_and_Neck/Common/eyes1
Common,Active,Muscle_system/Pelvis_and_Hip/Common
Flexor_pollicis_brevis_L,Inactive,Muscle_system/Arm_L/Flexor_pollicis_brevis_L
T11_Dorsal_ramus_L,Inactive,Nervous_system/Back/Common/T11_Dorsal_ramus_L
Posterior_tibial_L_A,Inactive,Artery_system/Lower_Limb_L/Common/Posterior_tibial_L_A
Facial_trunk_456common_facial789_L,Inactive,Vein_system/Head_and_Neck/Facial_trunk_456common_facial789_L
Axillary_L_V,Inactive,Vein_system/Arm_L/Axillary_L_V
Brachiocephalic_lymph_nodes_R,Inactive,Lymphatic_system/Thorax/Common/Brachiocephalic_lymph_nodes_R
Posterior_cricoarytenoid_R,Inactive,Muscle_system/Head_and_Neck/Posterior_cricoarytenoid_R
T10_Cutaneous_branches_anterior_male_R,Inactive,Nervous_system/Abdomen/UVWXYZMale/T10_Cutaneous_branches_anterior_male_R
Filum_terminale_male,Inactive,Nervous_system/Back/Repetition_with_PelvisHip/MalUVWXYZe/Filum_terminale_male
Inferior_palpebral_venous_arch_L,Inactive,Vein_system/Head_and_Neck/Inferior_palpebral_venous_arch_L
Rhomboideus_major_L,Inactive,Muscle_system/Back/Common/Rhomboideus_major_L
Annular_ligament_of_radius_R,Inactive,Ligament_system/Arm_R/Annular_ligament_of_radius_R
Gracilis_male_L,Inactive,Muscle_system/Lower_Limb_L/Male/Gracilis_male_L
Lingual_R_A,Inactive,Artery_system/Head_and_Neck/Lingual_R_A
Optic_foramen_L,Inactive,Skeleton_system/Head_and_Neck/Optic_foramen_L
Superior_clunial_456cluneal789_male_L,Inactive,Nervous_system/Pelvis_and_Hip/MaleUVWXYZ/Superior_clunial_456cluneal789_male_L
Superior_anastomotic_vein_456of_Trolar789_L,Inactive,Vein_system/Head_and_Neck/Superior_anastomotic_vein_456of_Trolar789_L
Inferior_gemellus_male_R,Inactive,Muscle_system/Pelvis_and_Hip/Male/Inferior_gemellus_male_R
Posterior_division_R,Inactive,Nervous_system/Thorax/Common/Posterior_division_R
Procerus_R,Inactive,Muscle_system/Head_and_Neck/Procerus_R
Anterior_temporal_branch_L,Inactive,Artery_system/Head_and_Neck/Anterior_temporal_branch_L
Superior_gluteal_male_L_V,Inactive,Vein_system/Pelvis_and_Hip/Male/Superior_gluteal_male_L_V
Interphalangeal_ligament_of_hallux_R,Inactive,Ligament_system/Lower_Limb_R/Common/Interphalangeal_ligament_of_hallux_R
T01_Cutaneous_branches_anterior_L,Inactive,Nervous_system/Thorax/Common/T01_Cutaneous_branches_anterior_L
Mammary_gland_lobules_R,Active,Reproductive_system/Thorax/Mammary_gland_lobules_R
T12_456subcostal789_Cutaneous_branches_lateral_female_L,Inactive,Nervous_system/Pelvis_and_Hip/FemaUVWXYZle/T12_456subcostal789_Cutaneous_branches_lateral_female_L
Submandibular_lymph_nodes_L,Inactive,Lymphatic_system/Head_and_Neck/Submandibular_lymph_nodes_L
Superficial_circumflex_iliac_female_L_V,Inactive,Vein_system/Pelvis_and_Hip/Female/Superficial_circumflex_iliac_female_L_V
Dorsal_common_digital_L,Inactive,Artery_system/Lower_Limb_L/Common/Dorsal_common_digital_L
Posterior_tibial_R_V,Inactive,Vein_system/Lower_Limb_R/Common/Posterior_tibial_R_V
Medial_umbilical_ligament_456cord_of_umbilical_artery789_R,Inactive,Artery_system/Abdomen/Common/Medial_umbilical_ligament_456cord_of_umbilical_artery789_R
Circumflex_humeral_posterior_R_V,Inactive,Vein_system/Arm_R/Circumflex_humeral_posterior_R_V
Semimembranosus_bursa_L,Inactive,Muscle_system/Lower_Limb_L/Common/Semimembranosus_bursa_L
Anterior_axillary_456pectoral789_lymph_vessels_female_R,Inactive,Lymphatic_system/Thorax/FeHIJKmale/Anterior_axillary_456pectoral789_lymph_vessels_female_R
Gluteus_medius_female_R,Active,Muscle_system/Pelvis_and_Hip/Female/Gluteus_medius_female_R
T03_Dorsal_ramus_lateral_branch_L,Inactive,Nervous_system/Back/Common/T03_Dorsal_ramus_lateral_branch_L
Posterior_scrotal_male_L,Inactive,Nervous_system/Pelvis_and_Hip/MaleUVWXYZ/Posterior_scrotal_male_L
Fallopian_tube_R,Active,Reproductive_system/Pelvis_and_Hip/Female/Fallopian_tube_R
Anterior_sacroiliac_ligament_male_L,Inactive,Ligament_system/Pelvis_and_Hip/Male/Anterior_sacroiliac_ligament_male_L
Rectus_capitis_anterior_R,Inactive,Muscle_system/Head_and_Neck/Rectus_capitis_anterior_R
Radiate_carpal_ligament_lunotriquetral_R,Inactive,Ligament_system/Arm_R/Radiate_carpal_ligament_lunotriquetral_R
Canine_cuspid_06_R,Inactive,Skeleton_system/Head_and_Neck/Canine_cuspid_06_R
T12_Dorsal_ramus_R,Inactive,Nervous_system/Back/Common/T12_Dorsal_ramus_R
Superior_rectal_plexus,Inactive,Nervous_system/Abdomen/Common/Superior_rectal_plexus
Subclavian_L_A,Inactive,Artery_system/Thorax/Subclavian_L_A
Digastric_fibrous_loop_L,Inactive,Muscle_system/Head_and_Neck/Digastric_fibrous_loop_L
Pelvis_and_Hip,Active,Ligament_system/Pelvis_and_Hip
Prerectal_fibers_456part_of_levator_ani789_female_L,Active,Muscle_system/Pelvis_and_Hip/Female/Prerectal_fibers_456part_of_levator_ani789_female_L
Arm_L,Inactive,Artery_system/Arm_L
Femoral_male_R_A,Inactive,Artery_system/Lower_Limb_R/Male/Femoral_male_R_A
Tertiary_456segmental789_bronchus_456II789_R,Inactive,Respiratory_system/TABCDEFGhorax/Tertiary_456segmental789_bronchus_456II789_R
Femoral_male_R_V,Inactive,Vein_system/Lower_Limb_R/Male/Femoral_male_R_V
Intermediomedial_frontal_branch_L,Inactive,Artery_system/Head_and_Neck/Intermediomedial_frontal_branch_L
Deep_plantar_metatarsal_R,Inactive,Vein_system/Lower_Limb_R/Common/Deep_plantar_metatarsal_R
Tunica_albuginea,Inactive,Reproductive_system/Pelvis_and_Hip/Male/Tunica_albuginea
Uterine_venous_plexus_R,Inactive,Vein_system/Pelvis_and_Hip/Female/Uterine_venous_plexus_R
Trapezius_R,Inactive,Muscle_system/Back/Common/Trapezius_R
ABCDEFG3rd_Middle_phalanx_hand_RABCDEFG,Inactive,Skeleton_system/Arm_L/ABCDEFG3rd_Middle_phalanx_hand_RABCDEFG
T10_Dorsal_ramus_medial_branch_R,Inactive,Nervous_system/Back/Common/T10_Dorsal_ramus_medial_branch_R
Sacral_splanchnic_nerves_female_L,Inactive,Nervous_system/Abdomen/Repetition_with_PelvisHip/FUVWXYZemale/Sacral_splanchnic_nerves_female_L
C07_Dorsal_ramus_lateral_branch_R,Inactive,Nervous_system/Head_and_Neck/Common/C07_Dorsal_ramus_lateral_branch_R
T03_Intercostobrachial_R,Inactive,Nervous_system/Arm_R/T03_Intercostobrachial_R
T01_Dorsal_root_ganglion_L,Inactive,Nervous_system/Back/Common/T01_Dorsal_root_ganglion_L
Maxilla_body_R,Inactive,Skeleton_system/Head_and_Neck/Maxilla_body_R
Male_skin_leg_lower_R,Inactive,Skin_system/Lower_Limb_R/Male/Male_skin_leg_lower_R
Middle_fascicle,Inactive,Artery_system/Thorax/heart/group4/Middle_fascicle
Palmar_456volar789_intercarpal_ligament_456scaphotrapezium789_L,Inactive,Ligament_system/Arm_L/Palmar_456volar789_intercarpal_ligament_456scaphotrapezium789_L
CN_07_456VII789_Temporal_L,Inactive,Nervous_system/Head_and_Neck/Common/CN_07_456VII789_Temporal_L
Extensor_pollicis_longus_R,Inactive,Muscle_system/Arm_R/Extensor_pollicis_longus_R
Greater_456superficial789_petrosal_L,Inactive,Nervous_system/Head_and_Neck/Common/Greater_456superficial789_petrosal_L
ABCDEFG456II789Liver_left_posterolateral_segment,Inactive,Digestive_system/Abdomen/ABCDEFG456II789Liver_left_posterolateral_segment
Ulnocarpal_joint_456articular_disc789_L,Inactive,Ligament_system/Arm_L/Ulnocarpal_joint_456articular_disc789_L
Male_skin_leg_upper_R,Inactive,Skin_system/Lower_Limb_R/Male/Male_skin_leg_upper_R
C05_Ventral_root_R,Inactive,Nervous_system/Head_and_Neck/Common/C05_Ventral_root_R
Sympathetic_trunk_lumbar_region_female_R,Inactive,Nervous_system/Pelvis_and_Hip/FemaUVWXYZle/Sympathetic_trunk_lumbar_region_female_R
Sacrotuberous_ligament_male_R,Inactive,Ligament_system/Pelvis_and_Hip/Male/Sacrotuberous_ligament_male_R
Male_skin_perineum_R,Inactive,Skin_system/Pelvis_and_Hip/Male/Male_skin_perineum_R
Ulnar_recurrent_posterior_R,Inactive,Artery_system/Arm_R/Ulnar_recurrent_posterior_R
Salivary_456sublingual789_gland_L,Inactive,Digestive_system/Head_and_Neck/Salivary_456sublingual789_gland_L
T05_Dorsal_ramus_medial_branch_L,Inactive,Nervous_system/Back/Common/T05_Dorsal_ramus_medial_branch_L
Iliocostalis_cervicis_R,Inactive,Muscle_system/Back/Common/Iliocostalis_cervicis_R
T08_Cutaneous_branches_lateral_RABCDEFG,Inactive,Nervous_system/Abdomen/Common/T08_Cutaneous_branches_lateral_RABCDEFG
Grey_rami_communicantes_cervical_region_male_L,Inactive,Nervous_system/Head_and_Neck/Repetition_with_Thorax/MaABCDEFGle/Grey_rami_communicantes_cervical_region_male_L
Gonadal_lymph_vessels_male_LABCDEFG,Inactive,Lymphatic_system/Pelvis_and_Hip/OPQRSTMale/Gonadal_lymph_vessels_male_LABCDEFG
Phrenic_nerve_456C03246C05789_RABCDEFG,Inactive,Nervous_system/Thorax/Common/Phrenic_nerve_456C03246C05789_RABCDEFG
Renal_plexus_R,Inactive,Nervous_system/Abdomen/Common/Renal_plexus_R
Parahippocampal_gyrus_R,Inactive,Nervous_system/Head_and_Neck/Common/brain/Cerebral_cortex/Right_cerebral_cortex/Right_limbic_lobe/Parahippocampal_gyrus_R
Sphenoid_sinuses456membranes789,Inactive,Respiratory_system/HABCDEFGead_and_Neck/Sphenoid_sinuses456membranes789
FeABCDEFGmale,Inactive,Nervous_system/Head_and_Neck/Repetition_with_Thorax/FeABCDEFGmale
Thyrohyoid_R,Inactive,Muscle_system/Head_and_Neck/Thyrohyoid_R
group5,Inactive,Artery_system/Thorax/heart/group5
Superficial_epigastric_female_L_A,Inactive,Artery_system/Abdomen/Repetition_with_PelvisHip/Female/Superficial_epigastric_female_L_A
Septal_cartilage,Inactive,Skeleton_system/Head_and_Neck/Septal_cartilage
External_iliac_lymph_nodes_R,Inactive,Lymphatic_system/Pelvis_and_Hip/Common/External_iliac_lymph_nodes_R
Pubofemoral_ligament_female_R,Inactive,Ligament_system/Lower_Limb_R/Female/Pubofemoral_ligament_female_R
Molar_second_15_L,Inactive,Skeleton_system/Head_and_Neck/Molar_second_15_L
Angular_gyrus_R,Inactive,Nervous_system/Head_and_Neck/Common/brain/Cerebral_cortex/Right_cerebral_cortex/Right_parietal_lobe/Angular_gyrus_R
S02_Dorsal_root_ganglion_female_R,Inactive,Nervous_system/Pelvis_and_Hip/FemaUVWXYZle/S02_Dorsal_root_ganglion_female_R
Superficial_transverse_metacarpal_ligaments_R,Inactive,Ligament_system/Arm_R/Superficial_transverse_metacarpal_ligaments_R
C03_Ventral_root_L,Inactive,Nervous_system/Head_and_Neck/Common/C03_Ventral_root_L
Subscapular_L_V,Inactive,Vein_system/Arm_L/Subscapular_L_V
T03_VertebraABCDEFG,Inactive,Skeleton_system/Back/Common/T03_VertebraABCDEFG
Lower_subscapular_456C05246C06789_R,Inactive,Nervous_system/Arm_R/Lower_subscapular_456C05246C06789_R
Lateral_cord_456C05246C07789_R,Inactive,Nervous_system/Thorax/Common/Lateral_cord_456C05246C07789_R
Left_colic_V,Inactive,Vein_system/Abdomen/Common/Left_colic_V
Male,Inactive,Ligament_system/Lower_Limb_L/Male
Primary_cartilaginous_rings_L,Inactive,Respiratory_system/TABCDEFGhorax/Primary_cartilaginous_rings_L
Aryepiglottic_fold_R,Inactive,Muscle_system/Head_and_Neck/Aryepiglottic_fold_R
Sympathetic_ganglion_lumbar_region_female_R,Inactive,Nervous_system/Pelvis_and_Hip/FemaUVWXYZle/Sympathetic_ganglion_lumbar_region_female_R
Superior_vesical_female_L_V,Inactive,Vein_system/Pelvis_and_Hip/Female/Superior_vesical_female_L_V
Lateral_plantar_R,Inactive,Nervous_system/Lower_Limb_R/Common/Lateral_plantar_R
Pancreatic_duct_accessory_pancreatic_duct_of_santorini,Inactive,Digestive_system/Abdomen/Pancreatic_duct_accessory_pancreatic_duct_of_santorini
Gonadal_456testicular_internal_spermatic789_male_L_A,Inactive,Artery_system/Abdomen/Repetition_with_PelvisHip/Male/Gonadal_456testicular_internal_spermatic789_male_L_A
ABCDEFG456VII789Liver_right_posterolateral_segment,Inactive,Digestive_system/Abdomen/ABCDEFG456VII789Liver_right_posterolateral_segment
Intercostals_6540124611987_L,Inactive,Vein_system/Thorax/Intercostals_6540124611987_L
Ethmoid_sinuses_R,Inactive,Skeleton_system/Head_and_Neck/Ethmoid_sinuses_R
Interosseous_membrane_of_the_leg_456middle_tibiofibular_ligament789_R,Inactive,Ligament_system/Lower_Limb_R/Common/Interosseous_membrane_of_the_leg_456middle_tibiofibular_ligament789_R
C06_Vertebra,Inactive,Skeleton_system/Head_and_Neck/C06_Vertebra
Nerve_of_pterygoid_canal_R,Inactive,Nervous_system/Head_and_Neck/Common/Nerve_of_pterygoid_canal_R
Urethra_spongy_portion_456penile789_L_half,Inactive,Reproductive_system/Pelvis_and_Hip/Male/Urethra_spongy_portion_456penile789_L_half
Tertiary_456segmental789_bronchus_456V789_L,Inactive,Respiratory_system/TABCDEFGhorax/Tertiary_456segmental789_bronchus_456V789_L
Inferior_oblique_R,Inactive,Muscle_system/Head_and_Neck/Inferior_oblique_R
Female,Inactive,Ligament_system/Back/Female
Obturator_female_L,Inactive,Nervous_system/Pelvis_and_Hip/Repetition_with_LLL/FHIJKemale/Obturator_female_L
Oral_cavity,Inactive,Digestive_system/Head_and_Neck/Oral_cavity
Subclavian_L_V,Inactive,Vein_system/Thorax/Subclavian_L_V
S03_Ventral_root_female_R,Inactive,Nervous_system/Pelvis_and_Hip/FemaUVWXYZle/S03_Ventral_root_female_R
Zygomatic_zygomatic_orbital_foramen_R,Inactive,Skeleton_system/Head_and_Neck/Zygomatic_zygomatic_orbital_foramen_R
Obturator_male_R_V,Inactive,Vein_system/Pelvis_and_Hip/Male/Obturator_male_R_V
Posterior_sacroiliac_ligament_upper_male_L,Inactive,Ligament_system/Pelvis_and_Hip/Male/Posterior_sacroiliac_ligament_upper_male_L
Lower_trunk_456C08357T01789_R,Inactive,Nervous_system/Head_and_Neck/Common/Lower_trunk_456C08357T01789_R
CN_05_456V789_Buccal_L,Inactive,Nervous_system/Head_and_Neck/Common/CN_05_456V789_Buccal_L
Internal_auditory_acoustic_meatus_R,Inactive,Skeleton_system/Head_and_Neck/Internal_auditory_acoustic_meatus_R
Anterior_vagal_trunk,Inactive,Nervous_system/Thorax/Repetition_with_Abdomen/Common/Anterior_vagal_trunk
T08_Dorsal_root_R,Inactive,Nervous_system/Back/Common/T08_Dorsal_root_R
C08_Dorsal_ramus_lateral_branch_L,Inactive,Nervous_system/Head_and_Neck/Common/C08_Dorsal_ramus_lateral_branch_L
Right_aorticorenal_ganglion,Inactive,Nervous_system/Abdomen/Common/Right_aorticorenal_ganglion
Pancreaticoduodenal_lymph_nodes,Inactive,Lymphatic_system/Abdomen/Common/Pancreaticoduodenal_lymph_nodes
Cauda_equina_male,Inactive,Nervous_system/Back/Repetition_with_PelvisHip/MalUVWXYZe/Cauda_equina_male
Anterior_inferior_cerebellar_L,Inactive,Artery_system/Head_and_Neck/Anterior_inferior_cerebellar_L
Lunate_L,Inactive,Skeleton_system/Arm_L/Lunate_L
Left_lateral_aortic_lymph_nodes_male,Inactive,Lymphatic_system/Abdomen/MalHIJKe/Left_lateral_aortic_lymph_nodes_male
Anterior_longitudinal_ligament_sacral_region_female,Inactive,Ligament_system/Back/Repetition_with_PelvisHip/Female/Anterior_longitudinal_ligament_sacral_region_female
Posterior_meningeal_L,Inactive,Artery_system/Head_and_Neck/Posterior_meningeal_L
ABCDEFG5th_lumbar_splanchnic_nerve_male_L,Inactive,Nervous_system/Abdomen/UVWXYZMale/ABCDEFG5th_lumbar_splanchnic_nerve_male_L
Female,Active,Reproductive_system/Pelvis_and_Hip/Female
Ligament_system,Active,Ligament_system
Cystic_A,Inactive,Artery_system/Abdomen/Common/Cystic_A
Palmar_456volar789_carpometacarpal_ligament_R,Inactive,Ligament_system/Arm_R/Palmar_456volar789_carpometacarpal_ligament_R
Occipital_lobe_R,Inactive,Nervous_system/Head_and_Neck/Common/brain/Cerebral_cortex/Right_cerebral_cortex/Occipital_lobe_R
Jejunum_456middle_intestine_mid246gut789,Inactive,Digestive_system/Abdomen/Jejunum_456middle_intestine_mid246gut789
L05_Dorsal_root_female_L,Inactive,Nervous_system/Pelvis_and_Hip/FemaUVWXYZle/L05_Dorsal_root_female_L
Splenic_456lienal789_lymph_vessels,Inactive,Lymphatic_system/Abdomen/Common/Splenic_456lienal789_lymph_vessels
Metatarsal_bursa_L,Inactive,Muscle_system/Lower_Limb_L/Common/Metatarsal_bursa_L
Inferior_phrenic_R_A,Inactive,Artery_system/Abdomen/Common/Inferior_phrenic_R_A
Superior_petrosal_sinus_L,Inactive,Vein_system/Head_and_Neck/Superior_petrosal_sinus_L
Female,Inactive,Vein_system/Abdomen/Female
Tensor_veli_palatini_R,Inactive,Muscle_system/Head_and_Neck/Tensor_veli_palatini_R
C05_Spinal_nerve_456ventral_ramus789_L,Inactive,Nervous_system/Head_and_Neck/Common/C05_Spinal_nerve_456ventral_ramus789_L
Lower_Limb_L,Inactive,Skeleton_system/Lower_Limb_L
Male_skin_leg_lower_L,Inactive,Skin_system/Lower_Limb_L/Male/Male_skin_leg_lower_L
Tensor_fascia_lata_456fasciae_latae789_female_R,Inactive,Muscle_system/Lower_Limb_R/Female/Tensor_fascia_lata_456fasciae_latae789_female_R
Hippocampus_R,Inactive,Nervous_system/Head_and_Neck/Common/brain/Hippocampus_R
Common,Inactive,Urinary_system/Abdomen/Common
Ligament_of_Treitz_456suspensory_muscle_of_the_duodenum789,Inactive,Digestive_system/Abdomen/Ligament_of_Treitz_456suspensory_muscle_of_the_duodenum789
Intertransversarii_laterales_lumborum_female_RABCDEFG,Inactive,Muscle_system/Back/Female/Intertransversarii_laterales_lumborum_female_RABCDEFG
Communicating_branches_L,Inactive,Nervous_system/Head_and_Neck/Common/Communicating_branches_L
S02_Spinal_nerve_female_R,Inactive,Nervous_system/Pelvis_and_Hip/FemaUVWXYZle/S02_Spinal_nerve_female_R
Inferior_medial_palpebral_R_A,Inactive,Artery_system/Head_and_Neck/Inferior_medial_palpebral_R_A
Subcoracoid_bursa_R,Inactive,Muscle_system/Arm_R/Subcoracoid_bursa_R
Superficial_circumflex_iliac_male_R_V,Inactive,Vein_system/Pelvis_and_Hip/Male/Superficial_circumflex_iliac_male_R_V
T10_Dorsal_root_R,Inactive,Nervous_system/Back/Common/T10_Dorsal_root_R
Male_skin_pelvis_R,Inactive,Skin_system/Pelvis_and_Hip/Male/Male_skin_pelvis_R
T08_Dorsal_root_ganglion_R,Inactive,Nervous_system/Back/Common/T08_Dorsal_root_ganglion_R
T01_Vertebra,Inactive,Skeleton_system/Thorax/Repetition_with_Back/T01_Vertebra
T01_Dorsal_ramus_medial_branch_R,Inactive,Nervous_system/Back/Common/T01_Dorsal_ramus_medial_branch_R
T02_Dorsal_root_R,Inactive,Nervous_system/Back/Common/T02_Dorsal_root_R
L05_Dorsal_root_ganglion_male_R,Inactive,Nervous_system/Pelvis_and_Hip/MaleUVWXYZ/L05_Dorsal_root_ganglion_male_R
CN_05_456V789_Ophthalmic_frontal_branch_R,Inactive,Nervous_system/Head_and_Neck/Common/CN_05_456V789_Ophthalmic_frontal_branch_R
CN_05_456V789_Infraorbital_L,Inactive,Nervous_system/Head_and_Neck/Common/CN_05_456V789_Infraorbital_L
Deep_cervical_R,Inactive,Artery_system/Head_and_Neck/Deep_cervical_R
Rectus_capitis_posterior_major_L,Inactive,Muscle_system/Head_and_Neck/Rectus_capitis_posterior_major_L
Pancreaticoduodenal_anterior_superior_A,Inactive,Artery_system/Abdomen/Common/Pancreaticoduodenal_anterior_superior_A
Gluteus_maximus_female_R,Active,Muscle_system/Pelvis_and_Hip/Female/Gluteus_maximus_female_R
Internal_iliac_anterior_trunk_female_L_V,Inactive,Vein_system/Pelvis_and_Hip/Female/Internal_iliac_anterior_trunk_female_L_V
Posterior_temporal_branch_L,Inactive,Artery_system/Head_and_Neck/Posterior_temporal_branch_L
Anterior_superficial_cervical_456anterior_jugular789_lymph_nodes_R,Inactive,Lymphatic_system/Head_and_Neck/Anterior_superficial_cervical_456anterior_jugular789_lymph_nodes_R
Arm_L,Inactive,Lymphatic_system/Arm_L
Sacral_lymph_vessels_male_R,Inactive,Lymphatic_system/Pelvis_and_Hip/OPQRSTMale/Sacral_lymph_vessels_male_R
Inferior_clunial_456cluneal789_L,Active,Nervous_system/Pelvis_and_Hip/Common/Inferior_clunial_456cluneal789_L
Interpectoral_lymph_vessels_female_L,Inactive,Lymphatic_system/Thorax/FeHIJKmale/Interpectoral_lymph_vessels_female_L
Extensor_hallucis_longus_L,Inactive,Muscle_system/Lower_Limb_L/Common/Extensor_hallucis_longus_L
Back,Inactive,Ligament_system/Back
Pterygoid_canal_R,Inactive,Skeleton_system/Head_and_Neck/Pterygoid_canal_R
Posterior_inferior_cerebellar_L,Inactive,Artery_system/Head_and_Neck/Posterior_inferior_cerebellar_L
Posterior_longitudinal_ligament_cervical_region_male_Head_and_NeckABCDEFG,Inactive,Ligament_system/Back/Male/Posterior_longitudinal_ligament_cervical_region_male_Head_and_NeckABCDEFG
Tertiary_456segmental789_bronchus_456III789_R,Inactive,Respiratory_system/TABCDEFGhorax/Tertiary_456segmental789_bronchus_456III789_R
Occipitofrontalis_L,Inactive,Muscle_system/Head_and_Neck/Occipitofrontalis_L
Premolar_bicuspid_second_20_L,Inactive,Skeleton_system/Head_and_Neck/Premolar_bicuspid_second_20_L
L03_Dorsal_ramus_lateral_branch_male_L,Inactive,Nervous_system/Pelvis_and_Hip/MaleUVWXYZ/L03_Dorsal_ramus_lateral_branch_male_L
White_matter_of_right_cerebral_hemisphere,Inactive,Nervous_system/Head_and_Neck/Common/brain/White_matter_of_brain/White_matter_of_right_cerebral_hemisphere
T08_Spinal_nerve_456ventral_ramus789_L,Inactive,Nervous_system/Thorax/Repetition_with_Abdomen/Common/T08_Spinal_nerve_456ventral_ramus789_L
Female_skin_foot_R,Active,Skin_system/Lower_Limb_R/Female/Female_skin_foot_R
Superficial_transverse_perineal_female_L,Active,Muscle_system/Pelvis_and_Hip/Female/Superficial_transverse_perineal_female_L
Posterior_superior_alveolar_L,Inactive,Nervous_system/Head_and_Neck/Common/Posterior_superior_alveolar_L
Pars_intermedialis_R,Inactive,Nervous_system/Head_and_Neck/Common/brain/Pars_intermedialis_R
T05_Cutaneous_branches_lateral_R,Inactive,Nervous_system/Thorax/Common/T05_Cutaneous_branches_lateral_R
T11_Vertebra,Inactive,Skeleton_system/Thorax/Repetition_with_Back/T11_Vertebra
Esophagus,Inactive,Digestive_system/Head_and_Neck/Repetition_with_Thorax/Esophagus
Mitral_456bicuspid789_valve_anterior_commissure,Inactive,Artery_system/Thorax/heart/group5/Mitral_456bicuspid789_valve_anterior_commissure
Achilles_tendon_456calcaneal_tendon_triceps_surae_part789_R,Inactive,Muscle_system/Lower_Limb_R/Common/Achilles_tendon_456calcaneal_tendon_triceps_surae_part789_R
Biceps_femoris_long_head_male_R,Inactive,Muscle_system/Lower_Limb_R/Male/Biceps_femoris_long_head_male_R
Dorsal_scapular_456transverse_scapular_deep_branch789_R,Inactive,Artery_system/Back/Dorsal_scapular_456transverse_scapular_deep_branch789_R
Gonadal_lymph_vessels_male_L,Inactive,Lymphatic_system/Abdomen/Repetition_with_Pelvis_and_Hip/MaleHIJK/Gonadal_lymph_vessels_male_L
Ovarian_ligament_R,Active,Reproductive_system/Pelvis_and_Hip/Female/Ovarian_ligament_R
L04_Dorsal_ramus_male_R,Inactive,Nervous_system/Pelvis_and_Hip/MaleUVWXYZ/L04_Dorsal_ramus_male_R
Perineal_membrane_female,Inactive,Ligament_system/Pelvis_and_Hip/Female/Perineal_membrane_female
Gall_bladder,Inactive,Digestive_system/Abdomen/Gall_bladder
Laryngopharynx,Inactive,Digestive_system/Head_and_Neck/Repetition_with_Respiratory/Laryngopharynx
Ansa_cervicalis_branch_to_sternohyoid_L,Inactive,Nervous_system/Head_and_Neck/Common/Ansa_cervicalis_branch_to_sternohyoid_L
Pancreaticoduodenal_posterior_inferior_V,Inactive,Vein_system/Abdomen/Common/Pancreaticoduodenal_posterior_inferior_V
Transverse_facial_L_A,Inactive,Artery_system/Head_and_Neck/Transverse_facial_L_A
Muscle_system,Active,Muscle_system
Semispinalis_capitis_456medial_fascicle789_R,Inactive,Muscle_system/Back/Common/Semispinalis_capitis_456medial_fascicle789_R
Superior_labial_R_A,Inactive,Artery_system/Head_and_Neck/Superior_labial_R_A
Internal_iliac_anterior_trunk_male_L_A,Inactive,Artery_system/Pelvis_and_Hip/Male/Internal_iliac_anterior_trunk_male_L_A
Adductor_brevis_male_L,Inactive,Muscle_system/Lower_Limb_L/Male/Adductor_brevis_male_L
Internal_pudendal_female_R_A,Active,Artery_system/Pelvis_and_Hip/Female/Internal_pudendal_female_R_A
S02_Ventral_root_female_R,Inactive,Nervous_system/Pelvis_and_Hip/FemaUVWXYZle/S02_Ventral_root_female_R
Obturator_externus_male_R,Inactive,Muscle_system/Pelvis_and_Hip/Male/Obturator_externus_male_R
Thyrohyoid_membrane,Inactive,Ligament_system/Head_and_Neck/Common/Thyrohyoid_membrane
Interosseous_membrane_of_the_leg_456middle_tibiofibular_ligament789_L,Inactive,Ligament_system/Lower_Limb_L/Common/Interosseous_membrane_of_the_leg_456middle_tibiofibular_ligament789_L
Ileocolic357ileal_branch,Inactive,Artery_system/Abdomen/Common/Ileocolic357ileal_branch
Central_axillary_456intermediate789_lymph_nodes_R,Inactive,Lymphatic_system/Arm_R/Central_axillary_456intermediate789_lymph_nodes_R
Dura_mater_male,Inactive,Nervous_system/Back/MaUVWXYZle/Dura_mater_male
Common_iliac_lymph_nodes_male_R,Inactive,Lymphatic_system/Pelvis_and_Hip/OPQRSTMale/Common_iliac_lymph_nodes_male_R
Vesical_venous_plexus_female_R,Inactive,Vein_system/Pelvis_and_Hip/Female/Vesical_venous_plexus_female_R
Arytenoid_cartilage_R,Inactive,Ligament_system/Head_and_Neck/Common/Arytenoid_cartilage_R
Long_thoracic_456C05246C07789_R,Inactive,Nervous_system/Thorax/Common/Long_thoracic_456C05246C07789_R
Arm_L,Inactive,Muscle_system/Arm_L
T02_Intercostobrachial_L,Inactive,Nervous_system/Thorax/Common/T02_Intercostobrachial_L
C04_Dorsal_ramus_lateral_branch_R,Inactive,Nervous_system/Head_and_Neck/Common/C04_Dorsal_ramus_lateral_branch_R
Serratus_posterior_inferior_L,Inactive,Muscle_system/Back/Common/Serratus_posterior_inferior_L
Repetition_with_Back,Inactive,Ligament_system/Thorax/Repetition_with_Back
Medial_antebrachial_cutaneous_456C08357T01789_L,Inactive,Nervous_system/Arm_L/Medial_antebrachial_cutaneous_456C08357T01789_L
Parahippocampal_gyrus_L,Inactive,Nervous_system/Head_and_Neck/Common/brain/Cerebral_cortex/Left_cerebral_cortex/Left_limbic_lobe/Parahippocampal_gyrus_L
C05_Dorsal_root_R,Inactive,Nervous_system/Head_and_Neck/Common/C05_Dorsal_root_R
Brachial_R_V,Inactive,Vein_system/Arm_R/Brachial_R_V
Posterior_vagal_trunkABCDEFG,Inactive,Nervous_system/Abdomen/Common/Posterior_vagal_trunkABCDEFG
Palmaris_brevis_L,Inactive,Muscle_system/Arm_L/Palmaris_brevis_L
Plantar_metatarsal_ligaments_L,Inactive,Ligament_system/Lower_Limb_L/Common/Plantar_metatarsal_ligaments_L
Incisor_central_09_L,Inactive,Skeleton_system/Head_and_Neck/Incisor_central_09_L
Inferior_petrosal_sinus_L,Inactive,Vein_system/Head_and_Neck/Inferior_petrosal_sinus_L
Scapula_L,Inactive,Skeleton_system/Arm_L/Scapula_L
Posterior_femoral_cutaneous_male_R,Inactive,Nervous_system/Pelvis_and_Hip/MaleUVWXYZ/Posterior_femoral_cutaneous_male_R
Sacral_ganglion_female_L,Inactive,Nervous_system/Pelvis_and_Hip/FemaUVWXYZle/Sacral_ganglion_female_L
Interventricular_septum,Inactive,Artery_system/Thorax/heart/group10/Interventricular_septum
Greater_palatine_L_A,Inactive,Artery_system/Head_and_Neck/Greater_palatine_L_A
Abdomen,Inactive,Vein_system/Abdomen
Ulnar_collateral_ligament_anterior_R,Inactive,Ligament_system/Arm_R/Ulnar_collateral_ligament_anterior_R
Superior_vesical_female_L_A,Active,Artery_system/Pelvis_and_Hip/Female/Superior_vesical_female_L_A
Optic_foramen_R,Inactive,Skeleton_system/Head_and_Neck/Optic_foramen_R
Ureter_female_L,Inactive,Urinary_system/Abdomen/Repetition_with_Pelvis_and_Hip_Reproductive/Female/Ureter_female_L
External_intercostal_R,Active,Muscle_system/Thorax/External_intercostal_R
Extensor_hallucis_brevis_L,Inactive,Muscle_system/Lower_Limb_L/Common/Extensor_hallucis_brevis_L
Posterior_hypothalamic_area_L,Inactive,Nervous_system/Head_and_Neck/Common/brain/Posterior_hypothalamic_area_L
Extensor_carpi_ulnaris_L,Inactive,Muscle_system/Arm_L/Extensor_carpi_ulnaris_L
ABCDEFG3rd_Middle_phalanx_foot_R,Inactive,Skeleton_system/Lower_Limb_R/Common/ABCDEFG3rd_Middle_phalanx_foot_R
Foramen_lacerum_occipital_surface_L,Inactive,Skeleton_system/Head_and_Neck/Foramen_lacerum_occipital_surface_L
Lower_Limb_L,Inactive,Muscle_system/Lower_Limb_L
Superior_hypophyseal_L,Inactive,Artery_system/Head_and_Neck/Superior_hypophyseal_L
Adductor_magnus_female_R,Inactive,Muscle_system/Lower_Limb_R/Female/Adductor_magnus_female_R
Pterygopalatine_456sphenopalatine789_ganglion_L,Inactive,Nervous_system/Head_and_Neck/Common/Pterygopalatine_456sphenopalatine789_ganglion_L
Tongue,Inactive,Muscle_system/Head_and_Neck/Tongue
Inferior_labial_R_A,Inactive,Artery_system/Head_and_Neck/Inferior_labial_R_A
CN_09_456IX789_Inferior_ganglion_R,Inactive,Nervous_system/Head_and_Neck/Common/CN_09_456IX789_Inferior_ganglion_R
CN_05_456V789_Ophthalmic_frontal_branch_L,Inactive,Nervous_system/Head_and_Neck/Common/CN_05_456V789_Ophthalmic_frontal_branch_L
Suprascapular_456C04246C06789_R,Inactive,Nervous_system/Back/Common/Suprascapular_456C04246C06789_R
Pronator_teres_R,Inactive,Muscle_system/Arm_R/Pronator_teres_R
Ansa_cervicalis_superior_branch_R,Inactive,Nervous_system/Head_and_Neck/Common/Ansa_cervicalis_superior_branch_R
Superficial_transverse_perineal_male_R,Inactive,Muscle_system/Pelvis_and_Hip/Male/Superficial_transverse_perineal_male_R
L05_Spinal_nerve_female_R,Inactive,Nervous_system/Pelvis_and_Hip/FemaUVWXYZle/L05_Spinal_nerve_female_R
Metatarsophalangeal_bursa_R,Inactive,Muscle_system/Lower_Limb_R/Common/Metatarsophalangeal_bursa_R
C03246C04_Intervertebral_disc,Inactive,Skeleton_system/Head_and_Neck/C03246C04_Intervertebral_disc
Paraesophageal_lymph_nodes_LABCDEFG,Inactive,Lymphatic_system/Thorax/Common/Paraesophageal_lymph_nodes_LABCDEFG
Plantar_aponeurosis_456plantar_fascia789_L,Inactive,Ligament_system/Lower_Limb_L/Common/Plantar_aponeurosis_456plantar_fascia789_L
Male_skin_back_L,Inactive,Skin_system/Back/Male/Male_skin_back_L
Female_skin_neck_L,Active,Skin_system/Head_and_Neck/Female/Female_skin_neck_L
Bladder_L_half,Inactive,Reproductive_system/Pelvis_and_Hip/Male/Bladder_L_half
brain,Inactive,Nervous_system/Head_and_Neck/Common/brain
Internal_iliac_plexus_female_L,Inactive,Nervous_system/Abdomen/Repetition_with_PelvisHip/FUVWXYZemale/Internal_iliac_plexus_female_L
Superficial_epigastric_male_L_V,Inactive,Vein_system/Abdomen/Male/Superficial_epigastric_male_L_V
Anterior_axillary_456pectoral789_lymph_vessels_male_R,Inactive,Lymphatic_system/Thorax/MaHIJKle/Anterior_axillary_456pectoral789_lymph_vessels_male_R
Dorsal_metatarsal_ligaments_R,Inactive,Ligament_system/Lower_Limb_R/Common/Dorsal_metatarsal_ligaments_R
Inferior_pancreatic_lymph_nodes,Inactive,Lymphatic_system/Abdomen/Common/Inferior_pancreatic_lymph_nodes
Manubrium,Inactive,Skeleton_system/Thorax/Manubrium
Anterior_tibial_L_A,Inactive,Artery_system/Lower_Limb_L/Common/Anterior_tibial_L_A
Foramen_lacerum_temporal_surface_R,Inactive,Skeleton_system/Head_and_Neck/Foramen_lacerum_temporal_surface_R
Superficial_456subcutaneous789_prepatellar_bursa_R,Inactive,Muscle_system/Lower_Limb_R/Common/Superficial_456subcutaneous789_prepatellar_bursa_R
EsophagusABCDEFG,Inactive,Digestive_system/Thorax/EsophagusABCDEFG
Internal_oblique_male_R,Inactive,Muscle_system/Abdomen/Male/Internal_oblique_male_R
Condyloid_foramen_L,Inactive,Skeleton_system/Head_and_Neck/Condyloid_foramen_L
C08_Spinal_nerve_456ventral_ramus789_R,Inactive,Nervous_system/Head_and_Neck/Common/C08_Spinal_nerve_456ventral_ramus789_R
T11_Dorsal_root_ganglion_R,Inactive,Nervous_system/Back/Common/T11_Dorsal_root_ganglion_R
L04_Dorsal_ramus_lateral_branch_female_L,Inactive,Nervous_system/Pelvis_and_Hip/FemaUVWXYZle/L04_Dorsal_ramus_lateral_branch_female_L
C02_Ventral_root_L,Inactive,Nervous_system/Head_and_Neck/Common/C02_Ventral_root_L
Gastroepiploic_456gastro246omental789_R_V,Inactive,Vein_system/Abdomen/Common/Gastroepiploic_456gastro246omental789_R_V
Gastroepiploic_456gastro246omental789_L_A,Inactive,Artery_system/Abdomen/Common/Gastroepiploic_456gastro246omental789_L_A
C04246C05_Intervertebral_disc,Inactive,Skeleton_system/Head_and_Neck/C04246C05_Intervertebral_disc
Common_iliac_male_L_A,Inactive,Artery_system/Pelvis_and_Hip/Male/Common_iliac_male_L_A
Proper_hepatic,Inactive,Artery_system/Abdomen/Common/Proper_hepatic
Foramen_spinosum_L,Inactive,Skeleton_system/Head_and_Neck/Foramen_spinosum_L
Common_iliac_female_R_V,Inactive,Vein_system/Pelvis_and_Hip/Female/Common_iliac_female_R_V
CN_12_456XII789_Hypoglossal_R,Inactive,Nervous_system/Head_and_Neck/Common/CN_12_456XII789_Hypoglossal_R
FemaleDCBA,Inactive,Vein_system/Abdomen/Repetition_with_PelvisHip/FemaleDCBA
Zygomatic_zygomaticofacial_foramen_R,Inactive,Skeleton_system/Head_and_Neck/Zygomatic_zygomaticofacial_foramen_R
Anterolateral_ligament_456ALL789_R,Inactive,Ligament_system/Lower_Limb_R/Common/Anterolateral_ligament_456ALL789_R
Molar_second_18_L,Inactive,Skeleton_system/Head_and_Neck/Molar_second_18_L
Mentalis_R,Inactive,Muscle_system/Head_and_Neck/Mentalis_R
Vertebral_L_V,Inactive,Vein_system/Head_and_Neck/Vertebral_L_V
Longus_colli_456inferior_oblique789_R,Inactive,Muscle_system/Head_and_Neck/Longus_colli_456inferior_oblique789_R
Lateral_sural_cutaneous_L,Inactive,Nervous_system/Lower_Limb_L/Common/Lateral_sural_cutaneous_L
Dorsal_pancreatic,Inactive,Artery_system/Abdomen/Common/Dorsal_pancreatic
Piriformis_male_R,Inactive,Muscle_system/Pelvis_and_Hip/Male/Piriformis_male_R
C04_Dorsal_ramus_medial_branch_L,Inactive,Nervous_system/Head_and_Neck/Common/C04_Dorsal_ramus_medial_branch_L
Subclavius_R,Active,Muscle_system/Thorax/Subclavius_R
FeUVWXYZmale,Inactive,Nervous_system/Back/FeUVWXYZmale
Anal_canal,Active,Digestive_system/Pelvis_and_Hip/Anal_canal
Pubis_male_L,Inactive,Skeleton_system/Pelvis_and_Hip/Male/Pubis_male_L
Parasternal_lymph_vessels_L,Inactive,Lymphatic_system/Thorax/Common/Parasternal_lymph_vessels_L
Mental_L,Inactive,Artery_system/Head_and_Neck/Mental_L
Zygomaticofacial,Inactive,Nervous_system/Head_and_Neck/Common/Zygomaticofacial
S02_Dorsal_root_female_L,Inactive,Nervous_system/Pelvis_and_Hip/FemaUVWXYZle/S02_Dorsal_root_female_L
Pectoralis_minor_R,Active,Muscle_system/Thorax/Pectoralis_minor_R
CN_01_456I789_Olfactory_olfactory_fibers_L,Inactive,Nervous_system/Head_and_Neck/Common/CN_01_456I789_Olfactory_olfactory_fibers_L
Levatores_costarum_456breves789_L,Active,Muscle_system/Thorax/Levatores_costarum_456breves789_L
Intercalated_lymph_node_L,Inactive,Lymphatic_system/Head_and_Neck/Intercalated_lymph_node_L
Interosseous_recurrent_R,Inactive,Artery_system/Arm_R/Interosseous_recurrent_R
Longissimus_thoracis_female_L,Inactive,Muscle_system/Back/Female/Longissimus_thoracis_female_L
Psoas_minor_female_L,Inactive,Muscle_system/Abdomen/Repetition_with_Pelvis_and_Hip/FemZYXQPOale/Psoas_minor_female_L
Leftt_ventricle,Inactive,Artery_system/Thorax/heart/group3/Leftt_ventricle
Secondary_capillary_plexus_L,Inactive,Vein_system/Head_and_Neck/Secondary_capillary_plexus_L
Medial_plantar_deep_branch_L,Inactive,Artery_system/Lower_Limb_L/Common/Medial_plantar_deep_branch_L
Coccygeal_female_R,Inactive,Nervous_system/Pelvis_and_Hip/FemaUVWXYZle/Coccygeal_female_R
Gonadal_456testicular_internal_spermatic789_male_L_V,Inactive,Vein_system/Abdomen/Repetition_with_PelvisHip/MaleDCBA/Gonadal_456testicular_internal_spermatic789_male_L_V
Zygomaticus_major_R,Inactive,Muscle_system/Head_and_Neck/Zygomaticus_major_R
Lateral_ligament_456mandible789_R,Inactive,Ligament_system/Head_and_Neck/Common/Lateral_ligament_456mandible789_R
Plantar_calcaneonavicular_456spring789_ligament_R,Inactive,Ligament_system/Lower_Limb_R/Common/Plantar_calcaneonavicular_456spring789_ligament_R
Extensor_digitorum_longus_R,Inactive,Muscle_system/Lower_Limb_R/Common/Extensor_digitorum_longus_R
C03_Dorsal_root_R,Inactive,Nervous_system/Head_and_Neck/Common/C03_Dorsal_root_R
Lumbrical_1st_R,Inactive,Muscle_system/Arm_R/Lumbrical_1st_R
Joint_capsule_456mandible789_L,Inactive,Ligament_system/Head_and_Neck/Common/Joint_capsule_456mandible789_L
Superficial_inguinal_lymph_nodes_456vertical_tract789_L,Inactive,Lymphatic_system/Pelvis_and_Hip/Common/Superficial_inguinal_lymph_nodes_456vertical_tract789_L
T11_Spinal_nerve_456ventral_ramus789_female_LABCDEFG,Inactive,Nervous_system/Abdomen/UVWXYZFemale/T11_Spinal_nerve_456ventral_ramus789_female_LABCDEFG
Anterior_deep_cervical_lymph_nodes_R,Inactive,Lymphatic_system/Head_and_Neck/Anterior_deep_cervical_lymph_nodes_R
Flexor_retinaculum_456wrist789_R,Inactive,Ligament_system/Arm_R/Flexor_retinaculum_456wrist789_R
Dorsal_metatarsal_and_digital_branches_R,Inactive,Nervous_system/Lower_Limb_R/Common/Dorsal_metatarsal_and_digital_branches_R
Extensor_carpi_radialis_brevis_R,Inactive,Muscle_system/Arm_R/Extensor_carpi_radialis_brevis_R
Uterine_branch_of_lymph_vessels_female_LABCDEFG,Inactive,Lymphatic_system/Pelvis_and_Hip/OPQRSTFemale/Uterine_branch_of_lymph_vessels_female_LABCDEFG
Intertransverse_ligaments_lumbar_region_male_L,Inactive,Ligament_system/Back/Male/Intertransverse_ligaments_lumbar_region_male_L
Tibial_group_of_lymph_vessels_R,Inactive,Lymphatic_system/Lower_Limb_R/Common/Tibial_group_of_lymph_vessels_R
Male_skin_hand_R,Inactive,Skin_system/Arm_R/MaIe/Male_skin_hand_R
Trachea,Inactive,Respiratory_system/HABCDEFGead_and_Neck/Repetition_with_Thorax/Trachea
Anterior_deep_cervical_456paratracheal789_lymph_nodes_L,Inactive,Lymphatic_system/Thorax/Common/Anterior_deep_cervical_456paratracheal789_lymph_nodes_L
Ganglion_impar_maleABCDEFG,Inactive,Nervous_system/Pelvis_and_Hip/MaleUVWXYZ/Ganglion_impar_maleABCDEFG
Pelvic_splanchnic_nerves_male_RABCDEFG,Inactive,Nervous_system/Pelvis_and_Hip/MaleUVWXYZ/Pelvic_splanchnic_nerves_male_RABCDEFG
Lateral_inferior_genicular_L_A,Inactive,Artery_system/Lower_Limb_L/Common/Lateral_inferior_genicular_L_A
Retromandibular_anterior_division_R,Inactive,Vein_system/Head_and_Neck/Retromandibular_anterior_division_R
Subcostal_65412987_L_V,Inactive,Vein_system/Thorax/Subcostal_65412987_L_V
Superficial_epigastric_male_L_A,Inactive,Artery_system/Abdomen/Repetition_with_PelvisHip/Male/Superficial_epigastric_male_L_A
Interspinales_lumborum_female_R,Inactive,Muscle_system/Back/Female/Interspinales_lumborum_female_R
Vorticose_456vortex789_L,Inactive,Vein_system/Head_and_Neck/Vorticose_456vortex789_L
Psoas_minor_male_L,Inactive,Muscle_system/Abdomen/Repetition_with_Pelvis_and_Hip/MalZYXQPOe/Psoas_minor_male_L
Hypogastric_female_L,Inactive,Nervous_system/Abdomen/Repetition_with_PelvisHip/FUVWXYZemale/Hypogastric_female_L
Pontine_R,Inactive,Artery_system/Head_and_Neck/Pontine_R
L05_Dorsal_ramus_male_L,Inactive,Nervous_system/Pelvis_and_Hip/MaleUVWXYZ/L05_Dorsal_ramus_male_L
ABCDEFG456IVa789Liver_medial_segment_superior_subsegment,Inactive,Digestive_system/Abdomen/ABCDEFG456IVa789Liver_medial_segment_superior_subsegment
Internal_thoracic_456mammary789_L_A,Inactive,Artery_system/Thorax/Internal_thoracic_456mammary789_L_A
T02_Spinal_nerve_456ventral_ramus789_L,Inactive,Nervous_system/Thorax/Common/T02_Spinal_nerve_456ventral_ramus789_L
Lingual_L_V,Inactive,Vein_system/Head_and_Neck/Lingual_L_V
Pubic_symphysis_male,Inactive,Skeleton_system/Pelvis_and_Hip/Male/Pubic_symphysis_male
Triceps_456triceps_brachii789_long_head_R,Inactive,Muscle_system/Arm_R/Triceps_456triceps_brachii789_long_head_R
LaryngopharynxABCDEFG,Inactive,Respiratory_system/HABCDEFGead_and_Neck/LaryngopharynxABCDEFG
C07_Spinal_nerve_456ventral_ramus789_R,Inactive,Nervous_system/Head_and_Neck/Common/C07_Spinal_nerve_456ventral_ramus789_R
Vesical_venous_plexus_female_L,Inactive,Vein_system/Pelvis_and_Hip/Female/Vesical_venous_plexus_female_L
Pulmonary_arteries_456base_of789_R,Inactive,Artery_system/Thorax/heart/Pulmonary_arteries_456base_of789_R
Submandibular_lymph_nodes_R,Inactive,Lymphatic_system/Head_and_Neck/Submandibular_lymph_nodes_R
Dorsal_intercarpal_ligaments_L,Inactive,Ligament_system/Arm_L/Dorsal_intercarpal_ligaments_L
FemaUVWXYZle,Active,Nervous_system/Pelvis_and_Hip/FemaUVWXYZle
Superior_palpebral_venous_arch_R,Inactive,Vein_system/Head_and_Neck/Superior_palpebral_venous_arch_R
Male,Inactive,Ligament_system/Thorax/Repetition_with_Back/Male
Palmar_venous_arch_deep_L,Inactive,Vein_system/Arm_L/Palmar_venous_arch_deep_L
Occipital_R_V,Inactive,Vein_system/Head_and_Neck/Occipital_R_V
Transversus_abdominis_male_L,Inactive,Muscle_system/Abdomen/Male/Transversus_abdominis_male_L
Parathyroid_gland_superior_R,Inactive,Endocrine_system/Head_and_Neck/Parathyroid_gland_superior_R
Levatores_costarum_456longi789_R,Active,Muscle_system/Thorax/Levatores_costarum_456longi789_R
Internal_iliac_posterior_trunk_female_R_A,Active,Artery_system/Pelvis_and_Hip/Female/Internal_iliac_posterior_trunk_female_R_A
Dorsal_digital_456radial789_L,Inactive,Nervous_system/Arm_L/Dorsal_digital_456radial789_L
Superficial_456subcutaneous789_infrapatellar_bursa_R,Inactive,Muscle_system/Lower_Limb_R/Common/Superficial_456subcutaneous789_infrapatellar_bursa_R
Middle_rectal_female_R_A,Active,Artery_system/Pelvis_and_Hip/Female/Middle_rectal_female_R_A
L03_Dorsal_root_R,Active,Nervous_system/Pelvis_and_Hip/Common/L03_Dorsal_root_R
Artery_of_postcentral_sulcus_R,Inactive,Artery_system/Head_and_Neck/Artery_of_postcentral_sulcus_R
Lateral_cricoarytenoid_L,Inactive,Muscle_system/Head_and_Neck/Lateral_cricoarytenoid_L
Depressor_anguli_oris_L,Inactive,Muscle_system/Head_and_Neck/Depressor_anguli_oris_L
Auricular_456ear789_cartilage_L,Inactive,Skeleton_system/Head_and_Neck/Auricular_456ear789_cartilage_L
Lateral_talocalcaneal_ligament_L,Inactive,Ligament_system/Lower_Limb_L/Common/Lateral_talocalcaneal_ligament_L
T06_Spinal_nerve_456ventral_ramus789_LABCDEFG,Inactive,Nervous_system/Abdomen/Common/T06_Spinal_nerve_456ventral_ramus789_LABCDEFG
Anal_sphincter_external_male_R,Inactive,Muscle_system/Pelvis_and_Hip/Male/Anal_sphincter_external_male_R
Tensor_fascia_lata_456fasciae_latae789_male_R,Inactive,Muscle_system/Lower_Limb_R/Male/Tensor_fascia_lata_456fasciae_latae789_male_R
Palatine_tonsil_R,Inactive,Lymphatic_system/Head_and_Neck/Palatine_tonsil_R
Transverse_sinus_L,Inactive,Vein_system/Head_and_Neck/Transverse_sinus_L
Thoracoacromial_trunk_L,Inactive,Artery_system/Thorax/Thoracoacromial_trunk_L
Principal_anterior_vagal_branch_to_lesser_curvature_of_stomachABCDEFG,Inactive,Nervous_system/Abdomen/Common/Principal_anterior_vagal_branch_to_lesser_curvature_of_stomachABCDEFG
S05_Dorsal_root_male_L,Inactive,Nervous_system/Pelvis_and_Hip/MaleUVWXYZ/S05_Dorsal_root_male_L
Female,Active,Skeleton_system/Pelvis_and_Hip/Female
Patella_knee_cap_R,Inactive,Skeleton_system/Lower_Limb_R/Common/Patella_knee_cap_R
FeHIJKmale,Inactive,Lymphatic_system/Thorax/FeHIJKmale
Longissimus_cervicis_R,Inactive,Muscle_system/Back/Common/Longissimus_cervicis_R
Dorsal_calcaneocuboid_ligaments_L,Inactive,Ligament_system/Lower_Limb_L/Common/Dorsal_calcaneocuboid_ligaments_L
Palmar_interosseous_2nd_R,Inactive,Muscle_system/Arm_R/Palmar_interosseous_2nd_R
Female_skin_hand_R,Active,Skin_system/Arm_R/Female/Female_skin_hand_R
Head_and_Neck,Inactive,Artery_system/Head_and_Neck
Repetition_with_PelvisHip,Inactive,Nervous_system/Back/Repetition_with_PelvisHip
Primary_bronchus_L,Inactive,Respiratory_system/TABCDEFGhorax/Primary_bronchus_L
Femur_thigh_male_R,Inactive,Skeleton_system/Lower_Limb_R/SKRMale/Femur_thigh_male_R
Ligaments_of_liver,Inactive,Digestive_system/Abdomen/Ligaments_of_liver
Radiate_carpal_ligament_capitohamate_L,Inactive,Ligament_system/Arm_L/Radiate_carpal_ligament_capitohamate_L
Fibularis_peroneus_longus_R,Inactive,Muscle_system/Lower_Limb_R/Common/Fibularis_peroneus_longus_R
Gastroduodenal,Inactive,Artery_system/Abdomen/Common/Gastroduodenal
Perforating_branches_of_the_thigh_R,Inactive,Artery_system/Lower_Limb_R/Common/Perforating_branches_of_the_thigh_R
Depressor_labii_inferioris_L,Inactive,Muscle_system/Head_and_Neck/Depressor_labii_inferioris_L
Splenius_capitis_L,Inactive,Muscle_system/Back/Common/Splenius_capitis_L
Prostate_anterior_lobe,Inactive,Reproductive_system/Pelvis_and_Hip/Male/Prostate_anterior_lobe
Posteromedial_frontal_branch_L,Inactive,Artery_system/Head_and_Neck/Posteromedial_frontal_branch_L
Moderator_band_456septomarginal_trabecula789,Inactive,Artery_system/Thorax/heart/group10/Moderator_band_456septomarginal_trabecula789
ABCDEFG2nd_Middle_phalanx_foot_R,Inactive,Skeleton_system/Lower_Limb_R/Common/ABCDEFG2nd_Middle_phalanx_foot_R
Adductor_pollicis_R,Inactive,Muscle_system/Arm_R/Adductor_pollicis_R
Foramen_lacerum_sphenoidal_surface_R,Inactive,Skeleton_system/Head_and_Neck/Foramen_lacerum_sphenoidal_surface_R
Lateral_pectoral_456C05246C07789_L,Inactive,Nervous_system/Thorax/Common/Lateral_pectoral_456C05246C07789_L
Female,Active,Vein_system/Pelvis_and_Hip/Female
T06_Dorsal_ramus_lateral_branch_L,Inactive,Nervous_system/Back/Common/T06_Dorsal_ramus_lateral_branch_L
Lower_Limb_R,Inactive,Ligament_system/Lower_Limb_R
CN_02_456II789_Optic_R,Inactive,Nervous_system/Head_and_Neck/Common/CN_02_456II789_Optic_R
Uterine_venous_plexus_L,Inactive,Vein_system/Pelvis_and_Hip/Female/Uterine_venous_plexus_L
Subpopliteal_456recess789_bursa_R,Inactive,Muscle_system/Lower_Limb_R/Common/Subpopliteal_456recess789_bursa_R
Orbital_branches_L,Inactive,Nervous_system/Head_and_Neck/Common/Orbital_branches_L
Renal_pelvis_R,Inactive,Urinary_system/Abdomen/Common/Renal_pelvis_R
Metatarsophalangeal_bursa_L,Inactive,Muscle_system/Lower_Limb_L/Common/Metatarsophalangeal_bursa_L
Basilar_R,Inactive,Artery_system/Head_and_Neck/Basilar_R
Thoracoacromial_pectoral_branch_R,Inactive,Artery_system/Thorax/Thoracoacromial_pectoral_branch_R
Anterior_temporal_branch_R,Inactive,Artery_system/Head_and_Neck/Anterior_temporal_branch_R
MalHIJKe,Inactive,Lymphatic_system/Abdomen/MalHIJKe
Inferior_hypogastric_plexus_RABCDEFG,Active,Nervous_system/Pelvis_and_Hip/Common/Inferior_hypogastric_plexus_RABCDEFG
CN_05_456V789_Buccal_R,Inactive,Nervous_system/Head_and_Neck/Common/CN_05_456V789_Buccal_R
FHIJKemale,Inactive,Nervous_system/Pelvis_and_Hip/Repetition_with_LLL/FHIJKemale
Secondary_cartilaginous_rings_L,Inactive,Respiratory_system/TABCDEFGhorax/Secondary_cartilaginous_rings_L
Deep_inguinal_lymph_nodes_L,Inactive,Lymphatic_system/Pelvis_and_Hip/Common/Deep_inguinal_lymph_nodes_L
Palmar_metacarpal_ligaments_R,Inactive,Ligament_system/Arm_R/Palmar_metacarpal_ligaments_R
Proper_hepatic_left_branch,Inactive,Artery_system/Abdomen/Common/Proper_hepatic_left_branch
Jugulodigastric_lymph_node_L,Inactive,Lymphatic_system/Head_and_Neck/Jugulodigastric_lymph_node_L
FemUVWXYZale,Inactive,Nervous_system/Back/Repetition_with_PelvisHip/FemUVWXYZale
Coccygeal_body_male,Inactive,Artery_system/Pelvis_and_Hip/Male/Coccygeal_body_male
T02246T03_Intervertebral_disc,Inactive,Skeleton_system/Thorax/Repetition_with_Back/T02246T03_Intervertebral_disc
C01_Atlas,Inactive,Skeleton_system/Head_and_Neck/C01_Atlas
Male,Inactive,Ligament_system/Back/Male
Intercostal_456thoracic789_lymph_nodes_R,Inactive,Lymphatic_system/Back/Intercostal_456thoracic789_lymph_nodes_R
S05_Ventral_root_female_L,Inactive,Nervous_system/Pelvis_and_Hip/FemaUVWXYZle/S05_Ventral_root_female_L
Radiate_carpal_ligament_scaphotrapezial_L,Inactive,Ligament_system/Arm_L/Radiate_carpal_ligament_scaphotrapezial_L
Radial_group_of_lymph_vessels_R,Inactive,Lymphatic_system/Arm_R/Radial_group_of_lymph_vessels_R
Dorsal_digital_R_V,Inactive,Vein_system/Arm_R/Dorsal_digital_R_V
Nasal_R,Inactive,Skeleton_system/Head_and_Neck/Nasal_R
Internal_carotid_cavernous_part_L,Inactive,Artery_system/Head_and_Neck/Internal_carotid_cavernous_part_L
Parietal_branch_L,Inactive,Artery_system/Head_and_Neck/Parietal_branch_L
Iliopsoas_456iliopectineal789_bursa_male_L,Inactive,Muscle_system/Pelvis_and_Hip/Male/Iliopsoas_456iliopectineal789_bursa_male_L
Deep_transverse_metatarsal_ligament_L,Inactive,Ligament_system/Lower_Limb_L/Common/Deep_transverse_metatarsal_ligament_L
Perineal_male_L,Inactive,Nervous_system/Pelvis_and_Hip/MaleUVWXYZ/Perineal_male_L
Medial_456deltoid789_ligament_456tibionavicular_part789_L,Inactive,Ligament_system/Lower_Limb_L/Common/Medial_456deltoid789_ligament_456tibionavicular_part789_L
Superior_mesenteric_ganglion,Inactive,Nervous_system/Abdomen/Common/Superior_mesenteric_ganglion
Palmar_456volar789_radioulnar_ligament_R,Inactive,Ligament_system/Arm_R/Palmar_456volar789_radioulnar_ligament_R
Preaortic_lymph_nodes_female,Inactive,Lymphatic_system/Pelvis_and_Hip/OPQRSTFemale/Preaortic_lymph_nodes_female
Scalene_middle_456scalenus_medius789_R,Inactive,Muscle_system/Head_and_Neck/Scalene_middle_456scalenus_medius789_R
Internal_oblique_male_L,Inactive,Muscle_system/Abdomen/Male/Internal_oblique_male_L
Superficial_lymph_vessels_from_the_penis_R,Inactive,Lymphatic_system/Pelvis_and_Hip/OPQRSTMale/Superficial_lymph_vessels_from_the_penis_R
C05_Dorsal_root_ganglion_L,Inactive,Nervous_system/Head_and_Neck/Common/C05_Dorsal_root_ganglion_L
Common_plantar_R,Inactive,Artery_system/Lower_Limb_R/Common/Common_plantar_R
T01_Cutaneous_branches_anterior_R,Inactive,Nervous_system/Thorax/Common/T01_Cutaneous_branches_anterior_R
Foramen_magnum,Inactive,Skeleton_system/Head_and_Neck/Foramen_magnum
Stomach_fundic_and_pyloric_cap_layered1,Inactive,Digestive_system/Abdomen/Stomach_fundic_and_pyloric_cap_layered1
Longus_capitis_L,Inactive,Muscle_system/Head_and_Neck/Longus_capitis_L
Heart_diaphragmatic_surface,Inactive,Artery_system/Thorax/heart/group10/Heart_diaphragmatic_surface
Thalamus_L,Inactive,Nervous_system/Head_and_Neck/Common/brain/Thalamus_L
Grey_rami_communicantes_lumbar_region_female_R,Inactive,Nervous_system/Pelvis_and_Hip/FemaUVWXYZle/Grey_rami_communicantes_lumbar_region_female_R
S01_Spinal_nerve_male_L,Inactive,Nervous_system/Pelvis_and_Hip/MaleUVWXYZ/S01_Spinal_nerve_male_L
Radial_group_of_lymph_vessels_L,Inactive,Lymphatic_system/Arm_L/Radial_group_of_lymph_vessels_L
ABCDEFG2nd_Middle_phalanx_hand_R,Inactive,Skeleton_system/Arm_R/ABCDEFG2nd_Middle_phalanx_hand_R
Superior_intercostal_R,Inactive,Vein_system/Thorax/Superior_intercostal_R
Deep_transverse_metacarpal_ligaments_R,Inactive,Ligament_system/Arm_R/Deep_transverse_metacarpal_ligaments_R
Common_interosseous_L,Inactive,Artery_system/Arm_L/Common_interosseous_L
Common_iliac_female_L_V,Inactive,Vein_system/Pelvis_and_Hip/Female/Common_iliac_female_L_V
Hypophyseal_L,Inactive,Vein_system/Head_and_Neck/Hypophyseal_L
Frontal_sinuses,Inactive,Skeleton_system/Head_and_Neck/Frontal_sinuses
Back,Inactive,Nervous_system/Back
Articular_cartilage_acetabulum_male_R,Inactive,Skeleton_system/Pelvis_and_Hip/Male/Articular_cartilage_acetabulum_male_R
Arm_R,Inactive,Muscle_system/Arm_R
Fibularis_peroneus_tertius_R,Inactive,Muscle_system/Lower_Limb_R/Common/Fibularis_peroneus_tertius_R
Rectus_femoris_female_L,Inactive,Muscle_system/Lower_Limb_L/Female/Rectus_femoris_female_L
ABCDEFG456V789Liver_anteromedial_segment,Inactive,Digestive_system/Abdomen/ABCDEFG456V789Liver_anteromedial_segment
Stylohyoid_R,Inactive,Muscle_system/Head_and_Neck/Stylohyoid_R
L02_Dorsal_root_L,Active,Nervous_system/Pelvis_and_Hip/Common/L02_Dorsal_root_L
Superior_hypogastric_plexus_female,Inactive,Nervous_system/Abdomen/Repetition_with_PelvisHip/FUVWXYZemale/Superior_hypogastric_plexus_female
Sacrospinous_ligament_female_L,Inactive,Ligament_system/Pelvis_and_Hip/Female/Sacrospinous_ligament_female_L
Anterior_cerebral_L,Inactive,Vein_system/Head_and_Neck/Anterior_cerebral_L
ABCDEFG1st_lumbar_splanchnic_L,Inactive,Nervous_system/Thorax/Common/ABCDEFG1st_lumbar_splanchnic_L
Facial_trunk_456common_facial789_R,Inactive,Vein_system/Head_and_Neck/Facial_trunk_456common_facial789_R
Auricularis_posterior_L,Inactive,Muscle_system/Head_and_Neck/Auricularis_posterior_L
Internal_jugular_R,Inactive,Vein_system/Head_and_Neck/Internal_jugular_R
Testicular_plexus_RABCDEFG,Inactive,Nervous_system/Pelvis_and_Hip/MaleUVWXYZ/Testicular_plexus_RABCDEFG
Greater_456superficial789_petrosal_R,Inactive,Nervous_system/Head_and_Neck/Common/Greater_456superficial789_petrosal_R
Lesser_omentum_456small_omentum_gastrohepatic_omentum789,Inactive,Digestive_system/Abdomen/Lesser_omentum_456small_omentum_gastrohepatic_omentum789
Renal_L_V,Inactive,Vein_system/Abdomen/Common/Renal_L_V
Female_skin_hair_R,Active,Skin_system/Head_and_Neck/Female/Female_skin_hair_R
Male,Inactive,Skin_system/Thorax/Male
T10_Cutaneous_branches_anterior_male_L,Inactive,Nervous_system/Abdomen/UVWXYZMale/T10_Cutaneous_branches_anterior_male_L
C03_Ventral_root_R,Inactive,Nervous_system/Head_and_Neck/Common/C03_Ventral_root_R
Detrusor_muscle_R_half_male,Inactive,Reproductive_system/Pelvis_and_Hip/Male/Detrusor_muscle_R_half_male
Scaphocapitate_ligament_L,Inactive,Ligament_system/Arm_L/Scaphocapitate_ligament_L
Scalene_posterior_456scalenus_posterior789_R,Inactive,Muscle_system/Head_and_Neck/Scalene_posterior_456scalenus_posterior789_R
Lacrimal_L_V,Inactive,Vein_system/Head_and_Neck/Lacrimal_L_V
group4,Inactive,Artery_system/Thorax/heart/group4
Glenoid_labrum_L,Inactive,Skeleton_system/Arm_L/Glenoid_labrum_L
Deltoid_posterior_head_R,Inactive,Muscle_system/Arm_R/Deltoid_posterior_head_R
S01_Dorsal_root_female_R,Inactive,Nervous_system/Pelvis_and_Hip/FemaUVWXYZle/S01_Dorsal_root_female_R
Sigmoid_plexus,Inactive,Nervous_system/Abdomen/Common/Sigmoid_plexus
Posterior_cruciate_ligament_456PCL789_R,Inactive,Ligament_system/Lower_Limb_R/Common/Posterior_cruciate_ligament_456PCL789_R
Radial_bursa_L,Inactive,Muscle_system/Arm_L/Radial_bursa_L
Sphenomandibular_ligament_R,Inactive,Ligament_system/Head_and_Neck/Common/Sphenomandibular_ligament_R
Gray_rami_communicantes_cervical_region_male_R,Inactive,Nervous_system/Head_and_Neck/Repetition_with_Thorax/MaABCDEFGle/Gray_rami_communicantes_cervical_region_male_R
Pubis_male_R,Inactive,Skeleton_system/Pelvis_and_Hip/Male/Pubis_male_R
Testicle_medial_half_L,Inactive,Reproductive_system/Pelvis_and_Hip/Male/Testicle_medial_half_L
Ischium_male_L,Inactive,Skeleton_system/Pelvis_and_Hip/Male/Ischium_male_L
Deep_fibular_456peroneal789_lateral_branch_L,Inactive,Nervous_system/Lower_Limb_L/Common/Deep_fibular_456peroneal789_lateral_branch_L
Posterior_vagal_trunk,Inactive,Nervous_system/Thorax/Repetition_with_Abdomen/Common/Posterior_vagal_trunk
Middle_collateral_L,Inactive,Artery_system/Arm_L/Middle_collateral_L
Palmar_interosseous_1st_R,Inactive,Muscle_system/Arm_R/Palmar_interosseous_1st_R
Male_skin_neck_R,Inactive,Skin_system/Head_and_Neck/Male/Male_skin_neck_R
Medial_gastrocnemius_456subtendinous789_bursa_L,Inactive,Muscle_system/Lower_Limb_L/Common/Medial_gastrocnemius_456subtendinous789_bursa_L
Palmar_radiocarpal_ligament_radioscapholunate_part_R,Inactive,Ligament_system/Arm_R/Palmar_radiocarpal_ligament_radioscapholunate_part_R
TracheaABCDEFG,Inactive,Respiratory_system/TABCDEFGhorax/TracheaABCDEFG
Deep_branch_of_ulnar_L,Inactive,Nervous_system/Arm_L/Deep_branch_of_ulnar_L
Mylohyoid_R,Inactive,Muscle_system/Head_and_Neck/Mylohyoid_R
T11_Spinal_nerve_456ventral_ramus789_female_L,Inactive,Nervous_system/Thorax/Repetition_with_Abdomen/FemaABCDEFGle/T11_Spinal_nerve_456ventral_ramus789_female_L
Pancreatic_branches_caudal,Inactive,Artery_system/Abdomen/Common/Pancreatic_branches_caudal
T03_Intercostobrachial_L,Inactive,Nervous_system/Thorax/Common/T03_Intercostobrachial_L
T01_Spinal_nerve_456ventral_ramus789_R,Inactive,Nervous_system/Thorax/Common/T01_Spinal_nerve_456ventral_ramus789_R
Anterior_cerebral_R,Inactive,Vein_system/Head_and_Neck/Anterior_cerebral_R
C07_Dorsal_root_L,Inactive,Nervous_system/Head_and_Neck/Common/C07_Dorsal_root_L
Serratus_posterior_inferior_R,Inactive,Muscle_system/Back/Common/Serratus_posterior_inferior_R
Posterior_part_of_right_superior_temporal_gyrus,Inactive,Nervous_system/Head_and_Neck/Common/brain/Cerebral_cortex/Right_cerebral_cortex/Right_temporal_lobe/Posterior_part_of_right_superior_temporal_gyrus
Abdomen,Active,Skin_system/Abdomen
Medial_plantar_L_V,Inactive,Vein_system/Lower_Limb_L/Common/Medial_plantar_L_V
Pronator_quadratus_L,Inactive,Muscle_system/Arm_L/Pronator_quadratus_L
Mammary_gland_lobules_L,Active,Reproductive_system/Thorax/Mammary_gland_lobules_L
Female_skin_leg_lower_L,Active,Skin_system/Lower_Limb_L/Female/Female_skin_leg_lower_L
T10_Dorsal_root_ganglion_R,Inactive,Nervous_system/Back/Common/T10_Dorsal_root_ganglion_R
Suprarenal_L,Inactive,Vein_system/Abdomen/Common/Suprarenal_L
Popliteal_R_A,Inactive,Artery_system/Lower_Limb_R/Common/Popliteal_R_A
L03_Spinal_nerve_R,Active,Nervous_system/Pelvis_and_Hip/Common/L03_Spinal_nerve_R
Lateral_pterygoid_456superior_head789_R,Inactive,Muscle_system/Head_and_Neck/Lateral_pterygoid_456superior_head789_R
Nasal_conchae_inferior,Inactive,Respiratory_system/HABCDEFGead_and_Neck/Nasal_conchae_inferior
Lateral_rectus_R,Inactive,Muscle_system/Head_and_Neck/Lateral_rectus_R
Hamate_R,Inactive,Skeleton_system/Arm_R/Hamate_R
Intertransversarii_mediales_lumborum_male_R,Inactive,Muscle_system/Back/Male/Intertransversarii_mediales_lumborum_male_R
Splenic_plexus,Inactive,Nervous_system/Thorax/Repetition_with_Abdomen/Common/Splenic_plexus
Subscapular_L_A,Inactive,Artery_system/Arm_L/Subscapular_L_A
Second_intercostal_R,Inactive,Artery_system/Thorax/Second_intercostal_R
Inferior_extensor_retinaculum_R,Inactive,Ligament_system/Lower_Limb_R/Common/Inferior_extensor_retinaculum_R
Pyramidalis_female_L,Active,Muscle_system/Pelvis_and_Hip/Female/Pyramidalis_female_L
Posterior_interosseous_R,Inactive,Artery_system/Arm_R/Posterior_interosseous_R
Palmar_venous_arch_superficial_R,Inactive,Vein_system/Arm_R/Palmar_venous_arch_superficial_R
Superior_hypophyseal_R,Inactive,Artery_system/Head_and_Neck/Superior_hypophyseal_R
Spinalis_thoracis_R,Inactive,Muscle_system/Back/Common/Spinalis_thoracis_R
Anterior_sacroiliac_ligament_female_R,Inactive,Ligament_system/Pelvis_and_Hip/Female/Anterior_sacroiliac_ligament_female_R
Gastroepiploic_456gastro246omental789_L_V,Inactive,Vein_system/Abdomen/Common/Gastroepiploic_456gastro246omental789_L_V
Lacrimal_L,Inactive,Skeleton_system/Head_and_Neck/Lacrimal_L
C05_Dorsal_root_L,Inactive,Nervous_system/Head_and_Neck/Common/C05_Dorsal_root_L
S02_Dorsal_root_male_R,Inactive,Nervous_system/Pelvis_and_Hip/MaleUVWXYZ/S02_Dorsal_root_male_R
Marginal_V,Inactive,Vein_system/Abdomen/Common/Marginal_V
Pyramidalis_female_R,Active,Muscle_system/Pelvis_and_Hip/Female/Pyramidalis_female_R
Pulmonary_veins_inferior_L,Inactive,Artery_system/Thorax/heart/Pulmonary_veins_inferior_L
Female,Inactive,Ligament_system/Lower_Limb_R/Female
Profunda_brachii_R,Inactive,Artery_system/Arm_R/Profunda_brachii_R
Rectus_capitis_posterior_minor_R,Inactive,Muscle_system/Head_and_Neck/Rectus_capitis_posterior_minor_R
Flexor_digitorum_profundus_R,Inactive,Muscle_system/Arm_R/Flexor_digitorum_profundus_R
Olecranon_bursa_R,Inactive,Muscle_system/Arm_R/Olecranon_bursa_R
Posterior_cord_456C05246T01789_R,Inactive,Nervous_system/Thorax/Common/Posterior_cord_456C05246T01789_R
Tracheal_cartilaginous_ringsABCDEFG,Inactive,Respiratory_system/TABCDEFGhorax/Tracheal_cartilaginous_ringsABCDEFG
Stylohyoid_ligament_R,Inactive,Ligament_system/Head_and_Neck/Common/Stylohyoid_ligament_R
Tensor_veli_palatini_L,Inactive,Muscle_system/Head_and_Neck/Tensor_veli_palatini_L
L05_Vertebra_female,Inactive,Skeleton_system/Back/FemORZale/L05_Vertebra_female
Superior_rectal_V,Inactive,Vein_system/Pelvis_and_Hip/Common/Superior_rectal_V
Branches_to_the_extrinsic_muscles_of_the_tongue_L,Inactive,Nervous_system/Head_and_Neck/Common/Branches_to_the_extrinsic_muscles_of_the_tongue_L
T04_Ventral_root_L,Inactive,Nervous_system/Back/Common/T04_Ventral_root_L
C07_Ventral_root_R,Inactive,Nervous_system/Head_and_Neck/Common/C07_Ventral_root_R
Deep_transverse_perineal_male_L,Inactive,Muscle_system/Pelvis_and_Hip/Male/Deep_transverse_perineal_male_L
Middle_pharyngeal_constrictor_R,Inactive,Muscle_system/Head_and_Neck/Middle_pharyngeal_constrictor_R
Scaphoid_L,Inactive,Skeleton_system/Arm_L/Scaphoid_L
Trapezium_L,Inactive,Skeleton_system/Arm_L/Trapezium_L
CN_07_456VII789_Marginal_mandibular_branch_L,Inactive,Nervous_system/Head_and_Neck/Common/CN_07_456VII789_Marginal_mandibular_branch_L
FemABCDEFGale,Inactive,Nervous_system/Thorax/FemABCDEFGale
Pulmonary_arteries_L,Inactive,Artery_system/Thorax/heart/Pulmonary_arteries_L
Deep_external_pudendal_456pudic789_male_R_A,Inactive,Artery_system/Lower_Limb_R/Male/Deep_external_pudendal_456pudic789_male_R_A
Superficial_epigastric_male_L_AABCDEFG,Inactive,Artery_system/Pelvis_and_Hip/Male/Superficial_epigastric_male_L_AABCDEFG
Clavicle_R,Inactive,Skeleton_system/Arm_R/Clavicle_R
External_iliac_female_R_A,Active,Artery_system/Pelvis_and_Hip/Female/External_iliac_female_R_A
Superficial_inguinal_lymph_vessels_female_R,Inactive,Lymphatic_system/Pelvis_and_Hip/OPQRSTFemale/Superficial_inguinal_lymph_vessels_female_R
Gonadal_456testicular_internal_spermatic789_male_L_VABCDEFG,Inactive,Vein_system/Pelvis_and_Hip/Male/Gonadal_456testicular_internal_spermatic789_male_L_VABCDEFG
Ganglion_impar_female,Inactive,Nervous_system/Pelvis_and_Hip/FemaUVWXYZle/Ganglion_impar_female
L04_Ventral_root_male_R,Inactive,Nervous_system/Pelvis_and_Hip/MaleUVWXYZ/L04_Ventral_root_male_R
Female,Active,Skin_system/Arm_R/Female
Median_cubital_R,Inactive,Vein_system/Arm_R/Median_cubital_R
Posterior_femoral_cutaneous_male_L,Inactive,Nervous_system/Pelvis_and_Hip/MaleUVWXYZ/Posterior_femoral_cutaneous_male_L
Grey_rami_communicantes_thoracic_region_female_R,Inactive,Nervous_system/Thorax/FemABCDEFGale/Grey_rami_communicantes_thoracic_region_female_R
Inferior_alveolar_R_A,Inactive,Artery_system/Head_and_Neck/Inferior_alveolar_R_A
Sacral_ganglion_male_R,Inactive,Nervous_system/Pelvis_and_Hip/MaleUVWXYZ/Sacral_ganglion_male_R
Posterior_ciliary_L,Inactive,Artery_system/Head_and_Neck/Posterior_ciliary_L
Male,Inactive,Skin_system/Pelvis_and_Hip/Male
Flexor_carpi_ulnaris_L,Inactive,Muscle_system/Arm_L/Flexor_carpi_ulnaris_L
Pelvic_splanchnic_nerves_female_L,Inactive,Nervous_system/Abdomen/Repetition_with_PelvisHip/FUVWXYZemale/Pelvic_splanchnic_nerves_female_L
Male_skin_leg_upper_L,Inactive,Skin_system/Lower_Limb_L/Male/Male_skin_leg_upper_L
T03_Ventral_root_R,Inactive,Nervous_system/Back/Common/T03_Ventral_root_R
Precentral_gyrus_R,Inactive,Nervous_system/Head_and_Neck/Common/brain/Cerebral_cortex/Right_cerebral_cortex/Right_frontal_lobe/Precentral_gyrus_R
T06_Cutaneous_branches_lateral_RABCDEFG,Inactive,Nervous_system/Abdomen/Common/T06_Cutaneous_branches_lateral_RABCDEFG
Gluteus_maximus_female_L,Active,Muscle_system/Pelvis_and_Hip/Female/Gluteus_maximus_female_L
T05246T06_Intervertebral_discABCDEFG,Inactive,Skeleton_system/Back/Common/T05246T06_Intervertebral_discABCDEFG
CN_10_456X789_Vagus01234Recurrent_laryngeal_RABCDEFG,Inactive,Nervous_system/Thorax/Common/CN_10_456X789_Vagus01234Recurrent_laryngeal_RABCDEFG
Inferior_gluteal_male_R_V,Inactive,Vein_system/Pelvis_and_Hip/Male/Inferior_gluteal_male_R_V
CN_10_456X789_Inferior_cervical_456vagal789_cardiac_branch_RABCDEFG,Inactive,Nervous_system/Thorax/Common/CN_10_456X789_Inferior_cervical_456vagal789_cardiac_branch_RABCDEFG
Cricothyroid_membrane_and_ligament,Inactive,Ligament_system/Head_and_Neck/Common/Cricothyroid_membrane_and_ligament
Pelvis_and_Hip,Active,Lymphatic_system/Pelvis_and_Hip
Multifidus_male_R,Inactive,Muscle_system/Back/Common/Multifidus_male_R
Temporal_R,Inactive,Skeleton_system/Head_and_Neck/Temporal_R
S01_Dorsal_root_male_L,Inactive,Nervous_system/Pelvis_and_Hip/MaleUVWXYZ/S01_Dorsal_root_male_L
Ulnar_L_A,Inactive,Artery_system/Arm_L/Ulnar_L_A
CN_11_456XI789_Internal_branch_R,Inactive,Nervous_system/Head_and_Neck/Common/CN_11_456XI789_Internal_branch_R
Mylohyoid_L_A,Inactive,Artery_system/Head_and_Neck/Mylohyoid_L_A
Anal_sphincter_external_female_L,Active,Muscle_system/Pelvis_and_Hip/Female/Anal_sphincter_external_female_L
Superior_parietal_lobule_R,Inactive,Nervous_system/Head_and_Neck/Common/brain/Cerebral_cortex/Right_cerebral_cortex/Right_parietal_lobe/Superior_parietal_lobule_R
Ulnar_bursa_R,Inactive,Muscle_system/Arm_R/Ulnar_bursa_R
Lumbrical_4th_R,Inactive,Muscle_system/Arm_R/Lumbrical_4th_R
L01_Vertebra,Inactive,Skeleton_system/Back/Common/L01_Vertebra
Intercostals_6540324610987_R,Inactive,Artery_system/Thorax/Intercostals_6540324610987_R
Superior_clunial_456cluneal789_male_R,Inactive,Nervous_system/Pelvis_and_Hip/MaleUVWXYZ/Superior_clunial_456cluneal789_male_R
Intercostal_65411987_R,Inactive,Artery_system/Thorax/Intercostal_65411987_R
Sacral_splanchnic_nerves_male_LABCDEFG,Inactive,Nervous_system/Pelvis_and_Hip/MaleUVWXYZ/Sacral_splanchnic_nerves_male_LABCDEFG
Dorsal_intercarpal_ligaments_R,Inactive,Ligament_system/Arm_R/Dorsal_intercarpal_ligaments_R
Posterior_lateral_nasal_branches_R,Inactive,Artery_system/Head_and_Neck/Posterior_lateral_nasal_branches_R
Radiate_carpal_ligament_scapholunate_L,Inactive,Ligament_system/Arm_L/Radiate_carpal_ligament_scapholunate_L
Thoracoepigastric_female_L,Inactive,Vein_system/Abdomen/Female/Thoracoepigastric_female_L
Circumflex_scapular_R_V,Inactive,Vein_system/Back/Circumflex_scapular_R_V
T02_Intercostobrachial_R,Inactive,Nervous_system/Thorax/Common/T02_Intercostobrachial_R
Head_and_Neck,Inactive,Muscle_system/Head_and_Neck
L04_Dorsal_root_male_L,Inactive,Nervous_system/Pelvis_and_Hip/MaleUVWXYZ/L04_Dorsal_root_male_L
Supraorbital_R_A,Inactive,Artery_system/Head_and_Neck/Supraorbital_R_A
T10_Spinal_nerve_456ventral_ramus789_male_R,Inactive,Nervous_system/Thorax/Repetition_with_Abdomen/MaleABCDEFG/T10_Spinal_nerve_456ventral_ramus789_male_R
Lateral_sacral_male_L_V,Inactive,Vein_system/Pelvis_and_Hip/Male/Lateral_sacral_male_L_V
Supramarginal_gyrus_L,Inactive,Nervous_system/Head_and_Neck/Common/brain/Cerebral_cortex/Left_cerebral_cortex/Left_parietal_lobe/Supramarginal_gyrus_L
T02_Ventral_root_R,Inactive,Nervous_system/Back/Common/T02_Ventral_root_R
Tricuspid_valve_commissure,Inactive,Artery_system/Thorax/heart/group8/Tricuspid_valve_commissure
Tracheal_cartilaginous_rings,Inactive,Respiratory_system/HABCDEFGead_and_Neck/Repetition_with_Thorax/Tracheal_cartilaginous_rings
Paraesophageal_lymph_nodes_RABCDEFG,Inactive,Lymphatic_system/Thorax/Common/Paraesophageal_lymph_nodes_RABCDEFG
Scaphocapitate_ligament_R,Inactive,Ligament_system/Arm_R/Scaphocapitate_ligament_R
Transverse_arytenoid,Inactive,Muscle_system/Head_and_Neck/Transverse_arytenoid
Radiate_carpal_ligament_L,Inactive,Ligament_system/Arm_L/Radiate_carpal_ligament_L
Lateral_pectoral_456C05246C07789_R,Inactive,Nervous_system/Thorax/Common/Lateral_pectoral_456C05246C07789_R
Semispinalis_cervicis_L,Inactive,Muscle_system/Back/Common/Semispinalis_cervicis_L
Superior_phrenic_R,Inactive,Artery_system/Thorax/Superior_phrenic_R
Supraspinous_ligament_lumbar_region_female,Inactive,Ligament_system/Back/Repetition_with_PelvisHip/Female/Supraspinous_ligament_lumbar_region_female
Sacral_splanchnic_nerves_male_R,Inactive,Nervous_system/Abdomen/Repetition_with_PelvisHip/MUVWXYZale/Sacral_splanchnic_nerves_male_R
Corpus_cavernosum_L,Inactive,Reproductive_system/Pelvis_and_Hip/Male/Corpus_cavernosum_L
Female,Active,Skin_system/Thorax/Female
Cingular_branch_L,Inactive,Artery_system/Head_and_Neck/Cingular_branch_L
Splenic_plexusABCDEFG,Inactive,Nervous_system/Abdomen/Common/Splenic_plexusABCDEFG
ABCDEFG1st_lumbar_splanchnic_R,Inactive,Nervous_system/Abdomen/Common/ABCDEFG1st_lumbar_splanchnic_R
Fibula_leg_L,Inactive,Skeleton_system/Lower_Limb_L/Common/Fibula_leg_L
Ilioinguinal_female_L,Inactive,Nervous_system/Pelvis_and_Hip/FemaUVWXYZle/Ilioinguinal_female_L
Sacrotuberous_ligament_female_R,Inactive,Ligament_system/Pelvis_and_Hip/Female/Sacrotuberous_ligament_female_R
Upper_trunk_456C05357C06789_R,Inactive,Nervous_system/Head_and_Neck/Common/Upper_trunk_456C05357C06789_R
Radial_bursa_R,Inactive,Muscle_system/Arm_R/Radial_bursa_R
Lumbar357union_between_ascending_lumbar,Inactive,Vein_system/Back/Lumbar357union_between_ascending_lumbar
Middle_glenohumeral_ligament_L,Inactive,Ligament_system/Arm_L/Middle_glenohumeral_ligament_L
ABCDEFG1st_Proximal_phalanx_pollex_R,Inactive,Skeleton_system/Arm_R/ABCDEFG1st_Proximal_phalanx_pollex_R
Common_palmar_digital_L_V,Inactive,Vein_system/Arm_L/Common_palmar_digital_L_V
Male_skin_penis_L,Inactive,Skin_system/Pelvis_and_Hip/Male/Male_skin_penis_L
Biceps_femoris_long_head_female_L,Inactive,Muscle_system/Lower_Limb_L/Female/Biceps_femoris_long_head_female_L
Uvula,Inactive,Digestive_system/Head_and_Neck/Uvula
Common,Inactive,Nervous_system/Thorax/Repetition_with_Abdomen/Common
Obturator_internus_female_L,Active,Muscle_system/Pelvis_and_Hip/Female/Obturator_internus_female_L
Inferior_deep_lateral_cervical_456scalene789_lymph_node_R,Inactive,Lymphatic_system/Thorax/Common/Inferior_deep_lateral_cervical_456scalene789_lymph_node_R
Corniculate_tubercles,Inactive,Digestive_system/Head_and_Neck/Corniculate_tubercles
T09_Dorsal_root_R,Inactive,Nervous_system/Back/Common/T09_Dorsal_root_R
Posterior_interosseous_L,Inactive,Artery_system/Arm_L/Posterior_interosseous_L
MalABCDEFGe,Inactive,Nervous_system/Thorax/MalABCDEFGe
Iliacus_male_R,Inactive,Muscle_system/Abdomen/Male/Iliacus_male_R
Greater_occipital_L,Inactive,Nervous_system/Head_and_Neck/Common/Greater_occipital_L
Radial_456C05246T01789_R,Inactive,Nervous_system/Arm_R/Radial_456C05246T01789_R
Great_saphenous_male_R,Inactive,Vein_system/Lower_Limb_R/Male/Great_saphenous_male_R
Lumbar_trunk_male_LABCDEFG,Inactive,Lymphatic_system/Pelvis_and_Hip/OPQRSTMale/Lumbar_trunk_male_LABCDEFG
CN_02_456II789_Optic_L,Inactive,Nervous_system/Head_and_Neck/Common/CN_02_456II789_Optic_L
Nuclei_lateralis_L,Inactive,Nervous_system/Head_and_Neck/Common/brain/Nuclei_lateralis_L
Dorsal_intercuneiform_ligaments_L,Inactive,Ligament_system/Lower_Limb_L/Common/Dorsal_intercuneiform_ligaments_L
Artery_of_postcentral_sulcus_L,Inactive,Artery_system/Head_and_Neck/Artery_of_postcentral_sulcus_L
T10_Vertebra,Inactive,Skeleton_system/Thorax/Repetition_with_Back/T10_Vertebra
Inferior_cerebral_R,Inactive,Vein_system/Head_and_Neck/Inferior_cerebral_R
Common,Inactive,Nervous_system/Back/Common
Scalene_anterior_456scalenus_anterior789_L,Inactive,Muscle_system/Head_and_Neck/Scalene_anterior_456scalenus_anterior789_L
Obturator_membrane_female_R,Inactive,Ligament_system/Pelvis_and_Hip/Female/Obturator_membrane_female_R
Oblique_arytenoid,Inactive,Muscle_system/Head_and_Neck/Oblique_arytenoid
Saphenous_L,Inactive,Nervous_system/Lower_Limb_L/Common/Saphenous_L
Anterior_longitudinal_ligament_sacral_region_male,Inactive,Ligament_system/Back/Repetition_with_PelvisHip/Male/Anterior_longitudinal_ligament_sacral_region_male
Middle_hypophyseal_R,Inactive,Artery_system/Head_and_Neck/Middle_hypophyseal_R
Intercalated_lymph_node_R,Inactive,Lymphatic_system/Head_and_Neck/Intercalated_lymph_node_R
Xiphoid_process,Inactive,Skeleton_system/Thorax/Xiphoid_process
Retrocaval_456posterior_caval789_lymph_nodes_male,Inactive,Lymphatic_system/Abdomen/MalHIJKe/Retrocaval_456posterior_caval789_lymph_nodes_male
Collecting_lymph_vessels_from_glans_penis_R,Inactive,Lymphatic_system/Pelvis_and_Hip/OPQRSTMale/Collecting_lymph_vessels_from_glans_penis_R
Descending_palatine_R,Inactive,Artery_system/Head_and_Neck/Descending_palatine_R
Anterior_longitudinal_ligament_lumbar_region_male,Inactive,Ligament_system/Back/Male/Anterior_longitudinal_ligament_lumbar_region_male
T08_Cutaneous_branches_lateral_LABCDEFG,Inactive,Nervous_system/Abdomen/Common/T08_Cutaneous_branches_lateral_LABCDEFG
Tricuspid_valve_anterior_leaflet,Inactive,Artery_system/Thorax/heart/group8/Tricuspid_valve_anterior_leaflet
Anococcygeal_female_L,Inactive,Nervous_system/Pelvis_and_Hip/FemaUVWXYZle/Anococcygeal_female_L
Prepancreatic,Inactive,Artery_system/Abdomen/Common/Prepancreatic
Infundibulum_L,Inactive,Nervous_system/Head_and_Neck/Common/brain/Infundibulum_L
Posterior_talocalcaneal_ligament_R,Inactive,Ligament_system/Lower_Limb_R/Common/Posterior_talocalcaneal_ligament_R
T12_Dorsal_ramus_medial_branch_R,Inactive,Nervous_system/Back/Common/T12_Dorsal_ramus_medial_branch_R
Perineal_male_R,Inactive,Nervous_system/Pelvis_and_Hip/MaleUVWXYZ/Perineal_male_R
Risorius_L,Inactive,Muscle_system/Head_and_Neck/Risorius_L
Subcutaneous_calcaneal_bursa_L,Inactive,Muscle_system/Lower_Limb_L/Common/Subcutaneous_calcaneal_bursa_L
Abdomen,Inactive,Lymphatic_system/Abdomen
Anterior_part_of_left_superior_temporal_gyrus,Inactive,Nervous_system/Head_and_Neck/Common/brain/Cerebral_cortex/Left_cerebral_cortex/Left_temporal_lobe/Anterior_part_of_left_superior_temporal_gyrus
Tricuspid_valve_posterior_leaflet,Inactive,Artery_system/Thorax/heart/group8/Tricuspid_valve_posterior_leaflet
Celiac_trunk,Inactive,Artery_system/Abdomen/Common/Celiac_trunk
Posterior_cruciate_ligament_456PCL789_L,Inactive,Ligament_system/Lower_Limb_L/Common/Posterior_cruciate_ligament_456PCL789_L
Pancreaticoduodenal_anterior_superior_V,Inactive,Vein_system/Abdomen/Common/Pancreaticoduodenal_anterior_superior_V
Salivary_456submandibular_submaxillary789_gland_L,Inactive,Digestive_system/Head_and_Neck/Salivary_456submandibular_submaxillary789_gland_L
Vagal_branch_to_fundus_and_cardiac_part_of_stomachABCDEFG,Inactive,Nervous_system/Abdomen/Common/Vagal_branch_to_fundus_and_cardiac_part_of_stomachABCDEFG
Eye_L,Inactive,Nervous_system/Head_and_Neck/Common/eyes1/Eye_L
Parathyroid_gland_superior_L,Inactive,Endocrine_system/Head_and_Neck/Parathyroid_gland_superior_L
Superior_glenohumeral_ligament_L,Inactive,Ligament_system/Arm_L/Superior_glenohumeral_ligament_L
Deep_palmar_arch_L,Inactive,Artery_system/Arm_L/Deep_palmar_arch_L
Head_and_Neck,Inactive,Endocrine_system/Head_and_Neck
Urethral_orifice,Active,Reproductive_system/Pelvis_and_Hip/Female/Urethral_orifice
Longus_colli_456superior_oblique789_R,Inactive,Muscle_system/Head_and_Neck/Longus_colli_456superior_oblique789_R
L04_Dorsal_ramus_female_R,Inactive,Nervous_system/Pelvis_and_Hip/FemaUVWXYZle/L04_Dorsal_ramus_female_R
Internal_iliac_female_R_A,Active,Artery_system/Pelvis_and_Hip/Female/Internal_iliac_female_R_A
L05_Dorsal_ramus_medial_branch_R,Active,Nervous_system/Pelvis_and_Hip/Common/L05_Dorsal_ramus_medial_branch_R
Superior_gluteal_female_L_V,Inactive,Vein_system/Pelvis_and_Hip/Female/Superior_gluteal_female_L_V
Common,Inactive,Lymphatic_system/Thorax/Common
Profunda_brachii_L,Inactive,Artery_system/Arm_L/Profunda_brachii_L
Vaginal_venous_plexus_L,Inactive,Vein_system/Pelvis_and_Hip/Female/Vaginal_venous_plexus_L
Supraorbital_L_A,Inactive,Artery_system/Head_and_Neck/Supraorbital_L_A
Female_skin_back_L,Active,Skin_system/Back/Female/Female_skin_back_L
Superior_epigastric_R_V,Inactive,Vein_system/Abdomen/Common/Superior_epigastric_R_V
Posterior_cricoarytenoid_L,Inactive,Muscle_system/Head_and_Neck/Posterior_cricoarytenoid_L
Levatores_costarum_456breves789_R,Active,Muscle_system/Thorax/Levatores_costarum_456breves789_R
C04_Dorsal_root_L,Inactive,Nervous_system/Head_and_Neck/Common/C04_Dorsal_root_L
Lower_Limb_R,Inactive,Skeleton_system/Lower_Limb_R
Ninth_rib_L,Inactive,Skeleton_system/Thorax/Ninth_rib_L
T03_Cutaneous_branches_lateral_R,Inactive,Nervous_system/Thorax/Common/T03_Cutaneous_branches_lateral_R
CN_05_456V789_Ophthalmic_branch_R,Inactive,Nervous_system/Head_and_Neck/Common/CN_05_456V789_Ophthalmic_branch_R
Renal_plexus_L,Inactive,Nervous_system/Thorax/Repetition_with_Abdomen/Common/Renal_plexus_L
Tertiary_456segmental789_bronchus_456IX789_R,Inactive,Respiratory_system/TABCDEFGhorax/Tertiary_456segmental789_bronchus_456IX789_R
Submandibular_lymph_vessel_R,Inactive,Lymphatic_system/Head_and_Neck/Submandibular_lymph_vessel_R
T03246T04_Intervertebral_disc,Inactive,Skeleton_system/Thorax/Repetition_with_Back/T03246T04_Intervertebral_disc
Repetition_with_Pelvis_and_Hip,Active,Muscle_system/Abdomen/Repetition_with_Pelvis_and_Hip
Male,Inactive,Artery_system/Pelvis_and_Hip/Male
Patella_knee_cap_L,Inactive,Skeleton_system/Lower_Limb_L/Common/Patella_knee_cap_L
T06_Dorsal_ramus_medial_branch_R,Inactive,Nervous_system/Back/Common/T06_Dorsal_ramus_medial_branch_R
Interthalamic_adhesion_L,Inactive,Nervous_system/Head_and_Neck/Common/brain/Interthalamic_adhesion_L
Posterior_tibial_R_A,Inactive,Artery_system/Lower_Limb_R/Common/Posterior_tibial_R_A
Styloglossus_R,Inactive,Muscle_system/Head_and_Neck/Styloglossus_R
Levator_palpebrae_superioris_L,Inactive,Muscle_system/Head_and_Neck/Levator_palpebrae_superioris_L
Superior_thoracic_L,Inactive,Artery_system/Thorax/Superior_thoracic_L
T11_Cutaneous_branches_lateral_L,Inactive,Nervous_system/Thorax/Repetition_with_Abdomen/Common/T11_Cutaneous_branches_lateral_L
Tibialis_anterior_R,Inactive,Muscle_system/Lower_Limb_R/Common/Tibialis_anterior_R
Upper_subscapular_456C05246C06789_R,Inactive,Nervous_system/Back/Common/Upper_subscapular_456C05246C06789_R
Lower_Limb_L,Inactive,Artery_system/Lower_Limb_L
Inguinal_ligament_female_L,Inactive,Ligament_system/Pelvis_and_Hip/Female/Inguinal_ligament_female_L
group3,Inactive,Artery_system/Thorax/heart/group3
L01246L02_Intervertebral_disc,Inactive,Skeleton_system/Back/Common/L01246L02_Intervertebral_disc
Lateral_femoral_cutaneous_female_L,Inactive,Nervous_system/Pelvis_and_Hip/FemaUVWXYZle/Lateral_femoral_cutaneous_female_L
Great_saphenous_male_L,Inactive,Vein_system/Lower_Limb_L/Male/Great_saphenous_male_L
Superficial_transverse_metacarpal_ligaments_L,Inactive,Ligament_system/Arm_L/Superficial_transverse_metacarpal_ligaments_L
Parasternal_lymph_nodes_L,Inactive,Lymphatic_system/Thorax/Common/Parasternal_lymph_nodes_L
Orbicularis_oculi_R,Inactive,Muscle_system/Head_and_Neck/Orbicularis_oculi_R
Gonadal_lymph_vessels_male_RABCDEFG,Inactive,Lymphatic_system/Pelvis_and_Hip/OPQRSTMale/Gonadal_lymph_vessels_male_RABCDEFG
Node_of_Cloquet_or_Rosenmuller_456superior246most_deep_inguinal789_lymph_node_L,Inactive,Lymphatic_system/Pelvis_and_Hip/Common/Node_of_Cloquet_or_Rosenmuller_456superior246most_deep_inguinal789_lymph_node_L
Superior_alveolar_R,Inactive,Artery_system/Head_and_Neck/Superior_alveolar_R
Anteromedial_frontal_branch_R,Inactive,Artery_system/Head_and_Neck/Anteromedial_frontal_branch_R
Acetabular_labrum_female_L,Active,Skeleton_system/Pelvis_and_Hip/Female/Acetabular_labrum_female_L
Iliolumbar_male_L_A,Inactive,Artery_system/Pelvis_and_Hip/Male/Iliolumbar_male_L_A
Dorsal_metatarsal_and_digital_branches_L,Inactive,Nervous_system/Lower_Limb_L/Common/Dorsal_metatarsal_and_digital_branches_L
Hippocampus_L,Inactive,Nervous_system/Head_and_Neck/Common/brain/Hippocampus_L
Common,Inactive,Artery_system/Lower_Limb_L/Common
Salivary_456parotid789_gland_R,Inactive,Digestive_system/Head_and_Neck/Salivary_456parotid789_gland_R
Medial_clunial_456cluneal789_female_L,Inactive,Nervous_system/Pelvis_and_Hip/FemaUVWXYZle/Medial_clunial_456cluneal789_female_L
S01_Spinal_nerve_female_R,Inactive,Nervous_system/Pelvis_and_Hip/FemaUVWXYZle/S01_Spinal_nerve_female_R
S04_Spinal_nerve_female_L,Inactive,Nervous_system/Pelvis_and_Hip/FemaUVWXYZle/S04_Spinal_nerve_female_L
ABCDEFG5th_Proximal_phalanx_foot_R,Inactive,Skeleton_system/Lower_Limb_R/Common/ABCDEFG5th_Proximal_phalanx_foot_R
Latissimus_dorsi_male_R,Inactive,Muscle_system/Back/Male/Latissimus_dorsi_male_R
Superficial_456dorsal789_metatarsal_R,Inactive,Vein_system/Lower_Limb_R/Common/Superficial_456dorsal789_metatarsal_R
Parieto246occipital_branch_L,Inactive,Artery_system/Head_and_Neck/Parieto246occipital_branch_L
ABCDEFG2nd_Distal_phalanx_hand_L,Inactive,Skeleton_system/Arm_L/ABCDEFG2nd_Distal_phalanx_hand_L
Cavernous_sinus_R,Inactive,Vein_system/Head_and_Neck/Cavernous_sinus_R
Superior_messenteric_plexus_branches,Inactive,Nervous_system/Abdomen/Common/Superior_messenteric_plexus_branches
Depressor_septi_L,Inactive,Muscle_system/Head_and_Neck/Depressor_septi_L
T07246T08_Intervertebral_discABCDEFG,Inactive,Skeleton_system/Back/Common/T07246T08_Intervertebral_discABCDEFG
Medial_brachial_cutaneous_456T01789_R,Inactive,Nervous_system/Arm_R/Medial_brachial_cutaneous_456T01789_R
Lumbar_trunk_male_L,Inactive,Lymphatic_system/Abdomen/Repetition_with_Pelvis_and_Hip/MaleHIJK/Lumbar_trunk_male_L
Lateral_frontobasal_456orbitofrontal789_R,Inactive,Artery_system/Head_and_Neck/Lateral_frontobasal_456orbitofrontal789_R
Superior_phrenic_lymph_nodes,Inactive,Lymphatic_system/Thorax/Common/Superior_phrenic_lymph_nodes
Achilles_tendon_456calcaneal_tendon_triceps_surae_part789_L,Inactive,Muscle_system/Lower_Limb_L/Common/Achilles_tendon_456calcaneal_tendon_triceps_surae_part789_L
Middle_meningeal_L,Inactive,Artery_system/Head_and_Neck/Middle_meningeal_L
Ulnar_collateral_ligament_pisiform_portion_456internal_lateral_ligament_ulnar_carpal_collateral_ligament789_R,Inactive,Ligament_system/Arm_R/Ulnar_collateral_ligament_pisiform_portion_456internal_lateral_ligament_ulnar_carpal_collateral_ligament789_R
CN_10_456X789_Vagus_L,Inactive,Nervous_system/Head_and_Neck/Repetition_with_Thorax/Common/CN_10_456X789_Vagus_L
Anterior_lateral_nucleus_of_the_leaf_R,Inactive,Nervous_system/Head_and_Neck/Common/brain/Anterior_lateral_nucleus_of_the_leaf_R
Deep_plantar_L,Inactive,Artery_system/Lower_Limb_L/Common/Deep_plantar_L
Internal_iliac_male_R_V,Inactive,Vein_system/Pelvis_and_Hip/Male/Internal_iliac_male_R_V
Ascending_colon,Inactive,Digestive_system/Abdomen/Ascending_colon
Male_skin_head_R,Inactive,Skin_system/Head_and_Neck/Male/Male_skin_head_R
Brachiocephalic_456innominate789_L,Inactive,Vein_system/Thorax/Brachiocephalic_456innominate789_L
Buccinator_node_of_the_facial_lymph_vessel_R,Inactive,Lymphatic_system/Head_and_Neck/Buccinator_node_of_the_facial_lymph_vessel_R
Anococcygeal_female_R,Inactive,Nervous_system/Pelvis_and_Hip/FemaUVWXYZle/Anococcygeal_female_R
Femoral_group_of_lymph_vessels_female_L,Inactive,Lymphatic_system/Lower_Limb_L/FeOPQRSTmale/Femoral_group_of_lymph_vessels_female_L
L04_Spinal_nerve_female_R,Inactive,Nervous_system/Pelvis_and_Hip/FemaUVWXYZle/L04_Spinal_nerve_female_R
C08_Dorsal_root_L,Inactive,Nervous_system/Head_and_Neck/Common/C08_Dorsal_root_L
C05_Vertebra,Inactive,Skeleton_system/Head_and_Neck/C05_Vertebra
Ovarian_venous_plexus_L,Inactive,Vein_system/Pelvis_and_Hip/Female/Ovarian_venous_plexus_L
Princeps_pollicis_R,Inactive,Artery_system/Arm_R/Princeps_pollicis_R
Obliterated_umbilical_vein_456in_ligamentum_teres789,Inactive,Digestive_system/Abdomen/Obliterated_umbilical_vein_456in_ligamentum_teres789
Inferior_tracheobronchial_lymph_nodes,Inactive,Lymphatic_system/Thorax/Common/Inferior_tracheobronchial_lymph_nodes
Superior_hypogastric_plexus_femaleABCDEFG,Inactive,Nervous_system/Pelvis_and_Hip/FemaUVWXYZle/Superior_hypogastric_plexus_femaleABCDEFG
group6,Inactive,Artery_system/Thorax/heart/group6
Dorsal_cuboideonavicular_ligament_R,Inactive,Ligament_system/Lower_Limb_R/Common/Dorsal_cuboideonavicular_ligament_R
Incisor_central_25_R,Inactive,Skeleton_system/Head_and_Neck/Incisor_central_25_R
Proper_hepatic_right_branch,Inactive,Artery_system/Abdomen/Common/Proper_hepatic_right_branch
Profunda_femoris_456deep_femoral_vein_accompanying_deep_artery_of_the_thigh789_male_R,Inactive,Vein_system/Lower_Limb_R/Male/Profunda_femoris_456deep_femoral_vein_accompanying_deep_artery_of_the_thigh789_male_R
Myocardium,Inactive,Artery_system/Thorax/heart/group3/Myocardium
Ureter_plexus_female_RABCDEFG,Inactive,Nervous_system/Pelvis_and_Hip/FemaUVWXYZle/Ureter_plexus_female_RABCDEFG
OPQRSTFemale,Active,Lymphatic_system/Pelvis_and_Hip/OPQRSTFemale
Medial_sural_cutaneous_L,Inactive,Nervous_system/Lower_Limb_L/Common/Medial_sural_cutaneous_L
Superficial_external_pudendal_456pudic789_male_R_A,Inactive,Artery_system/Pelvis_and_Hip/Male/Superficial_external_pudendal_456pudic789_male_R_A
Middle_sacral_lymph_nodes_female,Inactive,Lymphatic_system/Pelvis_and_Hip/OPQRSTFemale/Middle_sacral_lymph_nodes_female
Triquetral_triangular_L,Inactive,Skeleton_system/Arm_L/Triquetral_triangular_L
Common_carotid_L,Inactive,Artery_system/Head_and_Neck/Common_carotid_L
Obturator_male_R_A,Inactive,Artery_system/Pelvis_and_Hip/Male/Obturator_male_R_A
Premolar_bicuspid_second_04_R,Inactive,Skeleton_system/Head_and_Neck/Premolar_bicuspid_second_04_R
C07_Dorsal_ramus_L,Inactive,Nervous_system/Head_and_Neck/Common/C07_Dorsal_ramus_L
T08_VertebraABCDEFG,Inactive,Skeleton_system/Back/Common/T08_VertebraABCDEFG
Middle_rectal_female_R_V,Inactive,Vein_system/Pelvis_and_Hip/Female/Middle_rectal_female_R_V
Superior_pancreatic_lymph_nodes,Inactive,Lymphatic_system/Abdomen/Common/Superior_pancreatic_lymph_nodes
Eustachian_tube_L,Inactive,Respiratory_system/HABCDEFGead_and_Neck/Eustachian_tube_L
Oropharynx,Inactive,Digestive_system/Head_and_Neck/Repetition_with_Respiratory/Oropharynx
Pterygoid_plexus_R,Inactive,Vein_system/Head_and_Neck/Pterygoid_plexus_R
Inferior_hypophyseal_L,Inactive,Artery_system/Head_and_Neck/Inferior_hypophyseal_L
Nucleus_anterior_thalami_L,Inactive,Nervous_system/Head_and_Neck/Common/brain/Nucleus_anterior_thalami_L
T07_Dorsal_root_ganglion_R,Inactive,Nervous_system/Back/Common/T07_Dorsal_root_ganglion_R
Humerus_arm_brachium_L,Inactive,Skeleton_system/Arm_L/Humerus_arm_brachium_L
Uterine_R_V,Inactive,Vein_system/Pelvis_and_Hip/Female/Uterine_R_V
Ovary_anterior_half_L,Active,Reproductive_system/Pelvis_and_Hip/Female/Ovary_anterior_half_L
CN_10_456X789_Vagus_LABCDEFG,Inactive,Nervous_system/Thorax/Common/CN_10_456X789_Vagus_LABCDEFG
T08246T09_Intervertebral_disc,Inactive,Skeleton_system/Thorax/Repetition_with_Back/T08246T09_Intervertebral_disc
Anterior_tibial_recurrent_R_A,Inactive,Artery_system/Lower_Limb_R/Common/Anterior_tibial_recurrent_R_A
Posterior_inferior_cerebellar_R,Inactive,Artery_system/Head_and_Neck/Posterior_inferior_cerebellar_R
Left_gastric_A,Inactive,Artery_system/Abdomen/Common/Left_gastric_A
T03_Cutaneous_branches_lateral_L,Inactive,Nervous_system/Thorax/Common/T03_Cutaneous_branches_lateral_L
Proximal_perforating_branches_R_V,Inactive,Artery_system/Lower_Limb_R/Common/Proximal_perforating_branches_R_V
Ulnar_communicating_branch_L,Inactive,Nervous_system/Arm_L/Ulnar_communicating_branch_L
Mandible_mandibular_foramen_L,Inactive,Skeleton_system/Head_and_Neck/Mandible_mandibular_foramen_L
Fourth_rib_R,Inactive,Skeleton_system/Thorax/Fourth_rib_R
MaOPQRSTle,Inactive,Lymphatic_system/Lower_Limb_L/MaOPQRSTle
Pudendal_male_L,Inactive,Nervous_system/Pelvis_and_Hip/MaleUVWXYZ/Pudendal_male_L
Medial_456deltoid789_ligament_456tibiocalcaneal_part789_R,Inactive,Ligament_system/Lower_Limb_R/Common/Medial_456deltoid789_ligament_456tibiocalcaneal_part789_R
Transverse_cervical_R,Inactive,Nervous_system/Head_and_Neck/Common/Transverse_cervical_R
T07_Spinal_nerve_456ventral_ramus789_L,Inactive,Nervous_system/Thorax/Repetition_with_Abdomen/Common/T07_Spinal_nerve_456ventral_ramus789_L
ABCDEFG4th_Proximal_phalanx_foot_R,Inactive,Skeleton_system/Lower_Limb_R/Common/ABCDEFG4th_Proximal_phalanx_foot_R
Pyramids_R,Inactive,Urinary_system/Abdomen/Common/Pyramids_R
CN_11_456XI789_Accessory_L,Inactive,Nervous_system/Head_and_Neck/Common/CN_11_456XI789_Accessory_L
T04246T05_Intervertebral_disc,Inactive,Skeleton_system/Thorax/Repetition_with_Back/T04246T05_Intervertebral_disc
Palatopharyngeus_L,Inactive,Muscle_system/Head_and_Neck/Palatopharyngeus_L
T10_Dorsal_ramus_medial_branch_L,Inactive,Nervous_system/Back/Common/T10_Dorsal_ramus_medial_branch_L
Tibial_L,Inactive,Nervous_system/Lower_Limb_L/Common/Tibial_L
C03_Dorsal_ramus_lateral_branch_R,Inactive,Nervous_system/Head_and_Neck/Common/C03_Dorsal_ramus_lateral_branch_R
Appendix,Inactive,Digestive_system/Abdomen/Appendix
L05_Dorsal_ramus_female_L,Inactive,Nervous_system/Pelvis_and_Hip/FemaUVWXYZle/L05_Dorsal_ramus_female_L
Anterolateral_ligament_456ALL789_L,Inactive,Ligament_system/Lower_Limb_L/Common/Anterolateral_ligament_456ALL789_L
L04_Vertebra_female,Inactive,Skeleton_system/Back/FemORZale/L04_Vertebra_female
ABCDEFG3rd_Proximal_phalanx_foot_L,Inactive,Skeleton_system/Lower_Limb_L/Common/ABCDEFG3rd_Proximal_phalanx_foot_L
Brachiocephalic_lymph_nodes_L,Inactive,Lymphatic_system/Thorax/Common/Brachiocephalic_lymph_nodes_L
Basal_L,Inactive,Vein_system/Head_and_Neck/Basal_L
Supraspinous_ligament_sacral_region_male,Inactive,Ligament_system/Back/Repetition_with_PelvisHip/Male/Supraspinous_ligament_sacral_region_male
Jejunal_and_ileal_branches_A,Inactive,Artery_system/Abdomen/Common/Jejunal_and_ileal_branches_A
Rectus_abdominis_female_R,Active,Muscle_system/Abdomen/Female/Rectus_abdominis_female_R
Coracoclavicular_ligament_conoid_portion_L,Inactive,Ligament_system/Arm_L/Coracoclavicular_ligament_conoid_portion_L
Communicating_branches_R,Inactive,Nervous_system/Head_and_Neck/Common/Communicating_branches_R
Fibularis_peroneus_brevis_R,Inactive,Muscle_system/Lower_Limb_R/Common/Fibularis_peroneus_brevis_R
Adductor_longus_female_L,Inactive,Muscle_system/Lower_Limb_L/Female/Adductor_longus_female_L
Obturator_externus_female_L,Active,Muscle_system/Pelvis_and_Hip/Female/Obturator_externus_female_L
Psoas_minor_female_LABCDEFG,Active,Muscle_system/Pelvis_and_Hip/Female/Psoas_minor_female_LABCDEFG
Aorta_456base_of789,Inactive,Artery_system/Thorax/heart/Aorta_456base_of789
Ischiogluteal_bursa_male_L,Inactive,Muscle_system/Lower_Limb_L/Male/Ischiogluteal_bursa_male_L
C03_Dorsal_ramus_medial_branch_R,Inactive,Nervous_system/Head_and_Neck/Common/C03_Dorsal_ramus_medial_branch_R
Dura_mater_sacral_region_male,Inactive,Nervous_system/Back/Repetition_with_PelvisHip/MalUVWXYZe/Dura_mater_sacral_region_male
Uterine_vaginal_branch_L,Active,Artery_system/Pelvis_and_Hip/Female/Uterine_vaginal_branch_L
S04_Dorsal_root_ganglion_male_R,Inactive,Nervous_system/Pelvis_and_Hip/MaleUVWXYZ/S04_Dorsal_root_ganglion_male_R
Pelvic_splanchnic_nerves_male_LABCDEFG,Inactive,Nervous_system/Pelvis_and_Hip/MaleUVWXYZ/Pelvic_splanchnic_nerves_male_LABCDEFG
Common,Inactive,Nervous_system/Abdomen/Repetition_with_PelvisHip/Common
Superior_ophthalmic_R,Inactive,Vein_system/Head_and_Neck/Superior_ophthalmic_R
Superior_extensor_retinaculum_R,Inactive,Ligament_system/Lower_Limb_R/Common/Superior_extensor_retinaculum_R
Parieto246occipital_branch_R,Inactive,Artery_system/Head_and_Neck/Parieto246occipital_branch_R
CN_10_456X789_Inferior_ganglion_R,Inactive,Nervous_system/Head_and_Neck/Common/CN_10_456X789_Inferior_ganglion_R
L04_Dorsal_ramus_male_L,Inactive,Nervous_system/Pelvis_and_Hip/MaleUVWXYZ/L04_Dorsal_ramus_male_L
Anterior_deep_temporal_R,Inactive,Artery_system/Head_and_Neck/Anterior_deep_temporal_R
ABCDEFG4th_Distal_phalanx_hand_R,Inactive,Skeleton_system/Arm_R/ABCDEFG4th_Distal_phalanx_hand_R
ABCDEFG4th_Proximal_phalanx_hand_R,Inactive,Skeleton_system/Arm_R/ABCDEFG4th_Proximal_phalanx_hand_R
Suprascapular_L_V,Inactive,Vein_system/Back/Suprascapular_L_V
T12_456subcostal789_Cutaneous_branches_lateral_female_R,Inactive,Nervous_system/Pelvis_and_Hip/FemaUVWXYZle/T12_456subcostal789_Cutaneous_branches_lateral_female_R
Deltopectoral_456infraclavicular789_lymph_nodes_R,Inactive,Lymphatic_system/Thorax/Common/Deltopectoral_456infraclavicular789_lymph_nodes_R
Zygomatic_body_R,Inactive,Skeleton_system/Head_and_Neck/Zygomatic_body_R
Thyroid_gland,Inactive,Endocrine_system/Head_and_Neck/Thyroid_gland
Gastro246omental_lymph_vessel,Inactive,Lymphatic_system/Abdomen/Common/Gastro246omental_lymph_vessel
Transverse_cervical_R_A,Inactive,Artery_system/Thorax/Transverse_cervical_R_A
Repetition_with_PelvisHip,Inactive,Artery_system/Abdomen/Repetition_with_PelvisHip
L04_Dorsal_root_female_L,Inactive,Nervous_system/Pelvis_and_Hip/FemaUVWXYZle/L04_Dorsal_root_female_L
Inferior_gluteal_male_R_A,Inactive,Artery_system/Pelvis_and_Hip/Male/Inferior_gluteal_male_R_A
C04_Dorsal_ramus_R,Inactive,Nervous_system/Head_and_Neck/Common/C04_Dorsal_ramus_R
Nerve_to_the_subclavius_456C05357C06789_R,Inactive,Nervous_system/Thorax/Common/Nerve_to_the_subclavius_456C05357C06789_R
T01_Dorsal_root_R,Inactive,Nervous_system/Back/Common/T01_Dorsal_root_R
T02_Dorsal_ramus_L,Inactive,Nervous_system/Back/Common/T02_Dorsal_ramus_L
Lateral_femoral_cutaneous_female_R,Inactive,Nervous_system/Pelvis_and_Hip/FemaUVWXYZle/Lateral_femoral_cutaneous_female_R
Deltoid_anterior_head_L,Inactive,Muscle_system/Arm_L/Deltoid_anterior_head_L
Posterior_intercavernosus_sinus,Inactive,Vein_system/Head_and_Neck/Posterior_intercavernosus_sinus
CN_09_456IX789_Carotid_branch_R,Inactive,Nervous_system/Head_and_Neck/Common/CN_09_456IX789_Carotid_branch_R
Deep_plantar_metatarsal_L,Inactive,Vein_system/Lower_Limb_L/Common/Deep_plantar_metatarsal_L
Ulnar_group_of_lymph_vessels_R,Inactive,Lymphatic_system/Arm_R/Ulnar_group_of_lymph_vessels_R
Hyoglossus_L,Inactive,Muscle_system/Head_and_Neck/Hyoglossus_L
Male_skin_foot_R,Inactive,Skin_system/Lower_Limb_R/Male/Male_skin_foot_R
Superior_gluteal_male_L_A,Inactive,Artery_system/Pelvis_and_Hip/Male/Superior_gluteal_male_L_A
Lower_Limb_L,Inactive,Vein_system/Lower_Limb_L
T12_456subcostal789_Cutaneous_branches_lateral_male_R,Inactive,Nervous_system/Pelvis_and_Hip/MaleUVWXYZ/T12_456subcostal789_Cutaneous_branches_lateral_male_R
L02_Dorsal_root_R,Active,Nervous_system/Pelvis_and_Hip/Common/L02_Dorsal_root_R
Aortic_valve_left_semilunar_cusp,Inactive,Artery_system/Thorax/heart/group7/Aortic_valve_left_semilunar_cusp
Interpectoral_lymph_vessels_female_R,Inactive,Lymphatic_system/Thorax/FeHIJKmale/Interpectoral_lymph_vessels_female_R
L05_Spinal_nerve_male_L,Inactive,Nervous_system/Pelvis_and_Hip/MaleUVWXYZ/L05_Spinal_nerve_male_L
Preaortic_inferior_mesenteric_lymph_vessels,Inactive,Lymphatic_system/Abdomen/Common/Preaortic_inferior_mesenteric_lymph_vessels
Abdomen,Inactive,Nervous_system/Abdomen
L02_Dorsal_ramus_medial_branch_R,Active,Nervous_system/Pelvis_and_Hip/Common/L02_Dorsal_ramus_medial_branch_R
Sinoatrial_node,Inactive,Artery_system/Thorax/heart/group4/Sinoatrial_node
Callosomarginal_R,Inactive,Artery_system/Head_and_Neck/Callosomarginal_R
Repetition_with_Thorax,Inactive,Lymphatic_system/Head_and_Neck/Repetition_with_Thorax
Lateral_collateral_456fibular_collateral789_ligament_456LCL789_R,Inactive,Ligament_system/Lower_Limb_R/Common/Lateral_collateral_456fibular_collateral789_ligament_456LCL789_R
Perforating_branches_of_the_thigh_L,Inactive,Artery_system/Lower_Limb_L/Common/Perforating_branches_of_the_thigh_L
Vastus_medialis_R,Inactive,Muscle_system/Lower_Limb_R/Common/Vastus_medialis_R
Adductor_longus_male_R,Inactive,Muscle_system/Lower_Limb_R/Male/Adductor_longus_male_R
Dorsal_intercuneiform_ligaments_R,Inactive,Ligament_system/Lower_Limb_R/Common/Dorsal_intercuneiform_ligaments_R
Ileocolic_plexus,Inactive,Nervous_system/Abdomen/Common/Ileocolic_plexus
Sacrospinous_ligament_female_R,Inactive,Ligament_system/Pelvis_and_Hip/Female/Sacrospinous_ligament_female_R
Flexor_retinaculum_456wrist789_L,Inactive,Ligament_system/Arm_L/Flexor_retinaculum_456wrist789_L
Navicular_L,Inactive,Skeleton_system/Lower_Limb_L/Common/Navicular_L
Superior_gluteal_male_R,Inactive,Nervous_system/Pelvis_and_Hip/MaleUVWXYZ/Superior_gluteal_male_R
Testicular_plexus_L,Inactive,Nervous_system/Abdomen/Repetition_with_PelvisHip/MUVWXYZale/Testicular_plexus_L
Proximal_perforating_branches_L_V,Inactive,Vein_system/Lower_Limb_L/Common/Proximal_perforating_branches_L_V
Median_456middle789_sacral_female_A,Active,Artery_system/Pelvis_and_Hip/Female/Median_456middle789_sacral_female_A
ABCDEFG5th_lumbar_splanchnic_nerve_female_R,Inactive,Nervous_system/Pelvis_and_Hip/FemaUVWXYZle/ABCDEFG5th_lumbar_splanchnic_nerve_female_R
Ulnar_R_V,Inactive,Vein_system/Arm_R/Ulnar_R_V
Metatarsal_bursa_R,Inactive,Muscle_system/Lower_Limb_R/Common/Metatarsal_bursa_R
CN_06_456VI789_Abducens_456abducent789_L,Inactive,Nervous_system/Head_and_Neck/Common/CN_06_456VI789_Abducens_456abducent789_L
Transversus_thoracis_456innermost_intercostal789_L,Active,Muscle_system/Thorax/Transversus_thoracis_456innermost_intercostal789_L
Superior_cerebellar_R,Inactive,Artery_system/Head_and_Neck/Superior_cerebellar_R
ABCDEFG1st_Proximal_phalanx_hallux_L,Inactive,Skeleton_system/Lower_Limb_L/Common/ABCDEFG1st_Proximal_phalanx_hallux_L
Ventriculus_tertius_L,Inactive,Nervous_system/Head_and_Neck/Common/brain/Ventriculus_tertius_L
Transverse_ligament_456part_of_the_cruciform_ligament_of_the_atlas789,Inactive,Ligament_system/Head_and_Neck/Common/Transverse_ligament_456part_of_the_cruciform_ligament_of_the_atlas789
Umbilical_R,Inactive,Artery_system/Pelvis_and_Hip/Common/Umbilical_R
Soleus_456triceps_surae_part789_R,Inactive,Muscle_system/Lower_Limb_R/Common/Soleus_456triceps_surae_part789_R
Nucleus_supraopticus_R,Inactive,Nervous_system/Head_and_Neck/Common/brain/Nucleus_supraopticus_R
Caudate_nucleus_L,Inactive,Nervous_system/Head_and_Neck/Common/brain/Caudate_nucleus_L
S03_Spinal_nerve_male_R,Inactive,Nervous_system/Pelvis_and_Hip/MaleUVWXYZ/S03_Spinal_nerve_male_R
L01_Ventral_root_L,Inactive,Nervous_system/Back/Common/L01_Ventral_root_L
Dorsal_interosseous_4th_L,Inactive,Muscle_system/Arm_L/Dorsal_interosseous_4th_L
Jugulo246omohyoid_lymph_node_R,Inactive,Lymphatic_system/Head_and_Neck/Jugulo246omohyoid_lymph_node_R
Cerebral_cortex,Inactive,Nervous_system/Head_and_Neck/Common/brain/Cerebral_cortex
T12_456subcostal789_Dorsal_root_ganglion_R,Inactive,Nervous_system/Back/Common/T12_456subcostal789_Dorsal_root_ganglion_R
C06_Dorsal_ramus_medial_branch_R,Inactive,Nervous_system/Head_and_Neck/Common/C06_Dorsal_ramus_medial_branch_R
T10_Spinal_nerve_456ventral_ramus789_female_LABCDEFG,Inactive,Nervous_system/Abdomen/UVWXYZFemale/T10_Spinal_nerve_456ventral_ramus789_female_LABCDEFG
Pampiniform_plexus_R,Inactive,Vein_system/Pelvis_and_Hip/Male/Pampiniform_plexus_R
Short_gastric_V,Inactive,Vein_system/Abdomen/Common/Short_gastric_V
T09_Cutaneous_branches_anterior_L,Inactive,Nervous_system/Abdomen/Common/T09_Cutaneous_branches_anterior_L
T06_Cutaneous_branches_anterior_L,Inactive,Nervous_system/Abdomen/Common/T06_Cutaneous_branches_anterior_L
Thoracoacromial_acromial_branch_L,Inactive,Artery_system/Arm_L/Thoracoacromial_acromial_branch_L
Dorsal_venous_arch_perforating_branch_R,Inactive,Vein_system/Lower_Limb_R/Common/Dorsal_venous_arch_perforating_branch_R
Rotatores_thoracis_longi_R,Inactive,Muscle_system/Back/Common/Rotatores_thoracis_longi_R
Internal_iliac_posterior_trunk_female_L_V,Inactive,Vein_system/Pelvis_and_Hip/Female/Internal_iliac_posterior_trunk_female_L_V
Longus_colli_456superior_oblique789_L,Inactive,Muscle_system/Head_and_Neck/Longus_colli_456superior_oblique789_L
Cerebellum_L,Inactive,Nervous_system/Head_and_Neck/Common/brain/Cerebellum/Cerebellum_L
Nuchal_ligament,Inactive,Ligament_system/Head_and_Neck/Common/Nuchal_ligament
MaleDCBA,Inactive,Vein_system/Abdomen/Repetition_with_PelvisHip/MaleDCBA
C07_Ventral_root_L,Inactive,Nervous_system/Head_and_Neck/Common/C07_Ventral_root_L
Detrusor_muscle_L_half_female,Active,Reproductive_system/Pelvis_and_Hip/Female/Detrusor_muscle_L_half_female
Infraorbital_canal_and_foramen_R,Inactive,Skeleton_system/Head_and_Neck/Infraorbital_canal_and_foramen_R
Repetition_with_PelvisHip,Inactive,Nervous_system/Abdomen/Repetition_with_PelvisHip
Dorsal_nasal_R,Inactive,Artery_system/Head_and_Neck/Dorsal_nasal_R
Abductor_digiti_minimi_456foot789_R,Inactive,Muscle_system/Lower_Limb_R/Common/Abductor_digiti_minimi_456foot789_R
Subscapular_R_A,Inactive,Artery_system/Arm_R/Subscapular_R_A
Nasal_cavity,Inactive,Respiratory_system/HABCDEFGead_and_Neck/Nasal_cavity
L02_Dorsal_root_ganglion_R,Active,Nervous_system/Pelvis_and_Hip/Common/L02_Dorsal_root_ganglion_R
Inferior_gluteal_male_L_V,Inactive,Vein_system/Pelvis_and_Hip/Male/Inferior_gluteal_male_L_V
Coccygeal_body_female,Active,Artery_system/Pelvis_and_Hip/Female/Coccygeal_body_female
Ureter_female_R,Inactive,Urinary_system/Abdomen/Repetition_with_Pelvis_and_Hip_Reproductive/Female/Ureter_female_R
Ovarian_plexus_female_LABCDEFG,Inactive,Nervous_system/Pelvis_and_Hip/FemaUVWXYZle/Ovarian_plexus_female_LABCDEFG
Superficial_external_pudendal_456pudic789_male_L_V,Inactive,Vein_system/Pelvis_and_Hip/Male/Superficial_external_pudendal_456pudic789_male_L_V
S05_Dorsal_root_female_L,Inactive,Nervous_system/Pelvis_and_Hip/FemaUVWXYZle/S05_Dorsal_root_female_L
T11_Cutaneous_branches_lateral_LABCDEFG,Inactive,Nervous_system/Abdomen/Common/T11_Cutaneous_branches_lateral_LABCDEFG
Superficial_fibular_456peroneal789_intermediate_dorsal_cutaneous_branch_L,Inactive,Nervous_system/Lower_Limb_L/Common/Superficial_fibular_456peroneal789_intermediate_dorsal_cutaneous_branch_L
Inferior_rectal_male_L_V,Inactive,Vein_system/Pelvis_and_Hip/Male/Inferior_rectal_male_L_V
Parotid246auricular_lymph_vessel_L,Inactive,Lymphatic_system/Head_and_Neck/Parotid246auricular_lymph_vessel_L
T06246T07_Intervertebral_discABCDEFG,Inactive,Skeleton_system/Back/Common/T06246T07_Intervertebral_discABCDEFG
Trapezium_R,Inactive,Skeleton_system/Arm_R/Trapezium_R
Inferior_thyroid_R,Inactive,Artery_system/Head_and_Neck/Inferior_thyroid_R
Molar_third_wisdom_32_R,Inactive,Skeleton_system/Head_and_Neck/Molar_third_wisdom_32_R
Nasolabial_node_of_the_facial_lymph_vessel_R,Inactive,Lymphatic_system/Head_and_Neck/Nasolabial_node_of_the_facial_lymph_vessel_R
MaleABCDEFG,Inactive,Nervous_system/Thorax/Repetition_with_Abdomen/MaleABCDEFG
Pubourethral_ligament_female,Inactive,Ligament_system/Pelvis_and_Hip/Female/Pubourethral_ligament_female
Facial_L_A,Inactive,Artery_system/Head_and_Neck/Facial_L_A
C07_Spinal_nerve_456ventral_ramus789_L,Inactive,Nervous_system/Head_and_Neck/Common/C07_Spinal_nerve_456ventral_ramus789_L
Common_carotid_R,Inactive,Artery_system/Head_and_Neck/Common_carotid_R
Risorius_R,Inactive,Muscle_system/Head_and_Neck/Risorius_R
Intermediate_cuneiform_R,Inactive,Skeleton_system/Lower_Limb_R/Common/Intermediate_cuneiform_R
Palmar_radiocarpal_ligament_radiotriquetral_part_L,Inactive,Ligament_system/Arm_L/Palmar_radiocarpal_ligament_radiotriquetral_part_L
Common,Inactive,Ligament_system/Thorax/Repetition_with_Back/Common
Splenius_capitis_R,Inactive,Muscle_system/Back/Common/Splenius_capitis_R
Plantaris_R,Inactive,Muscle_system/Lower_Limb_R/Common/Plantaris_R
Incisor_lateral_26_R,Inactive,Skeleton_system/Head_and_Neck/Incisor_lateral_26_R
Subcutaneous_calcaneal_456of_medial_malleolus789_bursa_L,Inactive,Muscle_system/Lower_Limb_L/Common/Subcutaneous_calcaneal_456of_medial_malleolus789_bursa_L
Talus_R,Inactive,Skeleton_system/Lower_Limb_R/Common/Talus_R
Middle_temporal_gyrus_R,Inactive,Nervous_system/Head_and_Neck/Common/brain/Cerebral_cortex/Right_cerebral_cortex/Right_temporal_lobe/Middle_temporal_gyrus_R
Repetition_with_Thorax,Inactive,Digestive_system/Head_and_Neck/Repetition_with_Thorax
Cubital_lymph_nodes_L,Inactive,Lymphatic_system/Arm_L/Cubital_lymph_nodes_L
Corniculate_cartilage_L,Inactive,Ligament_system/Head_and_Neck/Common/Corniculate_cartilage_L
Internal_iliac_anterior_trunk_female_R_V,Inactive,Vein_system/Pelvis_and_Hip/Female/Internal_iliac_anterior_trunk_female_R_V
Female_skin_neck_R,Active,Skin_system/Head_and_Neck/Female/Female_skin_neck_R
C04_Dorsal_root_ganglion_R,Inactive,Nervous_system/Head_and_Neck/Common/C04_Dorsal_root_ganglion_R
T05_Dorsal_root_ganglion_R,Inactive,Nervous_system/Back/Common/T05_Dorsal_root_ganglion_R
UVWXYZMale,Inactive,Nervous_system/Abdomen/UVWXYZMale
Medial_plantar_superficial_branch_L,Inactive,Artery_system/Lower_Limb_L/Common/Medial_plantar_superficial_branch_L
ABCDEFG3rd_Distal_phalanx_hand_R,Inactive,Skeleton_system/Arm_R/ABCDEFG3rd_Distal_phalanx_hand_R
Psoas_major_male_RABCDEFG,Inactive,Muscle_system/Pelvis_and_Hip/Male/Psoas_major_male_RABCDEFG
Atrioventricular_bundle_456bundle_of_His789,Inactive,Artery_system/Thorax/heart/group4/Atrioventricular_bundle_456bundle_of_His789
Transverse_humeral_ligament_R,Inactive,Ligament_system/Arm_R/Transverse_humeral_ligament_R
Articularis_genu_L,Inactive,Muscle_system/Lower_Limb_L/Common/Articularis_genu_L
Gonadal_456testicular_internal_spermatic789_female_R_VABCDEFG,Inactive,Vein_system/Pelvis_and_Hip/Female/Gonadal_456testicular_internal_spermatic789_female_R_VABCDEFG
Inferior_phrenic_L_A,Inactive,Artery_system/Abdomen/Common/Inferior_phrenic_L_A
Inferior_epigastric_female_R_A,Inactive,Artery_system/Abdomen/Female/Inferior_epigastric_female_R_A
Dorsal_digital_L_V,Inactive,Vein_system/Arm_L/Dorsal_digital_L_V
L02_Dorsal_ramus_medial_branch_L,Active,Nervous_system/Pelvis_and_Hip/Common/L02_Dorsal_ramus_medial_branch_L
Common,Inactive,Nervous_system/Lower_Limb_R/Common
Deep_circumflex_iliac_female_L,Inactive,Vein_system/Pelvis_and_Hip/Female/Deep_circumflex_iliac_female_L
Carpometacarpal_articular_capsule_of_pollex_L,Inactive,Ligament_system/Arm_L/Carpometacarpal_articular_capsule_of_pollex_L
ABCDEFG4th_Middle_phalanx_foot_R,Inactive,Skeleton_system/Lower_Limb_R/Common/ABCDEFG4th_Middle_phalanx_foot_R
Dorsal_metatarsal_L,Inactive,Artery_system/Lower_Limb_L/Common/Dorsal_metatarsal_L
T09_Dorsal_root_ganglion_L,Inactive,Nervous_system/Back/Common/T09_Dorsal_root_ganglion_L
Metacarpophalangeal_articular_capsules_R,Inactive,Ligament_system/Arm_R/Metacarpophalangeal_articular_capsules_R
T12_456subcostal789_Cutaneous_branches_anterior_male_R,Inactive,Nervous_system/Abdomen/Repetition_with_PelvisHip/MUVWXYZale/T12_456subcostal789_Cutaneous_branches_anterior_male_R
Superior_anastomotic_vein_456of_Trolar789_R,Inactive,Vein_system/Head_and_Neck/Superior_anastomotic_vein_456of_Trolar789_R
C02_Dorsal_root_L,Inactive,Nervous_system/Head_and_Neck/Common/C02_Dorsal_root_L
Mitral_456bicuspid789_valve_posterior_commissure,Inactive,Artery_system/Thorax/heart/group5/Mitral_456bicuspid789_valve_posterior_commissure
Plantar_digital_L,Inactive,Vein_system/Lower_Limb_L/Common/Plantar_digital_L
Promontory_lymph_node_female,Inactive,Lymphatic_system/Pelvis_and_Hip/OPQRSTFemale/Promontory_lymph_node_female
L04_Ventral_root_female_L,Inactive,Nervous_system/Pelvis_and_Hip/FemaUVWXYZle/L04_Ventral_root_female_L
Internal_iliac_posterior_trunk_male_L_A,Inactive,Artery_system/Pelvis_and_Hip/Male/Internal_iliac_posterior_trunk_male_L_A
Ansa_subclavia_L,Inactive,Nervous_system/Head_and_Neck/Common/Ansa_subclavia_L
Nuclei_medialis_thalami_L,Inactive,Nervous_system/Head_and_Neck/Common/brain/Nuclei_medialis_thalami_L
Artery_to_tail_of_pancreas,Inactive,Artery_system/Abdomen/Common/Artery_to_tail_of_pancreas
Intermesenteric_456aortic789_plexus,Inactive,Nervous_system/Abdomen/Common/Intermesenteric_456aortic789_plexus
C03_Contribution_to_ansa_cervicalis_L,Inactive,Nervous_system/Head_and_Neck/Common/C03_Contribution_to_ansa_cervicalis_L
Abductor_digiti_minimi_456hand789_L,Inactive,Muscle_system/Arm_L/Abductor_digiti_minimi_456hand789_L
Superior_thyroid_lymph_nodes_L,Inactive,Lymphatic_system/Head_and_Neck/Superior_thyroid_lymph_nodes_L
T12_456subcostal789_Dorsal_root_L,Inactive,Nervous_system/Back/Common/T12_456subcostal789_Dorsal_root_L
Deep_external_pudendal_456pudic789_male_L_V,Inactive,Vein_system/Pelvis_and_Hip/Male/Deep_external_pudendal_456pudic789_male_L_V
Female_skin_head_R,Active,Skin_system/Head_and_Neck/Female/Female_skin_head_R
Semispinalis_thoracis_L,Inactive,Muscle_system/Back/Common/Semispinalis_thoracis_L
T04_Ventral_root_R,Inactive,Nervous_system/Back/Common/T04_Ventral_root_R
Grey_rami_communicantes_thoracic_region_female_L,Inactive,Nervous_system/Thorax/FemABCDEFGale/Grey_rami_communicantes_thoracic_region_female_L
T06_Cutaneous_branches_lateral_LABCDEFG,Inactive,Nervous_system/Abdomen/Common/T06_Cutaneous_branches_lateral_LABCDEFG
Lesser_splanchnic_nerves_L,Inactive,Nervous_system/Thorax/Repetition_with_Abdomen/Common/Lesser_splanchnic_nerves_L
S05_Spinal_nerve_contribution_to_coccygeal_plexus_male_L,Inactive,Nervous_system/Pelvis_and_Hip/MaleUVWXYZ/S05_Spinal_nerve_contribution_to_coccygeal_plexus_male_L
Superior_rectal_A,Inactive,Artery_system/Pelvis_and_Hip/Common/Superior_rectal_A
T02_Spinal_nerve_456ventral_ramus789_R,Inactive,Nervous_system/Thorax/Common/T02_Spinal_nerve_456ventral_ramus789_R
Anterior_inferior_cerebellar_R,Inactive,Artery_system/Head_and_Neck/Anterior_inferior_cerebellar_R
Radial_collateral_L,Inactive,Artery_system/Arm_L/Radial_collateral_L
Iliolumbar_male_L_V,Inactive,Vein_system/Pelvis_and_Hip/Male/Iliolumbar_male_L_V
C08_Dorsal_ramus_L,Inactive,Nervous_system/Head_and_Neck/Common/C08_Dorsal_ramus_L
Superior_clunial_456cluneal789_female_L,Inactive,Nervous_system/Pelvis_and_Hip/FemaUVWXYZle/Superior_clunial_456cluneal789_female_L
Sigmoid_A,Inactive,Artery_system/Abdomen/Common/Sigmoid_A
Pubocervical_fascia_female_R,Inactive,Ligament_system/Pelvis_and_Hip/Female/Pubocervical_fascia_female_R
Presymphyseal_lymph_node,Inactive,Lymphatic_system/Pelvis_and_Hip/Common/Presymphyseal_lymph_node
Anterior_part_of_right_superior_temporal_gyrus,Inactive,Nervous_system/Head_and_Neck/Common/brain/Cerebral_cortex/Right_cerebral_cortex/Right_temporal_lobe/Anterior_part_of_right_superior_temporal_gyrus
Common,Inactive,Nervous_system/Head_and_Neck/Common
Retropharyngeal_lymph_nodes_R,Inactive,Lymphatic_system/Head_and_Neck/Retropharyngeal_lymph_nodes_R
Ovarian_venous_plexus_R,Inactive,Vein_system/Pelvis_and_Hip/Female/Ovarian_venous_plexus_R
Arytenoid_cartilage_L,Inactive,Ligament_system/Head_and_Neck/Common/Arytenoid_cartilage_L
Male,Inactive,Skin_system/Arm_L/Male
Vastus_lateralis_L,Inactive,Muscle_system/Lower_Limb_L/Common/Vastus_lateralis_L
Breast_R,Active,Reproductive_system/Thorax/Breast_R
CN_10_456X789_Inferior_cervical_456vagal789_cardiac_branch_L,Inactive,Nervous_system/Thorax/Common/CN_10_456X789_Inferior_cervical_456vagal789_cardiac_branch_L
Adductor_hallucis_456transverse_head789_R,Inactive,Muscle_system/Lower_Limb_R/Common/Adductor_hallucis_456transverse_head789_R
Bronchomediastinal_trunk_L,Inactive,Lymphatic_system/Thorax/Common/Bronchomediastinal_trunk_L
Prostatic_capsule_R,Inactive,Reproductive_system/Pelvis_and_Hip/Male/Prostatic_capsule_R
Superficial_temporal_frontal_branch_R_V,Inactive,Vein_system/Head_and_Neck/Superficial_temporal_frontal_branch_R_V
Female_skin_foot_L,Active,Skin_system/Lower_Limb_L/Female/Female_skin_foot_L
Suprarenal_plexus_L,Inactive,Nervous_system/Abdomen/Common/Suprarenal_plexus_L
Salivary_456submandibular_submaxillary789_gland_R,Inactive,Digestive_system/Head_and_Neck/Salivary_456submandibular_submaxillary789_gland_R
Superior_mesenteric_lymph_vessels,Inactive,Lymphatic_system/Abdomen/Common/Superior_mesenteric_lymph_vessels
Thorax,Inactive,Lymphatic_system/Thorax
L05_Dorsal_root_ganglion_male_L,Inactive,Nervous_system/Pelvis_and_Hip/MaleUVWXYZ/L05_Dorsal_root_ganglion_male_L
S04_Spinal_nerve_female_R,Inactive,Nervous_system/Pelvis_and_Hip/FemaUVWXYZle/S04_Spinal_nerve_female_R
Fornix_R,Inactive,Nervous_system/Head_and_Neck/Common/brain/Fornix_R
Radial_superficial_branch_L,Inactive,Nervous_system/Arm_L/Radial_superficial_branch_L
Posterior_interosseous_R,Inactive,Nervous_system/Arm_R/Posterior_interosseous_R
Ischiofemoral_ligament_male_R,Inactive,Ligament_system/Lower_Limb_R/Male/Ischiofemoral_ligament_male_R
T11_Dorsal_ramus_lateral_branch_R,Inactive,Nervous_system/Back/Common/T11_Dorsal_ramus_lateral_branch_R
Middle_cerebral_R,Inactive,Artery_system/Head_and_Neck/Middle_cerebral_R
Superior_gluteal_female_L,Inactive,Nervous_system/Pelvis_and_Hip/FemaUVWXYZle/Superior_gluteal_female_L
Calcaneal_branches_L_V,Inactive,Vein_system/Lower_Limb_L/Common/Calcaneal_branches_L_V
Lunate_R,Inactive,Skeleton_system/Arm_R/Lunate_R
Upper_subscapular_456C05246C06789_L,Inactive,Nervous_system/Back/Common/Upper_subscapular_456C05246C06789_L
T10246T11_Intervertebral_disc,Inactive,Skeleton_system/Thorax/Repetition_with_Back/T10246T11_Intervertebral_disc
Inferior_gluteal_male_L,Inactive,Nervous_system/Pelvis_and_Hip/MaleUVWXYZ/Inferior_gluteal_male_L
ABCDEFG2nd_Distal_phalanx_foot_L,Inactive,Skeleton_system/Lower_Limb_L/Common/ABCDEFG2nd_Distal_phalanx_foot_L
UVWXYZFemale,Inactive,Nervous_system/Abdomen/UVWXYZFemale
Repetition_with_PelvisHip,Inactive,Ligament_system/Back/Repetition_with_PelvisHip
Superior_lobar_bronchus_L,Inactive,Respiratory_system/TABCDEFGhorax/Superior_lobar_bronchus_L
T07_Dorsal_root_R,Inactive,Nervous_system/Back/Common/T07_Dorsal_root_R
Radial_dorsal_carpal_branch_R,Inactive,Artery_system/Arm_R/Radial_dorsal_carpal_branch_R
Eustachian_tube_R,Inactive,Respiratory_system/HABCDEFGead_and_Neck/Eustachian_tube_R
T08_Dorsal_ramus_R,Inactive,Nervous_system/Back/Common/T08_Dorsal_ramus_R
Hepatic_vein_L,Inactive,Vein_system/Abdomen/Common/Hepatic_vein_L
Female,Active,Skin_system/Pelvis_and_Hip/Female
Ischiogluteal_bursa_male_R,Inactive,Muscle_system/Lower_Limb_R/Male/Ischiogluteal_bursa_male_R
L05_Dorsal_ramus_male_R,Inactive,Nervous_system/Pelvis_and_Hip/MaleUVWXYZ/L05_Dorsal_ramus_male_R
Branches_of_submandibular_lymph_vessel_L,Inactive,Lymphatic_system/Head_and_Neck/Branches_of_submandibular_lymph_vessel_L
Back,Active,Skin_system/Back
Deep_plantar_venous_arch_L,Inactive,Vein_system/Lower_Limb_L/Common/Deep_plantar_venous_arch_L
T07_Cutaneous_branches_lateral_R,Inactive,Nervous_system/Thorax/Repetition_with_Abdomen/Common/T07_Cutaneous_branches_lateral_R
Lumbar_trunk_female_RABCDEFG,Inactive,Lymphatic_system/Pelvis_and_Hip/OPQRSTFemale/Lumbar_trunk_female_RABCDEFG
Male,Inactive,Skin_system/Head_and_Neck/Male
Inferior_peroneal_retinaculum_R,Inactive,Ligament_system/Lower_Limb_R/Common/Inferior_peroneal_retinaculum_R
Plantar_interossei_L,Inactive,Muscle_system/Lower_Limb_L/Common/Plantar_interossei_L
Coronary_trunk_L,Inactive,Lymphatic_system/Thorax/Common/Coronary_trunk_L
Ansa_cervicalis_branch_to_omohyoid_L,Inactive,Nervous_system/Head_and_Neck/Common/Ansa_cervicalis_branch_to_omohyoid_L
L04_Dorsal_ramus_lateral_branch_male_L,Inactive,Nervous_system/Pelvis_and_Hip/MaleUVWXYZ/L04_Dorsal_ramus_lateral_branch_male_L
Papillary_muscle_anterior_L,Inactive,Artery_system/Thorax/heart/group10/Papillary_muscle_anterior_L
Dorsal_penile_nerve_branch_of_pudendal_male_L,Inactive,Nervous_system/Pelvis_and_Hip/MaleUVWXYZ/Dorsal_penile_nerve_branch_of_pudendal_male_L
Occipital_lobe_L,Inactive,Nervous_system/Head_and_Neck/Common/brain/Cerebral_cortex/Occipital_lobe_L
Superior_vesical_male_L_V,Inactive,Vein_system/Pelvis_and_Hip/Male/Superior_vesical_male_L_V
Ilioinguinal_female_R,Inactive,Nervous_system/Pelvis_and_Hip/FemaUVWXYZle/Ilioinguinal_female_R
Anterior_auricular_R_V,Inactive,Vein_system/Head_and_Neck/Anterior_auricular_R_V
Pudendal_female_R,Inactive,Nervous_system/Pelvis_and_Hip/FemaUVWXYZle/Pudendal_female_R
Internal_carotid_petrous_part_L,Inactive,Artery_system/Head_and_Neck/Internal_carotid_petrous_part_L
Dorsal_artery_of_the_penis_L,Inactive,Artery_system/Pelvis_and_Hip/Male/Dorsal_artery_of_the_penis_L
Interphalangeal_456proximal789_articular_capsules_of_the_hand_456PIP_joints789_R,Inactive,Ligament_system/Arm_R/Interphalangeal_456proximal789_articular_capsules_of_the_hand_456PIP_joints789_R
Dorsal_scapular_456transverse_scapular_deep_branch789_L,Inactive,Artery_system/Back/Dorsal_scapular_456transverse_scapular_deep_branch789_L
Musculus_uvulae,Inactive,Muscle_system/Head_and_Neck/Musculus_uvulae
Dorsal_digital_456radial789_R,Inactive,Nervous_system/Arm_R/Dorsal_digital_456radial789_R
Interphalangeal_456proximal789_ligaments_of_the_foot_456PIP_joints789_L,Inactive,Ligament_system/Lower_Limb_L/Common/Interphalangeal_456proximal789_ligaments_of_the_foot_456PIP_joints789_L
Male_skin_head_L,Inactive,Skin_system/Head_and_Neck/Male/Male_skin_head_L
Superficial_epigastric_female_R_AABCDEFG,Active,Artery_system/Pelvis_and_Hip/Female/Superficial_epigastric_female_R_AABCDEFG
Inguinal_ligament_female_R,Inactive,Ligament_system/Pelvis_and_Hip/Female/Inguinal_ligament_female_R
Inferior_cervical_456sympathetic789_cardiac_nerve_L,Inactive,Nervous_system/Head_and_Neck/Common/Inferior_cervical_456sympathetic789_cardiac_nerve_L
Radiate_carpal_ligament_scapholunate_R,Inactive,Ligament_system/Arm_R/Radiate_carpal_ligament_scapholunate_R
MABCDEFGale,Inactive,Nervous_system/Head_and_Neck/MABCDEFGale
T11_Dorsal_ramus_R,Inactive,Nervous_system/Back/Common/T11_Dorsal_ramus_R
Dorsal_venous_arch_perforating_branch_L,Inactive,Vein_system/Lower_Limb_L/Common/Dorsal_venous_arch_perforating_branch_L
Tendinous_arch_female_R,Inactive,Ligament_system/Pelvis_and_Hip/Female/Tendinous_arch_female_R
ABCDEFG2nd_Distal_phalanx_hand_R,Inactive,Skeleton_system/Arm_R/ABCDEFG2nd_Distal_phalanx_hand_R
Lingual_L_A,Inactive,Artery_system/Head_and_Neck/Lingual_L_A
Superior_lateral_palpebral_L_A,Inactive,Artery_system/Head_and_Neck/Superior_lateral_palpebral_L_A
Tertiary_456segmental789_bronchus_456I789_L,Inactive,Respiratory_system/TABCDEFGhorax/Tertiary_456segmental789_bronchus_456I789_L
T12_Dorsal_ramus_lateral_branch_L,Inactive,Nervous_system/Back/Common/T12_Dorsal_ramus_lateral_branch_L
Umbilical_L,Inactive,Artery_system/Pelvis_and_Hip/Common/Umbilical_L
Ansa_subclavia_R,Inactive,Nervous_system/Head_and_Neck/Common/Ansa_subclavia_R
ABCDEFG5th_Metatarsal_L,Inactive,Skeleton_system/Lower_Limb_L/Common/ABCDEFG5th_Metatarsal_L
Superior_vesical_male_R_A,Inactive,Artery_system/Pelvis_and_Hip/Male/Superior_vesical_male_R_A
Bicipital_aponeurosis_R,Inactive,Muscle_system/Arm_R/Bicipital_aponeurosis_R
Superficial_cervical_456transverse_cervical_superficial_branch789_L,Inactive,Artery_system/Head_and_Neck/Superficial_cervical_456transverse_cervical_superficial_branch789_L
S05_Spinal_nerve_contribution_to_coccygeal_plexus_female_R,Inactive,Nervous_system/Pelvis_and_Hip/FemaUVWXYZle/S05_Spinal_nerve_contribution_to_coccygeal_plexus_female_R
Supinator_R,Inactive,Muscle_system/Arm_R/Supinator_R
Medial_456deltoid789_ligament_456anterior_tibiotalar_part789_R,Inactive,Ligament_system/Lower_Limb_R/Common/Medial_456deltoid789_ligament_456anterior_tibiotalar_part789_R
White_rami_communicantes_R,Active,Nervous_system/Pelvis_and_Hip/Common/White_rami_communicantes_R
Artery_of_precentral_sulcus_R,Inactive,Artery_system/Head_and_Neck/Artery_of_precentral_sulcus_R
Femoral_male_L,Inactive,Nervous_system/Pelvis_and_Hip/Repetition_with_LLL/MHIJKale/Femoral_male_L
Medial_collateral_456tibial_collateral789_ligament_456MCL789_L,Inactive,Ligament_system/Lower_Limb_L/Common/Medial_collateral_456tibial_collateral789_ligament_456MCL789_L
Masseter_deep_L,Inactive,Muscle_system/Head_and_Neck/Masseter_deep_L
C03_Dorsal_root_ganglion_L,Inactive,Nervous_system/Head_and_Neck/Common/C03_Dorsal_root_ganglion_L
Oblique_cord_456elbow789_L,Inactive,Ligament_system/Arm_L/Oblique_cord_456elbow789_L
Medial_plantar_R_V,Inactive,Vein_system/Lower_Limb_R/Common/Medial_plantar_R_V
Temporal_fascia_L,Inactive,Muscle_system/Head_and_Neck/Temporal_fascia_L
Corpus_callosum_L,Inactive,Nervous_system/Head_and_Neck/Common/brain/Corpus_callosum_L
group7,Inactive,Artery_system/Thorax/heart/group7
Prerectal_fibers_456part_of_levator_ani789_female_R,Active,Muscle_system/Pelvis_and_Hip/Female/Prerectal_fibers_456part_of_levator_ani789_female_R
Jugulodigastric_lymph_node_R,Inactive,Lymphatic_system/Head_and_Neck/Jugulodigastric_lymph_node_R
L05_Dorsal_root_male_R,Inactive,Nervous_system/Pelvis_and_Hip/MaleUVWXYZ/L05_Dorsal_root_male_R
Superficial_parotid_lymph_nodes_R,Inactive,Lymphatic_system/Head_and_Neck/Superficial_parotid_lymph_nodes_R
Tibialis_posterior_R,Inactive,Muscle_system/Lower_Limb_R/Common/Tibialis_posterior_R
Teres_minor_R,Inactive,Muscle_system/Arm_R/Teres_minor_R
T08_Cutaneous_branches_lateral_L,Inactive,Nervous_system/Thorax/Repetition_with_Abdomen/Common/T08_Cutaneous_branches_lateral_L
Right_ventricle,Inactive,Artery_system/Thorax/heart/group3/Right_ventricle
Median_medial_root_L,Inactive,Nervous_system/Thorax/Common/Median_medial_root_L
L02_Vertebra,Inactive,Skeleton_system/Back/Common/L02_Vertebra
First_intercostal_L,Inactive,Artery_system/Thorax/First_intercostal_L
Lateral_456collateral789_ligament_456anterior_talofibular_part789_L,Inactive,Ligament_system/Lower_Limb_L/Common/Lateral_456collateral789_ligament_456anterior_talofibular_part789_L
OropharynxABCDEFG,Inactive,Respiratory_system/HABCDEFGead_and_Neck/OropharynxABCDEFG
L03_Dorsal_ramus_medial_branch_R,Active,Nervous_system/Pelvis_and_Hip/Common/L03_Dorsal_ramus_medial_branch_R
Foramen_lacerum_sphenoidal_surface_L,Inactive,Skeleton_system/Head_and_Neck/Foramen_lacerum_sphenoidal_surface_L
Gastroepiploic_456gastro246omental789_R_A,Inactive,Artery_system/Abdomen/Common/Gastroepiploic_456gastro246omental789_R_A
Genitofemoral_R,Active,Nervous_system/Pelvis_and_Hip/Common/Genitofemoral_R
C06_Dorsal_root_L,Inactive,Nervous_system/Head_and_Neck/Common/C06_Dorsal_root_L
Nasopharynx,Inactive,Respiratory_system/HABCDEFGead_and_Neck/Nasopharynx
S03_Ventral_root_male_R,Inactive,Nervous_system/Pelvis_and_Hip/MaleUVWXYZ/S03_Ventral_root_male_R
Longissimus_thoracis_female_R,Inactive,Muscle_system/Back/Female/Longissimus_thoracis_female_R
Sartorius_female_L,Inactive,Muscle_system/Lower_Limb_L/Female/Sartorius_female_L
FOPQRSTemale,Inactive,Lymphatic_system/Lower_Limb_R/FOPQRSTemale
ABCDEFG3rd_Proximal_phalanx_foot_R,Inactive,Skeleton_system/Lower_Limb_R/Common/ABCDEFG3rd_Proximal_phalanx_foot_R
Maxilla_hard_palate_R,Inactive,Skeleton_system/Head_and_Neck/Maxilla_hard_palate_R
Supraclavicular_lymph_nodes_R,Inactive,Lymphatic_system/Thorax/Common/Supraclavicular_lymph_nodes_R
Mandible_body,Inactive,Skeleton_system/Head_and_Neck/Mandible_body
Male_skin_shoulder_and_arm_R,Inactive,Skin_system/Arm_R/MaIe/Male_skin_shoulder_and_arm_R
Superior_oblique_R,Inactive,Muscle_system/Head_and_Neck/Superior_oblique_R
Zygomatic_zygomatic_orbital_foramen_L,Inactive,Skeleton_system/Head_and_Neck/Zygomatic_zygomatic_orbital_foramen_L
T11_Cutaneous_branches_lateral_RABCDEFG,Inactive,Nervous_system/Abdomen/Common/T11_Cutaneous_branches_lateral_RABCDEFG
Nerve_to_levator_ani_male_L,Inactive,Nervous_system/Pelvis_and_Hip/MaleUVWXYZ/Nerve_to_levator_ani_male_L
Middle_trunk_456C07789_R,Inactive,Nervous_system/Head_and_Neck/Common/Middle_trunk_456C07789_R
Inferior_rectus_R,Inactive,Muscle_system/Head_and_Neck/Inferior_rectus_R
Common_iliac_male_R_V,Inactive,Vein_system/Pelvis_and_Hip/Male/Common_iliac_male_R_V
Deep_external_pudendal_456pudic789_male_L_A,Inactive,Artery_system/Lower_Limb_L/Male/Deep_external_pudendal_456pudic789_male_L_A
Articular_capsule_L,Inactive,Ligament_system/Arm_L/Articular_capsule_L
ABCDEFG3rd_lumbar_splanchnic_R,Inactive,Nervous_system/Abdomen/Common/ABCDEFG3rd_lumbar_splanchnic_R
T05246T06_Intervertebral_disc,Inactive,Skeleton_system/Thorax/Repetition_with_Back/T05246T06_Intervertebral_disc
Lateral_inferior_genicular_R_V,Inactive,Vein_system/Lower_Limb_R/Common/Lateral_inferior_genicular_R_V
Flexor_digitorum_superficialis_R,Inactive,Muscle_system/Arm_R/Flexor_digitorum_superficialis_R
MaIe,Active,Skin_system/Arm_R/MaIe
Posterior_fascicle,Inactive,Artery_system/Thorax/heart/group4/Posterior_fascicle
S01_Ventral_root_female_L,Inactive,Nervous_system/Pelvis_and_Hip/FemaUVWXYZle/S01_Ventral_root_female_L
Facial_lymph_vessel_R,Inactive,Lymphatic_system/Head_and_Neck/Facial_lymph_vessel_R
Posterior_interosseous_L,Inactive,Nervous_system/Arm_L/Posterior_interosseous_L
Submental_lymph_nodes_L,Inactive,Lymphatic_system/Head_and_Neck/Submental_lymph_nodes_L
Ureter_plexus_male_LABCDEFG,Inactive,Nervous_system/Pelvis_and_Hip/MaleUVWXYZ/Ureter_plexus_male_LABCDEFG
Central_tendon_of_urogenital_diaphragm,Active,Muscle_system/Pelvis_and_Hip/Common/Central_tendon_of_urogenital_diaphragm
Internal_iliac_male_R_A,Inactive,Artery_system/Pelvis_and_Hip/Male/Internal_iliac_male_R_A
Middle_cervical_456sympathetic789_cardiac_nerve_R,Inactive,Nervous_system/Head_and_Neck/Repetition_with_Thorax/Common/Middle_cervical_456sympathetic789_cardiac_nerve_R
Dorsalis_pedis_L_V,Inactive,Vein_system/Lower_Limb_L/Common/Dorsalis_pedis_L_V
S02_Dorsal_root_ganglion_male_L,Inactive,Nervous_system/Pelvis_and_Hip/MaleUVWXYZ/S02_Dorsal_root_ganglion_male_L
Pancreatic_branches,Inactive,Vein_system/Abdomen/Common/Pancreatic_branches
T07_Cutaneous_branches_lateral_LABCDEFG,Inactive,Nervous_system/Abdomen/Common/T07_Cutaneous_branches_lateral_LABCDEFG
Female,Inactive,Ligament_system/Thorax/Repetition_with_Back/Female
Quadratus_plantae_456flexor_accessorius789_R,Inactive,Muscle_system/Lower_Limb_R/Common/Quadratus_plantae_456flexor_accessorius789_R
CN_05_456V789_Mental_R,Inactive,Nervous_system/Head_and_Neck/Common/CN_05_456V789_Mental_R
Anterior_cerebral_segment_R,Inactive,Artery_system/Head_and_Neck/Anterior_cerebral_segment_R
Jugulo246omohyoid_lymph_node_L,Inactive,Lymphatic_system/Head_and_Neck/Jugulo246omohyoid_lymph_node_L
L05_Dorsal_ramus_lateral_branch_male_L,Inactive,Nervous_system/Pelvis_and_Hip/MaleUVWXYZ/L05_Dorsal_ramus_lateral_branch_male_L
Subscapularis_L,Inactive,Muscle_system/Arm_L/Subscapularis_L
Lumbar_R_A,Inactive,Artery_system/Back/Lumbar_R_A
Pericallosal_R,Inactive,Artery_system/Head_and_Neck/Pericallosal_R
Superior_lateral_superficial_cervical_456external_jugular789_lymph_node_L,Inactive,Lymphatic_system/Head_and_Neck/Superior_lateral_superficial_cervical_456external_jugular789_lymph_node_L
L02_Dorsal_ramus_lateral_branch_male_L,Inactive,Nervous_system/Pelvis_and_Hip/MaleUVWXYZ/L02_Dorsal_ramus_lateral_branch_male_L
Iliofemoral_ligament_male_L,Inactive,Ligament_system/Lower_Limb_L/Male/Iliofemoral_ligament_male_L
S02_Ventral_root_female_L,Inactive,Nervous_system/Pelvis_and_Hip/FemaUVWXYZle/S02_Ventral_root_female_L
T11_Spinal_nerve_456ventral_ramus789_male_R,Inactive,Nervous_system/Thorax/Repetition_with_Abdomen/MaleABCDEFG/T11_Spinal_nerve_456ventral_ramus789_male_R
Bladder_R_half,Inactive,Reproductive_system/Pelvis_and_Hip/Male/Bladder_R_half
Arm_R,Inactive,Vein_system/Arm_R
Dorsal_scapular_456C04246C05789_R,Inactive,Nervous_system/Back/Common/Dorsal_scapular_456C04246C05789_R
T05_Dorsal_ramus_medial_branch_R,Inactive,Nervous_system/Back/Common/T05_Dorsal_ramus_medial_branch_R
Posterior_longitudinal_ligament_cervical_region_female_Head_and_Neck,Inactive,Ligament_system/Head_and_Neck/Repetition_with_Back/FeSKRmale/Posterior_longitudinal_ligament_cervical_region_female_Head_and_Neck
Hepatic_vein_intermediate,Inactive,Vein_system/Abdomen/Common/Hepatic_vein_intermediate
Lateral_sacral_lymph_nodes_male_R,Inactive,Lymphatic_system/Pelvis_and_Hip/OPQRSTMale/Lateral_sacral_lymph_nodes_male_R
Lateral_sacral_lymph_nodes_female_R,Inactive,Lymphatic_system/Pelvis_and_Hip/OPQRSTFemale/Lateral_sacral_lymph_nodes_female_R
Internal_pudendal_male_L_V,Inactive,Vein_system/Pelvis_and_Hip/Male/Internal_pudendal_male_L_V
Maxillary_sinus_L,Inactive,Skeleton_system/Head_and_Neck/Maxillary_sinus_L
Distal_perforating_branches_L_V,Inactive,Vein_system/Lower_Limb_L/Common/Distal_perforating_branches_L_V
C08_Dorsal_root_ganglion_L,Inactive,Nervous_system/Head_and_Neck/Common/C08_Dorsal_root_ganglion_L
Deep_fibular_456peroneal789_R,Inactive,Nervous_system/Lower_Limb_R/Common/Deep_fibular_456peroneal789_R
Tibia_leg_R,Inactive,Skeleton_system/Lower_Limb_R/Common/Tibia_leg_R
Inferior_vesical_male_L_V,Inactive,Vein_system/Pelvis_and_Hip/Male/Inferior_vesical_male_L_V
Back,Inactive,Skeleton_system/Back
Internal_iliac_plexus_female_R,Inactive,Nervous_system/Abdomen/Repetition_with_PelvisHip/FUVWXYZemale/Internal_iliac_plexus_female_R
Lateral_sacral_female_L_A,Active,Artery_system/Pelvis_and_Hip/Female/Lateral_sacral_female_L_A
Flexor_digiti_minimi_brevis_456foot789_R,Inactive,Muscle_system/Lower_Limb_R/Common/Flexor_digiti_minimi_brevis_456foot789_R
Anterior_longitudinal_ligament_cervical_region_female_Head_and_NeckABCDEFG,Inactive,Ligament_system/Back/Female/Anterior_longitudinal_ligament_cervical_region_female_Head_and_NeckABCDEFG
T01_Contribution_R,Inactive,Nervous_system/Thorax/Common/T01_Contribution_R
Radial_L_V,Inactive,Vein_system/Arm_L/Radial_L_V
Respiratory_system,Inactive,Respiratory_system
Triceps_456triceps_brachii789_tendon_R,Inactive,Muscle_system/Arm_R/Triceps_456triceps_brachii789_tendon_R
Inguinal_ligament_male_L,Inactive,Ligament_system/Pelvis_and_Hip/Male/Inguinal_ligament_male_L
T08_Dorsal_ramus_medial_branch_L,Inactive,Nervous_system/Back/Common/T08_Dorsal_ramus_medial_branch_L
Pulmonary_valve_annulus,Inactive,Artery_system/Thorax/heart/group6/Pulmonary_valve_annulus
Cerebellum_R,Inactive,Nervous_system/Head_and_Neck/Common/brain/Cerebellum/Cerebellum_R
Sacral_splanchnic_nerves_male_L,Inactive,Nervous_system/Abdomen/Repetition_with_PelvisHip/MUVWXYZale/Sacral_splanchnic_nerves_male_L
Ilium_male_L,Inactive,Skeleton_system/Pelvis_and_Hip/Male/Ilium_male_L
S04_Ventral_root_female_L,Inactive,Nervous_system/Pelvis_and_Hip/FemaUVWXYZle/S04_Ventral_root_female_L
ABCDEFG2nd_Proximal_phalanx_foot_L,Inactive,Skeleton_system/Lower_Limb_L/Common/ABCDEFG2nd_Proximal_phalanx_foot_L
Ileocolic357colic_branch_A,Inactive,Artery_system/Abdomen/Common/Ileocolic357colic_branch_A
Transverse_cervical_chain_of_lymph_nodes_L,Inactive,Lymphatic_system/Head_and_Neck/Transverse_cervical_chain_of_lymph_nodes_L
CN_07_456VII789_Zygomatic_L,Inactive,Nervous_system/Head_and_Neck/Common/CN_07_456VII789_Zygomatic_L
Thoracic_456sympathetic789_cardiac_branches_L,Inactive,Nervous_system/Thorax/Common/Thoracic_456sympathetic789_cardiac_branches_L
T07_VertebraABCDEFG,Inactive,Skeleton_system/Back/Common/T07_VertebraABCDEFG
Paratracheal_lymph_vessels_L,Inactive,Lymphatic_system/Thorax/Common/Paratracheal_lymph_vessels_L
Stomach_serosa_and_mucosa,Inactive,Digestive_system/Abdomen/Stomach_serosa_and_mucosa
Lymphatic_system,Active,Lymphatic_system
Foramen_ovale_L,Inactive,Skeleton_system/Head_and_Neck/Foramen_ovale_L
Bundle_branch_L,Inactive,Artery_system/Thorax/heart/group4/Bundle_branch_L
Pulmonary_veins_456base_of789_L,Inactive,Artery_system/Thorax/heart/Pulmonary_veins_456base_of789_L
Branches_of_the_lumbar_lymph_vessels_female,Inactive,Lymphatic_system/Abdomen/FemHIJKale/Branches_of_the_lumbar_lymph_vessels_female
Ganglionic_branches_L,Inactive,Nervous_system/Head_and_Neck/Common/Ganglionic_branches_L
L04_Spinal_nerve_male_R,Inactive,Nervous_system/Pelvis_and_Hip/MaleUVWXYZ/L04_Spinal_nerve_male_R
Posterior_sacroiliac_ligament_lower_male_L,Inactive,Ligament_system/Pelvis_and_Hip/Male/Posterior_sacroiliac_ligament_lower_male_L
Sympathetic_ganglion_lumbar_region_female_L,Inactive,Nervous_system/Pelvis_and_Hip/FemaUVWXYZle/Sympathetic_ganglion_lumbar_region_female_L
Medial_talocalcaneal_ligament_R,Inactive,Ligament_system/Lower_Limb_R/Common/Medial_talocalcaneal_ligament_R
T03_Dorsal_ramus_L,Inactive,Nervous_system/Back/Common/T03_Dorsal_ramus_L
Ulnar_recurrent_L,Inactive,Artery_system/Arm_L/Ulnar_recurrent_L
C07_Vertebra,Inactive,Skeleton_system/Head_and_Neck/C07_Vertebra
Dura_mater_lumbar_region_maleABCDEFG,Inactive,Nervous_system/Pelvis_and_Hip/MaleUVWXYZ/Dura_mater_lumbar_region_maleABCDEFG
L01_Dorsal_ramus_medial_branch_R,Active,Nervous_system/Pelvis_and_Hip/Common/L01_Dorsal_ramus_medial_branch_R
Deltoid_anterior_head_R,Inactive,Muscle_system/Arm_R/Deltoid_anterior_head_R
T03_Spinal_nerve_456ventral_ramus789_R,Inactive,Nervous_system/Thorax/Common/T03_Spinal_nerve_456ventral_ramus789_R
Intercostals_6540124611987_R,Inactive,Vein_system/Thorax/Intercostals_6540124611987_R
Triceps_456triceps_brachii789_tendon_L,Inactive,Muscle_system/Arm_L/Triceps_456triceps_brachii789_tendon_L
Superior_peroneal_retinaculum_R,Inactive,Ligament_system/Lower_Limb_R/Common/Superior_peroneal_retinaculum_R
Gingiva,Inactive,Digestive_system/Head_and_Neck/Gingiva
Renal_pelvis_L,Inactive,Urinary_system/Abdomen/Common/Renal_pelvis_L
Female_skin_labia_majora_R,Active,Skin_system/Pelvis_and_Hip/Female/Female_skin_labia_majora_R
Middle_temporal_branch_L,Inactive,Artery_system/Head_and_Neck/Middle_temporal_branch_L
Arm_L,Inactive,Vein_system/Arm_L
T03_Vertebra,Inactive,Skeleton_system/Thorax/Repetition_with_Back/T03_Vertebra
Internal_iliac_male_L_V,Inactive,Vein_system/Pelvis_and_Hip/Male/Internal_iliac_male_L_V
Bulbospongiosus_male_R,Inactive,Muscle_system/Pelvis_and_Hip/Male/Bulbospongiosus_male_R
Posterior_sacroiliac_ligament_lower_male_R,Inactive,Ligament_system/Pelvis_and_Hip/Male/Posterior_sacroiliac_ligament_lower_male_R
Superficial_inguinal_lymph_nodes_456horizontal_tract789_male_R,Inactive,Lymphatic_system/Pelvis_and_Hip/OPQRSTMale/Superficial_inguinal_lymph_nodes_456horizontal_tract789_male_R
Prepyloric,Inactive,Vein_system/Abdomen/Common/Prepyloric
Least_splanchnic_nerve_L,Inactive,Nervous_system/Thorax/Common/Least_splanchnic_nerve_L
T01_Cutaneous_branches_lateral_R,Inactive,Nervous_system/Thorax/Common/T01_Cutaneous_branches_lateral_R
Lung_R,Inactive,Respiratory_system/TABCDEFGhorax/Lung_R
Psoas_major_male_LABCDEFG,Inactive,Muscle_system/Pelvis_and_Hip/Male/Psoas_major_male_LABCDEFG
Pulmonary_veins_superior_R,Inactive,Artery_system/Thorax/heart/Pulmonary_veins_superior_R
Vaginal_R,Active,Artery_system/Pelvis_and_Hip/Female/Vaginal_R
Brachial_L_V,Inactive,Vein_system/Arm_L/Brachial_L_V
Commissura_anterior_R,Inactive,Nervous_system/Head_and_Neck/Common/brain/Commissura_anterior_R
Intertransverse_ligaments_lumbar_region_female_R,Inactive,Ligament_system/Back/Female/Intertransverse_ligaments_lumbar_region_female_R
Calcaneal_456of_medial_malleolus789_bursa_R,Inactive,Muscle_system/Lower_Limb_R/Common/Calcaneal_456of_medial_malleolus789_bursa_R
Gluteus_medius_female_L,Active,Muscle_system/Pelvis_and_Hip/Female/Gluteus_medius_female_L
L03_Dorsal_ramus_medial_branch_L,Active,Nervous_system/Pelvis_and_Hip/Common/L03_Dorsal_ramus_medial_branch_L
Vastus_intermedius_R,Inactive,Muscle_system/Lower_Limb_R/Common/Vastus_intermedius_R
Sternohyoid_R,Inactive,Muscle_system/Head_and_Neck/Sternohyoid_R
Transverse_cervical_L,Inactive,Nervous_system/Head_and_Neck/Common/Transverse_cervical_L
Splenic_456lienal789_V,Inactive,Vein_system/Abdomen/Common/Splenic_456lienal789_V
Intertransversarii_laterales_lumborum_male_R,Inactive,Muscle_system/Back/Male/Intertransversarii_laterales_lumborum_male_R
Posterior_cerebral_L,Inactive,Artery_system/Head_and_Neck/Posterior_cerebral_L
TABCDEFGhorax,Inactive,Respiratory_system/TABCDEFGhorax
T10_Cutaneous_branches_lateral_RABCDEFG,Inactive,Nervous_system/Abdomen/Common/T10_Cutaneous_branches_lateral_RABCDEFG
Female_skin_thorax_R,Active,Skin_system/Thorax/Female/Female_skin_thorax_R
Vocal_ligament_R,Inactive,Ligament_system/Head_and_Neck/Common/Vocal_ligament_R
Perforating_branches_L,Inactive,Vein_system/Lower_Limb_L/Common/Perforating_branches_L
Deep_plantar_arch_R,Inactive,Artery_system/Lower_Limb_R/Common/Deep_plantar_arch_R
